DV_pressure,Reservoirs,Oil_temperature,Motor_current,Oil_level,Fail
10042.0,-0.0219999999999984,10.04,72.32499999999999,below,0.0
-0.0079999999999991,1818.0,8.94,73.32499999999999,below,1.0
8704.0,-0.0219999999999984,8714.0,54725.0,below,1.0
-0.009999999999998,0.1359999999999992,9744.0,67.8,below,1.0
-0.0139999999999993,-0.0199999999999995,8884.0,57575.0,below,1.0
8.4,-0.0219999999999984,8416.0,50.42500000000001,below,1.0
9766.0,-0.0240000000000009,9776.0,69.04999999999998,below,1.0
-0.009999999999998,-0.0199999999999995,9618.0,56575.0,below,1.0
8704.0,-0.0219999999999984,8716.0,60475.0,below,1.0
-0.009999999999998,-0.0180000000000006,9472.0,68.6,below,1.0
9782.0,-0.0240000000000009,9782.0,72.22500000000001,below,0.0
8818.0,-0.0159999999999982,8832.0,68725.0,below,1.0
9322.0,-0.0159999999999982,9336.0,69.10000000000001,below,1.0
8728.0,-0.0199999999999995,8744.0,63.85000000000001,below,1.0
8418.0,-0.0180000000000006,8434.0,55.3,below,1.0
10054.0,-0.0180000000000006,10054.0,54.525000000000006,below,1.0
-0.0040000000000013,2.466000000000001,7.555999999999999,68.95,below,1.0
8.68,-0.0259999999999998,8688.0,57575.0,below,0.0
9274.0,-0.0219999999999984,9286.0,67.52499999999999,below,1.0
-0.0139999999999993,-0.0139999999999993,8506.0,65.14999999999999,below,1.0
-0.009999999999998,-0.0199999999999995,10022.0,56975.0,below,1.0
8.43,-0.0300000000000011,8.44,42.55,below,1.0
8616.0,-0.0159999999999982,8632.0,57575.0,below,1.0
-0.0139999999999993,-0.0240000000000009,9386.0,53.89999999999999,below,1.0
9328.0,-0.0180000000000006,9346.0,58.07500000000002,below,1.0
9072.0,-0.0180000000000006,9086.0,68.32499999999999,below,1.0
9136.0,-0.0219999999999984,9148.0,64475.0,below,1.0
9.2,-0.0180000000000006,9.22,59.000000000000014,below,1.0
8.22,-0.0199999999999995,8234.0,55.400000000000006,below,1.0
9.69,-0.0240000000000009,9702.0,63.94999999999999,below,1.0
9002.0,-0.0240000000000009,9016.0,56925.0,below,1.0
8974.0,-0.0199999999999995,8992.0,54.67500000000001,below,1.0
8.2,-0.0199999999999995,8216.0,48.900000000000006,below,1.0
8.43,-0.0219999999999984,8.44,55.2,below,1.0
9674.0,-0.0240000000000009,9686.0,63825.0,below,1.0
8146.0,-0.0240000000000009,8158.0,55.1,below,1.0
10056.0,-0.0240000000000009,10058.0,73.05,below,0.0
9218.0,-0.0240000000000009,9.23,55.69999999999999,below,1.0
8852.0,-0.0219999999999984,8866.0,57.72500000000001,below,1.0
-0.0159999999999982,-0.0219999999999984,8592.0,50.400000000000006,below,1.0
8422.0,-0.0259999999999998,8434.0,55.2,below,1.0
9.67,-0.0259999999999998,9684.0,52725.0,below,1.0
-0.009999999999998,-0.0199999999999995,10048.0,71.95,below,1.0
9526.0,-0.0180000000000006,9536.0,68575.0,below,1.0
-0.0060000000000002,2.26,7.52,68425.0,below,1.0
8.64,-0.0240000000000009,8652.0,53.49999999999999,below,1.0
-0.0240000000000009,-0.0259999999999998,8378.0,48175.0,below,1.0
-0.0139999999999993,-0.0219999999999984,9138.0,60.92500000000001,below,1.0
9454.0,-0.0180000000000006,9.47,57.80000000000001,below,1.0
-0.009999999999998,1.6760000000000002,8954.0,73.64999999999999,below,1.0
-0.0139999999999993,-0.0240000000000009,9632.0,54075.0,below,1.0
8.49,-0.0199999999999995,8502.0,53.95,below,1.0
8.24,-0.0219999999999984,8.25,60575.0,below,1.0
10008.0,-0.0259999999999998,10012.0,71.05,below,0.0
8272.0,-0.0199999999999995,8284.0,63.35,below,1.0
9.78,-0.0219999999999984,9.79,61.000000000000014,below,1.0
10062.0,-0.0199999999999995,10066.0,60.14999999999999,below,1.0
9124.0,-0.0219999999999984,9134.0,58.07500000000002,below,1.0
8.19,-0.0259999999999998,8202.0,50.49999999999999,below,1.0
9048.0,-0.0240000000000009,9.06,55.525000000000006,below,1.0
8554.0,-0.0300000000000011,8564.0,40675.0,below,1.0
8768.0,-0.0240000000000009,8778.0,59.67499999999998,below,0.0
8.82,-0.0199999999999995,8832.0,57.0,below,1.0
8324.0,-0.0240000000000009,8334.0,57.400000000000006,below,1.0
8462.0,-0.0159999999999982,8.48,56.62499999999999,below,1.0
9382.0,-0.0240000000000009,9394.0,66.07499999999999,below,1.0
9406.0,-0.0180000000000006,9416.0,66.52499999999999,below,1.0
8788.0,-0.0199999999999995,8804.0,60.45,below,1.0
8194.0,-0.0219999999999984,8208.0,59.94999999999999,below,1.0
8.91,-0.0219999999999984,8.92,57.67500000000001,below,1.0
9714.0,-0.0240000000000009,9726.0,67625.0,below,1.0
-0.009999999999998,-0.0199999999999995,10046.0,71.64999999999999,below,1.0
8082.0,-0.0240000000000009,8092.0,57375.0,below,1.0
-0.0219999999999984,-0.0240000000000009,8552.0,55.02499999999999,below,1.0
8238.0,-0.0240000000000009,8248.0,49.45,above,0.0
9146.0,-0.0219999999999984,9158.0,60475.0,below,1.0
9.77,-0.0159999999999982,9784.0,60175.0,below,1.0
8382.0,-0.0180000000000006,8396.0,62.87499999999999,below,1.0
8944.0,-0.0199999999999995,8958.0,57.80000000000001,below,1.0
0.2779999999999987,-0.0240000000000009,8062.0,55.80000000000001,below,1.0
8192.0,-0.0219999999999984,8204.0,53.2,below,1.0
9274.0,-0.0199999999999995,9292.0,55.62499999999999,below,1.0
8192.0,-0.0259999999999998,8204.0,55975.0,below,1.0
8314.0,-0.0240000000000009,8326.0,52.0,below,1.0
9614.0,-0.0240000000000009,9626.0,65.8,below,1.0
9.23,-0.0259999999999998,9244.0,54375.0,below,1.0
8702.0,-0.0159999999999982,8716.0,57.67500000000001,below,1.0
8888.0,-0.0180000000000006,8904.0,56.82499999999999,below,1.0
9.01,-0.0240000000000009,9022.0,54.2,below,1.0
8.27,-0.0199999999999995,8284.0,55375.0,below,1.0
8078.0,-0.0219999999999984,8096.0,54325.0,below,1.0
8.36,-0.0219999999999984,8.37,59575.0,below,1.0
8284.0,-0.0219999999999984,8296.0,53.1,below,1.0
8782.0,-0.0219999999999984,8798.0,54.400000000000006,below,1.0
9994.0,-0.0259999999999998,9998.0,70.55,below,1.0
8506.0,-0.0240000000000009,8518.0,56175.0,below,1.0
9032.0,-0.0240000000000009,9044.0,55.82499999999999,below,1.0
8146.0,-0.0199999999999995,8162.0,59.05,below,1.0
9.36,-0.0180000000000006,9378.0,57.60000000000001,below,1.0
8302.0,-0.0240000000000009,8312.0,54225.0,below,1.0
9014.0,-0.0240000000000009,9024.0,58375.0,below,0.0
9614.0,-0.0219999999999984,9628.0,53875.0,below,1.0
8932.0,-0.0219999999999984,8944.0,65.25000000000001,below,1.0
9594.0,-0.0279999999999986,9604.0,60.87499999999999,below,1.0
8802.0,-0.0259999999999998,8.81,57.1,below,0.0
10044.0,-0.0240000000000009,10046.0,58.875000000000014,below,1.0
9422.0,-0.0240000000000009,9436.0,61.97500000000001,below,1.0
8946.0,-0.0139999999999993,8968.0,57.69999999999999,below,1.0
9556.0,-0.0219999999999984,9568.0,56.60000000000001,below,1.0
-0.0139999999999993,-0.0139999999999993,8506.0,65.14999999999999,below,1.0
9186.0,-0.0219999999999984,9198.0,59.07500000000002,below,1.0
9144.0,-0.0159999999999982,9158.0,62175.0,below,1.0
-0.0060000000000002,1808.0,9446.0,74.37499999999999,below,1.0
-0.009999999999998,-0.0139999999999993,9244.0,64.07499999999999,below,1.0
9748.0,-0.0240000000000009,9.76,61375.0,below,1.0
-0.009999999999998,1.8900000000000008,8362.0,71.42500000000001,below,1.0
8.53,-0.0240000000000009,8.54,56.60000000000001,below,1.0
8096.0,-0.0159999999999982,8114.0,57.400000000000006,below,1.0
8798.0,-0.0199999999999995,8812.0,55375.0,below,1.0
9406.0,-0.0259999999999998,9416.0,57.94999999999999,below,1.0
-0.0120000000000004,0.1600000000000001,9476.0,73.35000000000001,below,0.0
10102.0,-0.0199999999999995,10104.0,71125.0,below,1.0
9.27,-0.0139999999999993,9288.0,59.05,below,1.0
8474.0,-0.0199999999999995,8486.0,59.3,below,1.0
8588.0,-0.0240000000000009,8.6,58.0,below,1.0
8246.0,-0.0240000000000009,8254.0,61475.0,below,0.0
9666.0,-0.009999999999998,9688.0,60.94999999999999,below,1.0
9446.0,-0.0240000000000009,9458.0,63.27499999999999,below,1.0
8808.0,-0.0199999999999995,8826.0,58125.0,below,1.0
8.22,-0.0240000000000009,8232.0,54.400000000000006,below,1.0
8536.0,-0.0240000000000009,8548.0,54225.0,below,1.0
9408.0,-0.0219999999999984,9418.0,65425.0,below,1.0
8964.0,-0.0219999999999984,8.98,50.625000000000014,below,1.0
9942.0,-0.0219999999999984,9948.0,67.25000000000001,below,1.0
8444.0,-0.0159999999999982,8.46,55.82499999999999,below,1.0
9484.0,-0.0219999999999984,9494.0,67.85000000000001,below,0.0
8068.0,-0.0180000000000006,8078.0,56.400000000000006,below,1.0
-0.009999999999998,0.7859999999999996,9.57,75.95,below,1.0
-0.009999999999998,1828.0,9.48,73.85,below,1.0
8186.0,-0.0199999999999995,8198.0,61.75,below,1.0
9.6,-0.0219999999999984,9612.0,54.69999999999999,below,1.0
8926.0,-0.0199999999999995,8.94,58.80000000000001,below,1.0
9422.0,-0.0219999999999984,9436.0,56.80000000000001,below,1.0
8284.0,-0.0240000000000009,8292.0,51.42500000000001,below,1.0
8158.0,-0.0180000000000006,8.17,64.6,above,0.0
8646.0,-0.0199999999999995,8658.0,61.45,below,1.0
8868.0,-0.0240000000000009,8878.0,54.1,below,1.0
9288.0,-0.0199999999999995,9.3,66.55,below,1.0
9758.0,-0.0180000000000006,9774.0,61.775000000000006,below,1.0
8348.0,-0.0219999999999984,8358.0,60.14999999999999,below,0.0
8.6,-0.0240000000000009,8612.0,58.5,below,1.0
-0.0060000000000002,2426.0,7504.0,68.75,below,1.0
10068.0,-0.0199999999999995,10.07,69.85,below,1.0
9446.0,-0.0199999999999995,9458.0,67.55,below,1.0
9.59,-0.0219999999999984,9602.0,62.000000000000014,below,1.0
9218.0,-0.0219999999999984,9.23,62.94999999999999,below,1.0
8716.0,-0.0199999999999995,8.73,51.69999999999999,below,1.0
8238.0,-0.0240000000000009,8248.0,49.45,below,1.0
-0.0199999999999995,-0.0180000000000006,8124.0,69.44999999999999,below,1.0
9572.0,-0.0219999999999984,9584.0,59625.0,below,1.0
8584.0,-0.0219999999999984,8598.0,62.14999999999999,below,1.0
9282.0,-0.0240000000000009,9294.0,64375.0,below,1.0
8.1,-0.0199999999999995,8114.0,54.69999999999999,below,1.0
9516.0,-0.0240000000000009,9.53,66.05000000000001,below,1.0
10032.0,-0.0259999999999998,10036.0,62375.0,below,1.0
9064.0,-0.0159999999999982,9082.0,57.80000000000001,below,1.0
-0.0180000000000006,-0.0240000000000009,8886.0,65.95,below,0.0
9556.0,-0.0159999999999982,9576.0,61.775000000000006,below,1.0
8964.0,-0.0199999999999995,8978.0,64.32500000000002,below,1.0
9444.0,-0.0219999999999984,9456.0,66.35,below,1.0
8198.0,-0.0199999999999995,8216.0,54.82499999999999,below,1.0
9258.0,-0.0199999999999995,9266.0,69.85,below,1.0
8582.0,-0.0240000000000009,8596.0,58.1,below,1.0
8708.0,-0.0240000000000009,8718.0,67.25000000000001,below,0.0
9422.0,-0.0199999999999995,9438.0,58.400000000000006,below,1.0
-0.0079999999999991,2228.0,8172.0,75.52499999999999,below,1.0
-0.0300000000000011,-0.0259999999999998,8116.0,51.625000000000014,below,0.0
8574.0,-0.0199999999999995,8588.0,50.625000000000014,below,1.0
9556.0,-0.0219999999999984,9566.0,63.79999999999998,below,1.0
8926.0,-0.0180000000000006,8938.0,57.875000000000014,below,1.0
8.62,-0.0219999999999984,8632.0,66.25000000000001,below,1.0
-0.0120000000000004,-0.0180000000000006,9112.0,66.45,below,1.0
9.6,-0.0180000000000006,9612.0,61.07499999999999,below,1.0
8984.0,-0.0240000000000009,8992.0,65375.0,below,0.0
9.13,-0.0240000000000009,9142.0,54.25,below,1.0
9542.0,-0.0219999999999984,9552.0,64.1,below,1.0
-0.0079999999999991,2436.0,7516.0,68.22500000000001,below,1.0
9706.0,-0.0199999999999995,9718.0,68.95,below,1.0
-0.0120000000000004,-0.0180000000000006,9122.0,53.49999999999999,below,1.0
8564.0,-0.0159999999999982,8.58,58175.0,below,1.0
-0.0259999999999998,-0.0219999999999984,8074.0,57.1,below,1.0
8512.0,-0.0219999999999984,8524.0,55.525000000000006,below,1.0
-0.009999999999998,-0.0219999999999984,9848.0,64.12500000000001,below,1.0
9518.0,-0.0219999999999984,9526.0,67.32499999999999,below,0.0
8.73,-0.0180000000000006,8748.0,65725.0,below,1.0
9386.0,-0.0219999999999984,9.4,64.99999999999999,below,1.0
9534.0,-0.0259999999999998,9544.0,60.60000000000001,below,1.0
8.95,-0.0159999999999982,8968.0,57.35,below,1.0
9258.0,-0.0219999999999984,9272.0,66025.0,below,1.0
8064.0,-0.0199999999999995,8078.0,49.1,below,1.0
8.66,-0.0159999999999982,8672.0,67.35,below,1.0
-0.009999999999998,0.7199999999999989,8674.0,74.35000000000001,below,1.0
9228.0,-0.0219999999999984,9.24,54.85,below,1.0
9534.0,-0.0180000000000006,9548.0,55.62499999999999,below,1.0
8306.0,-0.0199999999999995,8318.0,54.525000000000006,below,1.0
-0.0060000000000002,2458.0,7.518000000000001,69.85,below,1.0
8226.0,-0.0159999999999982,8238.0,64.72500000000001,below,1.0
9.3,-0.0240000000000009,9312.0,59.1,below,1.0
9246.0,-0.0199999999999995,9.26,68.65,below,1.0
9892.0,-0.0240000000000009,9898.0,69.35,below,1.0
8.84,-0.0180000000000006,8856.0,55.60000000000001,below,1.0
9.49,-0.0219999999999984,9502.0,63.14999999999999,below,1.0
8864.0,-0.0199999999999995,8878.0,57.80000000000001,below,1.0
8438.0,-0.0240000000000009,8452.0,57.85,below,1.0
9.73,-0.0180000000000006,9742.0,67.45000000000002,below,1.0
-0.0139999999999993,-0.0139999999999993,8506.0,65.14999999999999,below,1.0
9.06,-0.0219999999999984,9076.0,62.6,below,1.0
8366.0,-0.0219999999999984,8378.0,59.650000000000006,below,1.0
8836.0,-0.0199999999999995,8852.0,57.92500000000001,below,1.0
9518.0,-0.0240000000000009,9.53,66.35,below,1.0
9092.0,-0.0219999999999984,9104.0,60575.0,below,1.0
9.05,-0.0139999999999993,9.07,61.07499999999999,below,1.0
8652.0,-0.0219999999999984,8666.0,61.60000000000001,below,1.0
9.04,-0.0219999999999984,9056.0,57.80000000000001,below,1.0
8288.0,-0.0139999999999993,8.31,57125.0,below,1.0
9406.0,-0.0219999999999984,9.42,60.87499999999999,below,1.0
8902.0,-0.0240000000000009,8914.0,55.72500000000001,below,1.0
-0.0120000000000004,0.3719999999999999,9576.0,74.44999999999999,above,0.0
-0.0120000000000004,-0.0199999999999995,9782.0,71.24999999999999,below,1.0
9822.0,-0.0259999999999998,9828.0,67475.0,below,0.0
8372.0,-0.0199999999999995,8.38,57125.0,below,1.0
9626.0,-0.0259999999999998,9638.0,66.75,below,1.0
9648.0,-0.0240000000000009,9.66,57.89999999999999,below,1.0
8158.0,-0.0180000000000006,8.17,64.6,below,1.0
-0.009999999999998,-0.0199999999999995,9.29,55425.0,below,1.0
9544.0,-0.0199999999999995,9562.0,60.87499999999999,below,1.0
8574.0,-0.0180000000000006,8.59,51.8,below,1.0
9258.0,-0.0240000000000009,9.27,64.1,below,1.0
-0.0079999999999991,1.998000000000001,8742.0,74.47500000000001,below,1.0
8158.0,-0.0180000000000006,8.17,64.6,below,1.0
9524.0,-0.0180000000000006,9538.0,69.44999999999999,below,1.0
9092.0,-0.0079999999999991,9114.0,63.125000000000014,below,1.0
9.74,-0.0259999999999998,9.75,66.07499999999999,below,1.0
8.49,-0.0259999999999998,8506.0,57.0,below,1.0
10064.0,-0.0219999999999984,10064.0,58.89999999999999,below,1.0
9268.0,-0.0240000000000009,9.28,56.72500000000001,below,1.0
8298.0,-0.0279999999999986,8306.0,58.07500000000002,below,0.0
8358.0,-0.0219999999999984,8.37,54.62499999999999,below,1.0
8368.0,-0.0159999999999982,8382.0,55.2,below,1.0
8544.0,-0.0199999999999995,8556.0,53225.0,below,1.0
8394.0,-0.0180000000000006,8.41,56.69999999999999,below,1.0
8074.0,-0.0219999999999984,8088.0,49575.0,below,1.0
10026.0,-0.0180000000000006,10.03,58.47500000000001,below,1.0
8276.0,-0.0199999999999995,8.29,62.07499999999999,below,1.0
8818.0,-0.0159999999999982,8832.0,68.45000000000002,below,1.0
8536.0,-0.0219999999999984,8548.0,53.3,below,1.0
9616.0,-0.0240000000000009,9628.0,64875.0,below,1.0
8532.0,-0.0219999999999984,8544.0,59.87499999999999,below,1.0
8.81,-0.0199999999999995,8826.0,55.72500000000001,below,1.0
-0.0180000000000006,-0.0219999999999984,8474.0,52.42500000000001,below,1.0
8.34,-0.0240000000000009,8352.0,53.275000000000006,below,1.0
8.17,-0.0159999999999982,8188.0,55.62499999999999,below,1.0
-0.0139999999999993,-0.0240000000000009,9134.0,51.2,below,1.0
8724.0,-0.0159999999999982,8742.0,58.775000000000006,below,1.0
9048.0,-0.0219999999999984,9.06,57.0,below,1.0
-0.0079999999999991,2.0,8738.0,74.64999999999999,below,1.0
-0.0240000000000009,-0.0199999999999995,8058.0,54.95000000000002,below,1.0
9188.0,-0.0240000000000009,9.2,53.1,below,1.0
8454.0,-0.0240000000000009,8468.0,54.89999999999999,below,1.0
10074.0,-0.0139999999999993,10078.0,64.7,below,1.0
-0.0040000000000013,1.9280000000000008,7.880000000000001,76.69999999999999,below,1.0
9548.0,-0.0199999999999995,9566.0,60.400000000000006,below,1.0
8054.0,-0.0219999999999984,8.07,47625.0,below,1.0
8784.0,-0.0199999999999995,8796.0,61.650000000000006,below,1.0
9914.0,-0.0219999999999984,9922.0,65875.0,below,1.0
8092.0,-0.0219999999999984,8104.0,50975.0,below,1.0
10.17,-0.0180000000000006,10166.0,68.32499999999999,below,1.0
8158.0,-0.0180000000000006,8.17,64.6,below,1.0
9606.0,-0.0180000000000006,9624.0,69925.0,below,1.0
-0.0139999999999993,-0.0139999999999993,8506.0,65.14999999999999,below,1.0
9908.0,-0.0219999999999984,9914.0,71.24999999999999,below,1.0
8996.0,-0.0240000000000009,9006.0,61575.0,below,0.0
8218.0,-0.0199999999999995,8232.0,53725.0,below,1.0
-0.0120000000000004,0.652000000000001,9728.0,74175.0,below,0.0
8.2,-0.0159999999999982,8214.0,63.525000000000006,below,1.0
-0.0159999999999982,-0.0180000000000006,8692.0,62.97500000000001,below,1.0
8.77,-0.0240000000000009,8784.0,54.0,below,1.0
8.21,-0.0199999999999995,8224.0,58.94999999999999,below,1.0
9314.0,-0.0199999999999995,9328.0,63175.0,below,1.0
8366.0,-0.0219999999999984,8376.0,57.2,below,1.0
9176.0,-0.0159999999999982,9194.0,58.7,below,1.0
8134.0,-0.0199999999999995,8148.0,53.67500000000001,below,1.0
8434.0,-0.0180000000000006,8452.0,62.07499999999999,below,1.0
9062.0,-0.0240000000000009,9076.0,56.67500000000001,below,1.0
8712.0,-0.0139999999999993,8728.0,59.07500000000002,below,1.0
8586.0,-0.0219999999999984,8598.0,56.525000000000006,below,1.0
8998.0,-0.0240000000000009,9.01,59575.0,below,1.0
9328.0,-0.0199999999999995,9.34,66.27499999999999,below,1.0
9614.0,-0.0180000000000006,9628.0,68075.0,below,1.0
8146.0,-0.0240000000000009,8158.0,56.35,below,1.0
9956.0,-0.0240000000000009,9.96,69.97500000000001,below,0.0
8.8,-0.0240000000000009,8812.0,56.3,below,1.0
10026.0,-0.0219999999999984,10024.0,70.8,below,1.0
-0.0079999999999991,1.2420000000000009,8.7,74.47500000000001,below,1.0
-0.0120000000000004,-0.0219999999999984,9802.0,48725.0,below,1.0
8268.0,-0.0219999999999984,8276.0,53.2,below,1.0
8934.0,-0.0180000000000006,8.95,56.0,below,1.0
8948.0,-0.0199999999999995,8964.0,62.7,below,1.0
9.78,-0.0120000000000004,9798.0,61.85000000000001,below,1.0
9.06,-0.0219999999999984,9.07,58375.0,below,1.0
-0.009999999999998,-0.0199999999999995,9434.0,67825.0,below,1.0
9892.0,-0.0180000000000006,9904.0,71.64999999999999,below,1.0
8936.0,-0.0159999999999982,8952.0,57.3,below,1.0
8328.0,-0.0219999999999984,8344.0,52125.0,below,1.0
9158.0,-0.0159999999999982,9176.0,60175.0,below,1.0
8352.0,-0.0240000000000009,8364.0,57.80000000000001,below,0.0
8302.0,-0.0219999999999984,8314.0,59.3,below,1.0
9616.0,-0.0219999999999984,9624.0,64.39999999999999,below,1.0
8124.0,-0.0199999999999995,8.14,52.77499999999999,below,1.0
8322.0,-0.0240000000000009,8332.0,54.47500000000001,below,1.0
9418.0,-0.0240000000000009,9424.0,57.0,below,0.0
9.35,-0.0240000000000009,9.36,64.9,below,1.0
8306.0,-0.0259999999999998,8318.0,59.25,below,1.0
9086.0,-0.0240000000000009,9098.0,66.3,below,1.0
8274.0,-0.0240000000000009,8284.0,55.89999999999999,below,1.0
9028.0,-0.0199999999999995,9042.0,67925.0,below,1.0
8134.0,-0.0259999999999998,8146.0,54.57499999999999,below,1.0
8.62,-0.0240000000000009,8626.0,55.400000000000006,below,0.0
-0.0120000000000004,-0.0219999999999984,9566.0,63825.0,below,1.0
-0.0240000000000009,-0.0240000000000009,8352.0,48.85000000000001,below,1.0
-0.0060000000000002,1946.0,7914.0,76.4,below,1.0
9408.0,-0.0139999999999993,9428.0,60125.0,below,1.0
8718.0,-0.0240000000000009,8732.0,55.750000000000014,below,1.0
9092.0,-0.0240000000000009,9106.0,59.45,below,1.0
-32.0,-0.0240000000000009,8.11,48.45,below,1.0
8514.0,-0.0219999999999984,8528.0,55.0,below,1.0
8928.0,-0.0240000000000009,8.94,60.000000000000014,below,1.0
9408.0,-0.0139999999999993,9424.0,65575.0,below,1.0
-0.0180000000000006,-0.0199999999999995,8602.0,62.45,below,1.0
8964.0,-0.0219999999999984,8974.0,57375.0,below,1.0
9788.0,-0.0240000000000009,9796.0,68.27499999999999,below,1.0
9908.0,3996.0,10202.0,71.75,above,1.0
9822.0,-0.0240000000000009,9832.0,63.7,below,1.0
8148.0,-0.0219999999999984,8162.0,55.525000000000006,below,1.0
8.17,-0.0180000000000006,8186.0,54725.0,below,1.0
8068.0,-0.0240000000000009,8078.0,51.29999999999998,below,1.0
-0.0139999999999993,-0.0139999999999993,8506.0,65.14999999999999,below,1.0
8802.0,-0.0199999999999995,8816.0,65.12500000000001,below,1.0
9.27,-0.0259999999999998,9282.0,64.14999999999999,below,1.0
8834.0,-0.0199999999999995,8852.0,52.3,below,1.0
8678.0,-0.0219999999999984,8692.0,54.60000000000001,below,1.0
8248.0,-0.0219999999999984,8262.0,50.55000000000001,below,1.0
9146.0,-0.0240000000000009,9158.0,55.62499999999999,below,1.0
-0.009999999999998,-0.0139999999999993,9424.0,72.2,below,1.0
8698.0,-0.0180000000000006,8714.0,56.80000000000001,below,1.0
8584.0,-0.0219999999999984,8596.0,59.400000000000006,below,1.0
-0.009999999999998,0.7080000000000002,8628.0,76.35000000000001,below,1.0
-0.0120000000000004,1.3979999999999997,9974.0,67775.0,below,1.0
9652.0,-0.0240000000000009,9662.0,65.97500000000001,below,1.0
8416.0,-0.0219999999999984,8.43,51.75,below,1.0
9846.0,-0.0259999999999998,9854.0,66.6,below,0.0
8684.0,-0.0219999999999984,8696.0,54.60000000000001,below,1.0
8512.0,-0.0219999999999984,8524.0,55225.0,below,1.0
8.32,-0.0159999999999982,8336.0,60.25,below,1.0
9386.0,-0.0219999999999984,9.4,59575.0,below,1.0
8288.0,-0.0259999999999998,8.3,55.82499999999999,below,1.0
-0.0159999999999982,-0.0240000000000009,9496.0,62.45,below,0.0
10146.0,-0.0219999999999984,10142.0,72.22500000000001,below,0.0
8604.0,-0.0139999999999993,8622.0,60.87499999999999,below,1.0
8684.0,-0.0199999999999995,8698.0,53.25,below,1.0
-0.009999999999998,2068.0,7824.0,75025.0,below,1.0
8626.0,-0.0240000000000009,8.64,52325.0,below,1.0
9346.0,-0.0219999999999984,9358.0,65.25000000000001,below,1.0
8432.0,-0.0219999999999984,8446.0,50.42500000000001,below,1.0
9462.0,-0.0199999999999995,9.47,65.17500000000001,below,1.0
9.21,-0.0219999999999984,9222.0,66.14999999999999,below,1.0
8426.0,-0.0219999999999984,8438.0,54.0,below,1.0
9.09,-0.0219999999999984,9.1,56.72500000000001,below,1.0
8282.0,-0.0219999999999984,8296.0,51.150000000000006,below,1.0
-0.0139999999999993,-0.0139999999999993,8506.0,65.14999999999999,below,1.0
8582.0,-0.0180000000000006,8594.0,58625.0,below,1.0
9304.0,-0.0199999999999995,9.32,57.60000000000001,below,1.0
8074.0,-0.0079999999999991,8096.0,63.35,below,1.0
8856.0,-0.0159999999999982,8876.0,56.80000000000001,below,1.0
10098.0,-0.0180000000000006,10098.0,72.32499999999999,below,1.0
9468.0,-0.0159999999999982,9486.0,58375.0,below,1.0
9.04,-0.0199999999999995,9056.0,57325.0,below,1.0
8212.0,-0.0259999999999998,8218.0,58.2,below,0.0
9042.0,-0.0159999999999982,9056.0,68425.0,below,1.0
9378.0,-0.0240000000000009,9388.0,65.97500000000001,below,1.0
8664.0,-0.0240000000000009,8.68,57.94999999999999,below,1.0
-0.0079999999999991,2.0279999999999987,7.721999999999999,73925.0,below,1.0
-0.0120000000000004,-0.0199999999999995,9826.0,73.15,below,0.0
9052.0,-0.0259999999999998,9064.0,58125.0,below,1.0
9622.0,-0.0139999999999993,9644.0,62.000000000000014,below,1.0
8.75,-0.0219999999999984,8.76,56.275000000000006,below,1.0
8.98,-0.0240000000000009,8988.0,64.45,below,0.0
10118.0,-0.0219999999999984,10116.0,67.07499999999999,below,1.0
8138.0,-0.0159999999999982,8.15,63.05000000000001,below,1.0
-0.0139999999999993,-0.0219999999999984,9172.0,49625.0,below,1.0
8942.0,-0.0180000000000006,8956.0,64.12500000000001,below,1.0
8126.0,-0.0240000000000009,8138.0,49875.0,below,1.0
-0.0060000000000002,2014.0,8906.0,72.32499999999999,below,1.0
8772.0,-0.0259999999999998,8786.0,49225.0,below,1.0
8814.0,-0.0240000000000009,8826.0,61175.0,below,1.0
9.7,-0.0240000000000009,9.71,62.20000000000002,below,1.0
8344.0,-0.0159999999999982,8356.0,62575.0,below,1.0
9816.0,-0.0240000000000009,9826.0,57.82499999999999,below,1.0
-0.0159999999999982,-0.0120000000000004,8254.0,65.99999999999999,below,1.0
9036.0,-0.0240000000000009,9048.0,57175.0,below,1.0
8858.0,-0.0219999999999984,8.87,58.89999999999999,below,1.0
9.03,-0.0240000000000009,9044.0,59.89999999999999,below,1.0
9056.0,-0.0259999999999998,9064.0,44.89999999999999,below,0.0
8.7,-0.0279999999999986,8712.0,50.1,below,1.0
-0.0120000000000004,718.0,8674.0,74.44999999999999,below,1.0
8518.0,-0.0219999999999984,8526.0,59.60000000000001,below,0.0
9892.0,-0.0139999999999993,9908.0,74.52499999999999,below,1.0
8078.0,-0.0139999999999993,8096.0,57.0,below,1.0
8978.0,-0.0219999999999984,8992.0,58.47500000000001,below,1.0
9004.0,-0.0180000000000006,9018.0,67.5,below,1.0
8656.0,-0.0219999999999984,8672.0,51.2,below,1.0
9012.0,-0.0159999999999982,9.03,58575.0,below,1.0
9296.0,-0.0079999999999991,9318.0,65675.0,below,1.0
9.78,-0.0240000000000009,9.79,64.85000000000001,below,1.0
9006.0,-0.0199999999999995,9018.0,66.97500000000001,below,1.0
9166.0,-0.0240000000000009,9184.0,52.64999999999999,below,1.0
9.84,-0.0199999999999995,9.85,70075.0,below,1.0
8298.0,-0.0219999999999984,8.31,52.400000000000006,below,1.0
-0.0279999999999986,-0.0219999999999984,8068.0,50.42500000000001,below,1.0
10122.0,-0.0240000000000009,10122.0,68.55,below,1.0
9.35,-0.0240000000000009,9.36,65.10000000000001,below,0.0
8.26,-0.0240000000000009,8272.0,55325.0,below,1.0
8422.0,-0.0199999999999995,8436.0,60.27499999999999,below,1.0
9716.0,-0.0180000000000006,9728.0,65.95,below,1.0
9626.0,-0.0219999999999984,9.64,66.85000000000001,below,1.0
-0.0139999999999993,-0.0139999999999993,8506.0,65.14999999999999,below,1.0
9248.0,-0.0259999999999998,9254.0,58.25,below,0.0
10096.0,-0.0240000000000009,10.09,70.52499999999999,below,1.0
9718.0,-0.0259999999999998,9.73,63.97500000000001,below,1.0
8.68,-0.0180000000000006,8698.0,57.5,below,1.0
9004.0,-0.0180000000000006,9016.0,58.1,below,1.0
-0.0159999999999982,-0.0199999999999995,8888.0,62.125000000000014,below,1.0
-0.0079999999999991,2032.0,8974.0,74.35000000000001,below,1.0
9378.0,-0.0279999999999986,9382.0,65875.0,below,0.0
-0.0120000000000004,-0.0240000000000009,9978.0,60.07499999999999,below,1.0
9644.0,-0.0219999999999984,9656.0,63375.0,below,1.0
8.12,-0.0240000000000009,8.13,53.49999999999999,below,1.0
9646.0,0.0039999999999995,9.64,67.6,below,1.0
9916.0,-0.0159999999999982,9.93,64.45,below,1.0
8404.0,-0.0219999999999984,8418.0,60.27499999999999,below,1.0
9058.0,-0.0219999999999984,9.07,58575.0,below,1.0
9026.0,-0.0180000000000006,9042.0,59625.0,below,1.0
9.22,-0.0219999999999984,9234.0,58.60000000000001,below,1.0
8.2,-0.0159999999999982,8218.0,55325.0,below,1.0
8.96,-0.0180000000000006,8972.0,64.14999999999999,below,1.0
8626.0,-0.0240000000000009,8.64,52.3,below,1.0
8274.0,-0.0240000000000009,8284.0,55.89999999999999,below,1.0
8974.0,-0.0199999999999995,8988.0,65.97500000000001,below,1.0
-0.0279999999999986,-0.0240000000000009,8034.0,50.6,below,1.0
9076.0,-0.0219999999999984,9088.0,60325.0,below,1.0
8158.0,-0.0180000000000006,8.17,64.6,below,1.0
8158.0,-0.0180000000000006,8.17,64.6,below,1.0
8316.0,-0.0219999999999984,8.33,49925.0,below,1.0
9634.0,-0.0240000000000009,9644.0,59.07500000000002,below,1.0
9.68,-0.0240000000000009,9692.0,62.79999999999998,below,1.0
8638.0,-0.0219999999999984,8648.0,55975.0,below,1.0
8134.0,-0.0240000000000009,8146.0,47.02499999999999,below,1.0
8794.0,-0.0240000000000009,8806.0,59225.0,below,1.0
8.24,-0.0219999999999984,8254.0,52.60000000000001,below,1.0
9274.0,-0.0180000000000006,9.29,65875.0,below,1.0
9412.0,-0.0240000000000009,9424.0,64.99999999999999,below,1.0
9086.0,-0.0159999999999982,9102.0,61825.0,below,1.0
9.41,-0.0219999999999984,9422.0,62475.0,below,1.0
8.84,-0.0219999999999984,8852.0,56.400000000000006,below,1.0
-0.0139999999999993,-0.0219999999999984,9204.0,69.75,below,1.0
9078.0,-0.0219999999999984,9.09,64.99999999999999,below,1.0
8824.0,-0.0219999999999984,8836.0,56.82499999999999,below,1.0
8336.0,-0.0240000000000009,8348.0,57.2,below,1.0
8876.0,-0.0199999999999995,8.89,62.92500000000001,below,1.0
8444.0,-0.0240000000000009,8454.0,55.45,below,1.0
9058.0,-0.0219999999999984,9074.0,53.62499999999999,below,1.0
9.72,-0.0240000000000009,9732.0,64375.0,below,1.0
8728.0,-0.0259999999999998,8742.0,57975.0,below,1.0
8158.0,-0.0180000000000006,8.17,64.6,above,0.0
8148.0,-0.0219999999999984,8.16,50.57499999999999,below,1.0
8784.0,-0.0159999999999982,8804.0,57.92500000000001,below,1.0
8976.0,-0.0240000000000009,8.99,59.85000000000001,below,1.0
9.08,-0.0180000000000006,9094.0,66.14999999999999,below,1.0
9084.0,-0.0199999999999995,9102.0,58.0,below,1.0
8154.0,-0.0219999999999984,8166.0,46925.0,below,1.0
8702.0,-0.0219999999999984,8714.0,55.400000000000006,below,1.0
9598.0,-0.0159999999999982,9614.0,56.5,below,1.0
8.61,-0.0139999999999993,8628.0,57.1,below,1.0
9158.0,-0.0219999999999984,9.17,60.900000000000006,below,1.0
9324.0,-0.0259999999999998,9.33,66.35,below,0.0
8238.0,-0.0240000000000009,8.25,51.55000000000001,below,1.0
9416.0,-0.0259999999999998,9428.0,58.1,below,1.0
8696.0,-0.0199999999999995,8708.0,56.400000000000006,below,1.0
8408.0,-0.0199999999999995,8424.0,55.80000000000001,below,1.0
8184.0,-0.0219999999999984,8196.0,50.75,below,1.0
8.18,-0.0139999999999993,8196.0,58.0,below,1.0
9.22,-0.0120000000000004,9242.0,61.87499999999999,below,1.0
9124.0,-0.0219999999999984,9134.0,55925.0,below,1.0
9018.0,-0.0199999999999995,9034.0,66.35,below,1.0
9674.0,-0.0219999999999984,9688.0,67.17500000000001,below,1.0
8726.0,-0.0240000000000009,8.74,56325.0,below,1.0
-0.0079999999999991,-0.0120000000000004,9488.0,64.45,below,1.0
9608.0,-0.0219999999999984,9.62,70.15,below,1.0
8856.0,-0.0199999999999995,8.87,56.60000000000001,below,1.0
-0.0079999999999991,-0.0139999999999993,7.226000000000001,58375.0,below,1.0
8908.0,-0.0219999999999984,8922.0,65.85000000000001,below,1.0
9658.0,-0.0240000000000009,9.67,62.07499999999999,below,1.0
8144.0,-0.0199999999999995,8158.0,60.3,below,1.0
8558.0,-0.0219999999999984,8568.0,54.42499999999998,below,1.0
9732.0,-0.0180000000000006,9744.0,70.15,below,1.0
8856.0,-0.0219999999999984,8.87,49.5,below,1.0
9538.0,-0.0259999999999998,9546.0,60425.0,below,0.0
9628.0,-0.0139999999999993,9644.0,70.55,below,1.0
8.37,-0.0240000000000009,8378.0,57575.0,below,0.0
8762.0,-0.0219999999999984,8776.0,56.60000000000001,below,1.0
8408.0,-0.0259999999999998,8414.0,68925.0,below,0.0
9568.0,-0.0219999999999984,9584.0,64375.0,below,1.0
9458.0,-0.0219999999999984,9472.0,67.55,below,1.0
9476.0,-0.0259999999999998,9.49,65625.0,below,1.0
9.34,-0.0180000000000006,9.35,69.15,below,1.0
-0.009999999999998,-0.0199999999999995,9.63,66.32499999999999,below,1.0
-0.0060000000000002,-0.0199999999999995,6478.0,50.8,below,1.0
8698.0,-0.0180000000000006,8712.0,62425.0,below,1.0
-0.009999999999998,1628.0,8406.0,75.49999999999999,below,1.0
-0.0159999999999982,-0.0219999999999984,8824.0,54.80000000000001,below,1.0
9128.0,-0.0159999999999982,9146.0,58.45,below,1.0
-0.0060000000000002,2.1900000000000013,8.14,75.8,below,1.0
9728.0,-0.0120000000000004,9738.0,73.42500000000001,below,1.0
8584.0,-0.0240000000000009,8596.0,49.52499999999999,below,1.0
9892.0,-0.0159999999999982,9898.0,71.42500000000001,below,1.0
-0.0240000000000009,-0.0199999999999995,8208.0,55.67500000000001,below,1.0
8436.0,-0.0180000000000006,8.45,63.775000000000006,below,1.0
8554.0,-0.0219999999999984,8566.0,59575.0,below,1.0
8528.0,-0.0159999999999982,8546.0,56.80000000000001,below,1.0
-0.0060000000000002,1.9400000000000013,8606.0,76.6,below,1.0
9146.0,-0.0240000000000009,9.16,51125.0,below,1.0
8906.0,-0.0300000000000011,8918.0,37725.0,below,1.0
8242.0,-0.0219999999999984,8256.0,58.07500000000002,below,1.0
-0.0079999999999991,2.42,7.513999999999999,69.32499999999999,below,1.0
9504.0,-0.0240000000000009,9516.0,63.27499999999999,below,1.0
10106.0,-0.0259999999999998,10106.0,56.400000000000006,below,1.0
8216.0,-0.0240000000000009,8228.0,53.1,below,1.0
-0.0079999999999991,2232.0,8.17,75.42500000000001,below,1.0
8352.0,-0.0240000000000009,8362.0,47.25,below,1.0
9816.0,-0.0219999999999984,9828.0,64.95,below,1.0
8096.0,-0.0240000000000009,8106.0,50325.0,below,1.0
10028.0,-0.0240000000000009,10034.0,63.94999999999999,below,1.0
8244.0,-0.0219999999999984,8256.0,57.02499999999999,below,1.0
8104.0,-0.0219999999999984,8114.0,51.49999999999999,below,1.0
9124.0,-0.0139999999999993,9.14,58.525000000000006,below,1.0
8564.0,-0.0159999999999982,8.58,67.52499999999999,below,1.0
-0.0139999999999993,-0.0139999999999993,8506.0,65.14999999999999,below,1.0
-0.0060000000000002,1.7699999999999996,9074.0,77.0,below,1.0
8644.0,-0.0199999999999995,8658.0,57.775000000000006,below,1.0
-0.0139999999999993,-0.0139999999999993,8506.0,65.14999999999999,above,0.0
9862.0,-0.0180000000000006,9874.0,59.35,below,1.0
8794.0,-0.0219999999999984,8806.0,58.80000000000001,below,1.0
-0.0060000000000002,1.8200000000000005,7568.0,69075.0,below,1.0
9.19,-0.0219999999999984,9198.0,63.19999999999999,below,0.0
9942.0,-0.0219999999999984,9952.0,66.45,below,1.0
8274.0,-0.0219999999999984,8.29,55.0,below,1.0
9818.0,-0.0219999999999984,9828.0,65.32500000000002,below,1.0
9236.0,-0.0259999999999998,9248.0,58.1,below,1.0
8.59,-0.0219999999999984,8604.0,62.07499999999999,below,1.0
8976.0,-0.0219999999999984,8988.0,63575.0,below,0.0
8268.0,-0.0219999999999984,8278.0,54.3,below,1.0
-0.0079999999999991,0.6539999999999999,9182.0,77.35000000000001,below,1.0
9812.0,-0.0219999999999984,9824.0,64.55,below,1.0
8826.0,-0.0199999999999995,8836.0,59.000000000000014,below,1.0
9.36,-0.0259999999999998,9374.0,55.85,below,1.0
-0.0120000000000004,1984.0,7948.0,73.42500000000001,below,1.0
-0.0079999999999991,-0.0199999999999995,8.3,70.55,below,1.0
8.8,-0.0259999999999998,8.81,51.8,below,1.0
9.12,-0.0240000000000009,9132.0,57.14999999999999,below,1.0
9674.0,-0.0199999999999995,9686.0,66.8,below,1.0
9798.0,-0.0240000000000009,9808.0,65.14999999999999,below,1.0
8958.0,-0.0219999999999984,8.97,57375.0,below,1.0
-0.0139999999999993,-0.0199999999999995,9092.0,62575.0,below,1.0
8788.0,-0.0139999999999993,8.81,57.1,below,1.0
10112.0,-0.0259999999999998,10112.0,63.27499999999999,below,1.0
8158.0,-0.0180000000000006,8.17,64.6,below,1.0
9496.0,-0.0199999999999995,9514.0,52.35000000000001,below,1.0
8096.0,-0.0159999999999982,8112.0,56.275000000000006,below,1.0
8906.0,-0.0219999999999984,8918.0,58375.0,below,1.0
10116.0,1.2560000000000002,10132.0,52.025000000000006,below,1.0
8342.0,-0.0139999999999993,8362.0,65.92499999999998,below,1.0
9614.0,-0.0180000000000006,9626.0,72.52499999999999,below,1.0
9.77,-0.0219999999999984,9782.0,73.15,below,1.0
8472.0,-0.0240000000000009,8486.0,52.60000000000001,below,1.0
8886.0,-0.0159999999999982,8904.0,57.3,below,1.0
8352.0,-0.0180000000000006,8366.0,55.0,below,1.0
9036.0,-0.0219999999999984,9046.0,60.775000000000006,below,1.0
9.58,-0.0219999999999984,9592.0,65575.0,below,1.0
8734.0,-0.0259999999999998,8746.0,52.57499999999999,below,1.0
9.62,-0.0219999999999984,9634.0,65.95,below,1.0
8922.0,-0.0199999999999995,8934.0,62.650000000000006,below,0.0
9616.0,-0.0240000000000009,9624.0,67.25000000000001,below,0.0
9002.0,-0.0159999999999982,9022.0,58.89999999999999,below,1.0
8.45,-0.0219999999999984,8462.0,60.75,below,0.0
8.18,-0.0219999999999984,8192.0,58.07500000000002,below,1.0
8.44,-0.0259999999999998,8446.0,58.5,below,0.0
8804.0,-0.0219999999999984,8812.0,58.45,below,0.0
9718.0,-0.0139999999999993,9736.0,62.05000000000001,below,1.0
9082.0,-0.0219999999999984,9094.0,62.7,below,1.0
9006.0,-0.0219999999999984,9.02,57.275000000000006,below,1.0
9968.0,-0.0180000000000006,9974.0,62.79999999999998,below,1.0
8076.0,-0.0139999999999993,8096.0,57.05,below,1.0
8.63,-0.0219999999999984,8644.0,55.77499999999999,below,1.0
8676.0,-0.0219999999999984,8688.0,56325.0,below,1.0
9.76,-0.0240000000000009,9768.0,68.6,below,1.0
-0.0120000000000004,-0.0219999999999984,9408.0,65025.0,below,1.0
9612.0,-0.0199999999999995,9624.0,62575.0,below,1.0
8754.0,-0.0180000000000006,8764.0,67.15,below,1.0
8138.0,-0.0219999999999984,8148.0,57.275000000000006,below,1.0
9.56,-0.0219999999999984,9.57,55.3,below,1.0
-0.0079999999999991,-0.0139999999999993,9558.0,58.85000000000001,below,1.0
9936.0,-0.0240000000000009,9942.0,65575.0,below,1.0
8868.0,-0.0219999999999984,8878.0,63375.0,below,1.0
8136.0,-0.0180000000000006,8152.0,55.875000000000014,below,1.0
8896.0,-0.0199999999999995,8908.0,57.775000000000006,below,1.0
8.57,-0.0199999999999995,8586.0,55.89999999999999,below,1.0
8926.0,-0.0199999999999995,8938.0,58.47500000000001,below,1.0
9588.0,-0.0240000000000009,9.6,59.89999999999999,below,1.0
-0.0120000000000004,-0.0199999999999995,10148.0,62.07499999999999,below,1.0
8.49,-0.0199999999999995,8.5,60.75,below,1.0
8156.0,-0.0240000000000009,8166.0,57.60000000000001,below,1.0
8626.0,-0.0219999999999984,8.64,55.55000000000001,below,1.0
-0.0139999999999993,-0.0139999999999993,8506.0,65.14999999999999,below,1.0
9436.0,-0.0199999999999995,9.45,67.32499999999999,below,1.0
10.06,-0.0259999999999998,10.06,73.95,below,0.0
8.37,-0.0240000000000009,8382.0,56.60000000000001,below,1.0
-0.0120000000000004,-0.0219999999999984,9682.0,64.07499999999999,below,1.0
9318.0,-0.0219999999999984,9326.0,71.55,below,0.0
8886.0,-0.0180000000000006,8.9,59.35,below,1.0
8192.0,-0.0219999999999984,8204.0,52725.0,below,1.0
9.64,-0.0180000000000006,9658.0,58.07500000000002,below,1.0
8352.0,-0.0219999999999984,8364.0,53.750000000000014,below,1.0
8714.0,-0.0199999999999995,8726.0,56.875000000000014,below,1.0
-0.0259999999999998,-0.0240000000000009,8206.0,53.275000000000006,below,1.0
9078.0,-0.0240000000000009,9092.0,61.27499999999999,below,1.0
8864.0,-0.0259999999999998,8872.0,59.2,below,1.0
9398.0,-0.0279999999999986,9.41,64.72500000000001,below,1.0
10044.0,-0.0240000000000009,10044.0,69.04999999999998,below,0.0
9.55,-0.0180000000000006,9568.0,59425.0,below,1.0
8856.0,-0.0219999999999984,8.87,55.1,below,1.0
9.66,-0.0219999999999984,9672.0,63.6,below,1.0
8258.0,-0.0219999999999984,8262.0,57.82499999999999,below,0.0
-0.0079999999999991,-0.0199999999999995,5206.0,49.55000000000001,below,1.0
-0.0120000000000004,-0.0240000000000009,10.01,71.37500000000001,below,0.0
9718.0,-0.0240000000000009,9728.0,65025.0,below,0.0
9178.0,-0.0240000000000009,9192.0,55325.0,below,1.0
8988.0,-0.0219999999999984,8998.0,56925.0,below,1.0
8802.0,-0.0219999999999984,8818.0,60.92500000000001,below,1.0
8304.0,-0.0159999999999982,8318.0,64.32500000000002,below,1.0
8854.0,-0.0219999999999984,8.87,56.5,below,1.0
8078.0,-0.0259999999999998,8088.0,55.2,below,1.0
9.77,-0.0120000000000004,9782.0,72.9,below,1.0
8836.0,-0.0259999999999998,8846.0,62.45,below,1.0
10.14,-0.0219999999999984,10138.0,61375.0,below,1.0
-0.0040000000000013,1.588000000000001,9418.0,74.55000000000001,below,1.0
-0.0120000000000004,-0.0180000000000006,9438.0,54.0,below,1.0
-0.0180000000000006,-0.0240000000000009,8592.0,56125.0,below,1.0
9.32,-0.0240000000000009,9332.0,62.85000000000001,below,1.0
9432.0,-0.0199999999999995,9448.0,66.12499999999999,below,1.0
8574.0,-0.0199999999999995,8586.0,59.07500000000002,below,1.0
-0.0040000000000013,2016.0,7.715999999999999,75.22500000000001,below,1.0
8982.0,-0.0240000000000009,8996.0,55.47500000000001,below,1.0
-0.0159999999999982,-0.0219999999999984,8816.0,58.74999999999999,below,1.0
9374.0,-0.0219999999999984,9376.0,71825.0,below,0.0
8306.0,-0.0219999999999984,8.32,56.400000000000006,below,1.0
8636.0,-0.0240000000000009,8646.0,53.2,below,1.0
8312.0,-0.0199999999999995,8328.0,62.400000000000006,below,1.0
8788.0,-0.0120000000000004,8.81,59575.0,below,1.0
8.74,-0.0199999999999995,8756.0,57575.0,below,1.0
8128.0,-0.0139999999999993,8.14,64.45,below,1.0
8884.0,-0.0219999999999984,8894.0,60.400000000000006,below,1.0
-0.009999999999998,-0.0219999999999984,10192.0,61.775000000000006,below,1.0
8404.0,-0.0219999999999984,8418.0,63.07499999999999,below,1.0
8638.0,-0.0199999999999995,8654.0,55.72500000000001,below,1.0
10062.0,-0.0240000000000009,10058.0,68625.0,below,1.0
8128.0,-0.0199999999999995,8.14,48.85000000000001,below,1.0
-0.0079999999999991,1798.0,9444.0,74.05,below,1.0
8.52,-0.0199999999999995,8532.0,55.80000000000001,below,1.0
8.86,-0.0240000000000009,8872.0,53175.0,below,1.0
8276.0,-0.0219999999999984,8288.0,59375.0,below,0.0
9466.0,-0.0139999999999993,9484.0,60.25,below,1.0
8.23,-0.0219999999999984,8.24,56575.0,below,0.0
9006.0,-0.0199999999999995,9022.0,58.47500000000001,below,1.0
8526.0,-0.0219999999999984,8538.0,59.14999999999999,below,1.0
8486.0,-0.0180000000000006,8502.0,56.80000000000001,below,1.0
-0.0060000000000002,2.428000000000001,7538.0,66.75,below,1.0
-0.0060000000000002,1.9379999999999988,7.896000000000001,76.49999999999999,below,1.0
9314.0,-0.0219999999999984,9.33,52.8,below,1.0
8626.0,-0.0259999999999998,8632.0,53.025000000000006,below,0.0
8336.0,-0.0219999999999984,8.35,62.45,below,1.0
8928.0,-0.0240000000000009,8938.0,59475.0,below,0.0
9854.0,-0.0259999999999998,9866.0,68.05000000000001,below,1.0
-0.009999999999998,-0.0199999999999995,7314.0,71.24999999999999,below,0.0
9494.0,-0.0240000000000009,9508.0,56175.0,below,1.0
9436.0,-0.0240000000000009,9444.0,67.85000000000001,below,0.0
-0.0079999999999991,0.7859999999999996,9556.0,76.25,below,1.0
9182.0,-0.0199999999999995,9194.0,59.7,below,1.0
9862.0,-0.0199999999999995,9872.0,64.85000000000001,below,1.0
9252.0,-0.0199999999999995,9266.0,65.75,below,1.0
8.22,-0.0199999999999995,8234.0,54.35000000000001,below,1.0
8.55,-0.0219999999999984,8562.0,52.55000000000001,below,1.0
8722.0,-0.0219999999999984,8736.0,64.19999999999999,below,1.0
9604.0,-0.0199999999999995,9.62,59.525000000000006,below,1.0
9.13,-0.0159999999999982,9144.0,67.85000000000001,below,1.0
8646.0,-0.0180000000000006,8662.0,65725.0,below,1.0
-0.0300000000000011,-0.0159999999999982,8082.0,52.025000000000006,below,1.0
8556.0,-0.0199999999999995,8.57,54.55000000000001,below,1.0
8968.0,-0.0120000000000004,8988.0,59.87499999999999,below,1.0
8376.0,-0.0180000000000006,8388.0,64.35,below,1.0
9818.0,-0.0240000000000009,9828.0,66.85000000000001,below,1.0
-0.0060000000000002,-0.0159999999999982,10018.0,72.32499999999999,below,1.0
9.02,-0.0219999999999984,9036.0,62175.0,below,1.0
8594.0,-0.0240000000000009,8602.0,68.65,below,0.0
9.12,-0.0240000000000009,9136.0,63575.0,below,1.0
8652.0,-0.0219999999999984,8.66,65.25000000000001,below,0.0
8866.0,-0.0199999999999995,8888.0,55325.0,below,1.0
8882.0,-0.0199999999999995,8898.0,54.60000000000001,below,1.0
-0.0060000000000002,1952.0,7.981999999999999,75.22500000000001,below,1.0
-0.0079999999999991,1.4139999999999997,8842.0,64.55,above,1.0
8424.0,-0.0199999999999995,8436.0,60.775000000000006,below,1.0
-0.0079999999999991,1.815999999999999,9496.0,74.0,below,1.0
-0.0120000000000004,-0.0240000000000009,9974.0,60.55,below,1.0
-0.0139999999999993,-0.0139999999999993,8506.0,65.14999999999999,below,1.0
8462.0,-0.0240000000000009,8472.0,54.525000000000006,below,1.0
8508.0,-0.0159999999999982,8522.0,67.32499999999999,below,1.0
9722.0,-0.0219999999999984,9732.0,69.35,below,1.0
8.47,-0.0159999999999982,8488.0,55225.0,below,1.0
9834.0,-0.0219999999999984,9844.0,69.44999999999999,below,1.0
9638.0,-0.0259999999999998,9644.0,67675.0,below,0.0
9754.0,-0.0159999999999982,9772.0,58.775000000000006,below,1.0
-0.0159999999999982,-0.0240000000000009,9104.0,54.150000000000006,below,1.0
8442.0,-0.0120000000000004,8458.0,67.39999999999999,below,1.0
9.05,-0.0159999999999982,9066.0,64.3,below,1.0
8948.0,-0.0240000000000009,8964.0,58.775000000000006,below,1.0
9.06,-0.0240000000000009,9074.0,58.5,below,1.0
0.0,1.93,7894.0,76.77499999999999,below,1.0
8366.0,-0.0259999999999998,8376.0,50.025000000000006,below,1.0
9558.0,-0.0219999999999984,9.57,65.75,below,1.0
9.72,-0.0240000000000009,9.73,60.87499999999999,below,1.0
-0.0240000000000009,-0.0240000000000009,8.22,62175.0,below,0.0
9498.0,-0.0139999999999993,9516.0,59575.0,below,1.0
8.34,-0.0240000000000009,8.35,56.72500000000001,below,1.0
9.65,-0.0199999999999995,9664.0,69.44999999999999,below,1.0
9072.0,-0.0240000000000009,9.08,69.35,below,0.0
-0.0060000000000002,2.187999999999999,8136.0,76275.0,below,1.0
8684.0,-0.0219999999999984,8694.0,58.400000000000006,below,1.0
8818.0,-0.0180000000000006,8834.0,57.3,below,1.0
8216.0,-0.0240000000000009,8226.0,54225.0,below,1.0
9476.0,-0.0159999999999982,9.49,64.97500000000001,below,1.0
9.32,-0.0240000000000009,9332.0,63.35,below,1.0
9014.0,-0.009999999999998,9034.0,63.72500000000001,below,1.0
-0.0060000000000002,1.129999999999999,8888.0,73875.0,below,1.0
-0.0219999999999984,-0.0199999999999995,8238.0,61575.0,below,1.0
9594.0,-0.0199999999999995,9608.0,68.52499999999999,below,1.0
10128.0,-0.0139999999999993,10122.0,70.7,below,1.0
8986.0,-0.0219999999999984,9.0,56.1,below,1.0
0.0019999999999988,-0.0219999999999984,9708.0,56.74999999999999,below,1.0
9504.0,-0.0180000000000006,9.52,61.02499999999999,below,1.0
8558.0,-0.0240000000000009,8566.0,55575.0,below,0.0
9238.0,-0.0240000000000009,9248.0,64025.0,below,1.0
9232.0,-0.0240000000000009,9244.0,64775.0,below,1.0
8.76,-0.0219999999999984,8774.0,63.07499999999999,below,1.0
9578.0,-0.0180000000000006,9594.0,59.1,below,1.0
-0.0040000000000013,2032.0,8858.0,77.42500000000001,below,1.0
8874.0,-0.0199999999999995,8888.0,45.150000000000006,below,1.0
-0.0040000000000013,0.6660000000000004,8.44,81.35,below,1.0
9248.0,-0.0159999999999982,9266.0,59.275000000000006,below,1.0
8218.0,-0.0180000000000006,8232.0,62.25,below,1.0
9.99,-0.0240000000000009,9994.0,59.7,below,1.0
4.43,-0.0159999999999982,8096.0,62.75,below,1.0
9276.0,-0.0219999999999984,9.29,60.92500000000001,below,1.0
9728.0,-0.0180000000000006,9744.0,69925.0,below,1.0
8986.0,-0.0219999999999984,9.0,61.20000000000002,below,1.0
8.22,-0.0240000000000009,8.23,54325.0,below,1.0
9.23,-0.0240000000000009,9.24,53875.0,below,1.0
8112.0,-0.0240000000000009,8.12,58.2,below,1.0
0.8339999999999996,1.3099999999999987,10.21,64.6,below,1.0
9558.0,-0.0219999999999984,9572.0,66.17500000000001,below,1.0
10084.0,-0.0180000000000006,10084.0,53.57499999999999,below,1.0
8402.0,-0.0240000000000009,8412.0,57.14999999999999,below,1.0
9.22,-0.0240000000000009,9232.0,59.2,below,1.0
8306.0,-0.0240000000000009,8316.0,52.0,below,1.0
-0.0120000000000004,0.7160000000000011,8684.0,74.15,below,1.0
8702.0,-0.0199999999999995,8718.0,59.80000000000001,below,1.0
10.03,-0.0219999999999984,10038.0,60.85000000000001,below,1.0
9162.0,-0.0259999999999998,9168.0,58125.0,below,0.0
9138.0,-0.0180000000000006,9158.0,57.400000000000006,below,1.0
-0.0199999999999995,-0.0199999999999995,8.58,63475.0,below,1.0
8674.0,-0.0180000000000006,8688.0,61.75,below,1.0
9302.0,-0.0199999999999995,9318.0,67.65,below,1.0
8966.0,-0.0159999999999982,8982.0,68.35,below,1.0
8258.0,-0.0240000000000009,8268.0,49425.0,below,1.0
9.24,-0.0199999999999995,9252.0,68.30000000000001,below,1.0
8576.0,-0.0199999999999995,8588.0,62175.0,below,1.0
-0.0120000000000004,-0.0159999999999982,10062.0,58.07500000000002,below,1.0
-0.0159999999999982,-0.0180000000000006,8748.0,54.69999999999999,below,1.0
9014.0,-0.0219999999999984,9026.0,61.87499999999999,below,1.0
8.15,-0.0199999999999995,8164.0,62.45,below,1.0
8988.0,-0.0180000000000006,9004.0,58.775000000000006,below,1.0
8.4,-0.0180000000000006,8414.0,62.85000000000001,below,1.0
8976.0,-0.0219999999999984,8994.0,55.02499999999999,below,1.0
8284.0,-0.0219999999999984,8292.0,63.14999999999999,below,0.0
8572.0,-0.0120000000000004,8588.0,67375.0,below,1.0
10018.0,-0.0180000000000006,10.02,71.22500000000001,below,1.0
8166.0,-0.0279999999999986,8176.0,45825.0,below,1.0
8622.0,-0.0240000000000009,8636.0,51.525000000000006,below,1.0
8462.0,-0.0259999999999998,8474.0,46.55,below,1.0
9182.0,-0.0240000000000009,9194.0,59.92500000000001,below,1.0
8732.0,-0.0159999999999982,8748.0,58.400000000000006,below,1.0
9798.0,-0.0180000000000006,9804.0,73025.0,below,0.0
8332.0,-0.0199999999999995,8348.0,57.0,below,1.0
8958.0,-0.0219999999999984,8976.0,53.8,below,1.0
-0.0180000000000006,-0.0240000000000009,8832.0,58.35,below,0.0
8534.0,-0.0240000000000009,8548.0,50925.0,below,1.0
9.15,-0.0199999999999995,9164.0,65.85000000000001,below,1.0
8418.0,-0.0180000000000006,8436.0,57225.0,below,1.0
9848.0,-0.0240000000000009,9858.0,65875.0,below,1.0
-0.0120000000000004,0.6580000000000013,9656.0,74825.0,below,0.0
9.28,-0.0240000000000009,9294.0,56.02499999999999,below,1.0
8186.0,-0.0159999999999982,8.2,60.60000000000001,below,1.0
10002.0,-0.0199999999999995,10.01,70.35,below,1.0
8.75,-0.0199999999999995,8768.0,58.3,below,1.0
8618.0,-0.0219999999999984,8628.0,56.1,below,1.0
8.59,-0.0240000000000009,8602.0,55425.0,below,1.0
9.63,-0.0199999999999995,9646.0,57.3,below,1.0
8164.0,-0.0159999999999982,8182.0,59.45,below,1.0
8352.0,-0.0180000000000006,8368.0,57575.0,below,1.0
8572.0,-0.0219999999999984,8582.0,56.0,below,1.0
8692.0,-0.0199999999999995,8.71,59.85000000000001,below,1.0
8452.0,-0.0139999999999993,8474.0,56075.0,below,1.0
9354.0,-0.0180000000000006,9368.0,68.25000000000001,below,1.0
-0.009999999999998,2046.0,8.97,73625.0,below,1.0
9.27,-0.0219999999999984,9.28,66725.0,below,1.0
-0.0079999999999991,2388.0,7.518000000000001,68.85,below,1.0
8656.0,-0.0159999999999982,8676.0,58325.0,below,1.0
8338.0,-0.0259999999999998,8346.0,64.85000000000001,below,0.0
9144.0,-0.0180000000000006,9158.0,55.35000000000001,below,1.0
-0.0079999999999991,-0.0159999999999982,10098.0,74.62500000000001,below,1.0
9022.0,-0.0180000000000006,9.04,56225.0,below,1.0
9.54,-0.0240000000000009,9.55,67.6,below,1.0
10006.0,-0.0180000000000006,10.01,72.05,below,1.0
8742.0,-0.0219999999999984,8754.0,62.75,below,1.0
8152.0,-0.0139999999999993,8168.0,57.89999999999999,below,1.0
9.44,-0.0259999999999998,9448.0,66375.0,below,0.0
8708.0,-0.0240000000000009,8.72,58.275000000000006,below,1.0
-0.0120000000000004,0.8019999999999996,9632.0,74875.0,below,1.0
8.73,-0.0159999999999982,8748.0,58.60000000000001,below,1.0
-0.0139999999999993,-0.0180000000000006,9054.0,65.5,below,1.0
8.71,-0.0219999999999984,8724.0,56.275000000000006,below,1.0
9088.0,-0.0199999999999995,9104.0,55.60000000000001,below,1.0
-0.0139999999999993,-0.0139999999999993,8506.0,65.14999999999999,below,1.0
-0.009999999999998,-0.0219999999999984,9978.0,72.10000000000001,below,1.0
9.26,-0.0159999999999982,9278.0,58.67500000000001,below,1.0
8182.0,-0.0199999999999995,8196.0,52.025000000000006,below,1.0
8.43,-0.0180000000000006,8442.0,63.14999999999999,below,1.0
9064.0,-0.0240000000000009,9076.0,57.35,below,1.0
9784.0,-0.0240000000000009,9.79,68725.0,below,0.0
9518.0,-0.0259999999999998,9528.0,54.47500000000001,below,1.0
9828.0,-0.0240000000000009,9.84,60475.0,below,1.0
8.28,-0.0219999999999984,8292.0,51.05,below,1.0
8.39,-0.0219999999999984,8.4,50.42500000000001,below,1.0
9076.0,-0.0259999999999998,9088.0,53.69999999999999,below,1.0
9372.0,-0.0240000000000009,9382.0,65375.0,below,1.0
10.04,-0.0219999999999984,10042.0,66.17500000000001,below,1.0
8908.0,-0.0139999999999993,8.92,60375.0,below,1.0
8.96,-0.0240000000000009,8974.0,57.45,below,1.0
9166.0,-0.0240000000000009,9176.0,54125.0,below,1.0
-0.009999999999998,2.248000000000001,8228.0,74725.0,below,1.0
9932.0,-0.0219999999999984,9942.0,62.79999999999998,below,1.0
8218.0,-0.0240000000000009,8232.0,57.2,below,1.0
9262.0,-0.0199999999999995,9274.0,59.5,below,1.0
-0.0120000000000004,0.6379999999999999,9314.0,74.85,below,0.0
9146.0,-0.0180000000000006,9158.0,66.92499999999998,below,1.0
8998.0,-0.0240000000000009,9006.0,61.20000000000002,below,0.0
8714.0,-0.0199999999999995,8726.0,55.2,below,1.0
9906.0,-0.0259999999999998,9.91,68.17500000000001,below,1.0
9138.0,-0.0139999999999993,9156.0,58.07500000000002,below,1.0
9536.0,-0.0199999999999995,9546.0,66.97500000000001,below,1.0
9952.0,-0.0219999999999984,9956.0,65.92499999999998,below,1.0
9144.0,-0.0159999999999982,9162.0,58.60000000000001,below,1.0
-0.0120000000000004,-0.0199999999999995,9.05,60.27499999999999,below,1.0
9332.0,-0.0199999999999995,9.35,56425.0,below,1.0
-0.0240000000000009,-0.0219999999999984,8362.0,59.87499999999999,below,0.0
8626.0,-0.0159999999999982,8644.0,57375.0,below,1.0
8912.0,-0.0219999999999984,8926.0,52925.0,below,1.0
9338.0,-0.0219999999999984,9348.0,66.75,below,1.0
8.75,-0.0199999999999995,8.76,68.55,below,1.0
-0.0120000000000004,-0.0219999999999984,9948.0,67.45000000000002,below,1.0
8504.0,-0.0240000000000009,8514.0,53.62499999999999,below,1.0
-0.0060000000000002,1.9879999999999995,8842.0,72.95,below,1.0
8.93,-0.0219999999999984,8946.0,53.1,below,1.0
-0.0139999999999993,-0.0219999999999984,9544.0,68475.0,below,1.0
-0.0120000000000004,-0.0199999999999995,9528.0,53.60000000000001,below,1.0
8.76,-0.0219999999999984,8.77,57425.0,below,1.0
8942.0,-0.0159999999999982,8958.0,67.97500000000001,below,1.0
9.56,-0.0199999999999995,9576.0,60.85000000000001,below,1.0
9104.0,-0.0199999999999995,9122.0,57.2,below,1.0
9794.0,-0.0199999999999995,9806.0,69.24999999999999,below,1.0
8648.0,-0.0240000000000009,8.66,50925.0,below,1.0
8752.0,-0.0199999999999995,8768.0,53.62499999999999,below,1.0
9344.0,-0.0219999999999984,9356.0,67.65,below,1.0
9.67,-0.0240000000000009,9.68,61.75,below,1.0
9258.0,-0.0240000000000009,9268.0,65375.0,below,1.0
9.29,-0.0240000000000009,9302.0,62.3,below,1.0
8096.0,-0.0219999999999984,8106.0,53.42499999999998,below,1.0
9718.0,-0.0240000000000009,9728.0,65025.0,below,0.0
9536.0,-0.0240000000000009,9548.0,56.62499999999999,below,1.0
9648.0,-0.0240000000000009,9.66,64.8,below,1.0
9742.0,-0.0240000000000009,9.75,68.27499999999999,below,0.0
8396.0,-0.0219999999999984,8408.0,58.775000000000006,below,1.0
-0.0079999999999991,-0.0180000000000006,9.9,57625.0,below,1.0
8158.0,-0.0180000000000006,8.17,64.6,below,1.0
-0.0159999999999982,-0.0240000000000009,8766.0,65.07499999999999,below,0.0
8274.0,-0.0240000000000009,8284.0,55.89999999999999,below,1.0
9016.0,-0.0139999999999993,9036.0,61.07499999999999,below,1.0
9416.0,-0.0240000000000009,9428.0,59.1,below,1.0
-0.009999999999998,-0.0219999999999984,9994.0,70.24999999999999,below,1.0
9602.0,-0.0219999999999984,9614.0,63.07499999999999,below,1.0
9718.0,-0.0240000000000009,9728.0,65025.0,above,0.0
-0.0079999999999991,1.5519999999999996,9624.0,73.57499999999999,below,1.0
-0.0120000000000004,-0.0219999999999984,9.75,69.64999999999999,below,1.0
8376.0,-0.0219999999999984,8386.0,56.82499999999999,below,1.0
-0.0240000000000009,-0.0180000000000006,8268.0,54.69999999999999,below,1.0
8856.0,-0.0219999999999984,8.87,60.2,below,1.0
9826.0,-0.0259999999999998,9836.0,67675.0,below,1.0
9462.0,-0.0180000000000006,9476.0,56575.0,below,1.0
10.07,-0.0199999999999995,10.07,69.44999999999999,below,1.0
-0.009999999999998,0.0220000000000002,9378.0,63.07499999999999,below,1.0
4256.0,-0.0240000000000009,8086.0,51.525000000000006,below,1.0
9028.0,-0.0199999999999995,9042.0,56.80000000000001,below,1.0
9.07,-0.0180000000000006,9086.0,57.400000000000006,below,1.0
8098.0,-0.0199999999999995,8108.0,63.14999999999999,below,1.0
8624.0,-0.0219999999999984,8638.0,60.650000000000006,below,1.0
8094.0,-0.0180000000000006,8.11,54325.0,below,1.0
8838.0,-0.0159999999999982,8854.0,61425.0,below,1.0
8892.0,-0.0219999999999984,8898.0,62.25,below,0.0
8786.0,-0.0240000000000009,8798.0,52.77499999999999,below,1.0
9588.0,-0.0219999999999984,9.6,66.52499999999999,below,1.0
8754.0,-0.0240000000000009,8766.0,53175.0,below,1.0
10098.0,-0.0180000000000006,10098.0,56125.0,below,1.0
9688.0,-0.0279999999999986,9694.0,66.85000000000001,below,0.0
9482.0,-0.0219999999999984,9498.0,67.65,below,1.0
-0.0120000000000004,-0.0180000000000006,8896.0,68.22500000000001,below,1.0
9846.0,-0.0139999999999993,9856.0,68.25000000000001,below,1.0
8068.0,-0.0219999999999984,8.08,56.89999999999999,below,1.0
8912.0,-0.0219999999999984,8926.0,67.65,below,1.0
9552.0,-0.0240000000000009,9566.0,61.97500000000001,below,1.0
-0.0079999999999991,2106.0,7.933999999999999,74.70000000000002,below,1.0
-0.0159999999999982,-0.0259999999999998,9014.0,50.2,below,1.0
8364.0,-0.0159999999999982,8.38,57.47500000000001,below,1.0
-0.0139999999999993,-0.0219999999999984,9292.0,63.35,below,1.0
9718.0,-0.0240000000000009,9728.0,65025.0,above,0.0
8584.0,-0.0259999999999998,8594.0,57.82499999999999,below,1.0
8.13,-0.0259999999999998,8.14,47225.0,below,1.0
8734.0,-0.0240000000000009,8744.0,55.89999999999999,below,1.0
8094.0,-0.0219999999999984,8104.0,51.0,below,1.0
8.22,-0.0240000000000009,8.23,58.525000000000006,below,1.0
8886.0,-0.0159999999999982,8906.0,58375.0,below,1.0
8086.0,-0.0240000000000009,8096.0,55.35000000000001,below,1.0
9428.0,-0.0199999999999995,9442.0,66.25000000000001,below,1.0
-0.009999999999998,-0.0180000000000006,9868.0,59.275000000000006,below,1.0
8738.0,-0.0219999999999984,8.75,53.95,below,1.0
-0.0180000000000006,-0.0180000000000006,8738.0,51.400000000000006,below,1.0
9.12,-0.0199999999999995,9134.0,56575.0,below,1.0
-0.009999999999998,0.3819999999999997,9898.0,68025.0,below,1.0
9.45,-0.0159999999999982,9466.0,58.80000000000001,below,1.0
0.1099999999999994,0.08,9618.0,67.25000000000001,below,0.0
8904.0,-0.0259999999999998,8914.0,55.1,below,1.0
8978.0,-0.0199999999999995,8992.0,53.0,below,1.0
9286.0,-0.0159999999999982,9.3,65.85000000000001,below,1.0
8264.0,-0.0199999999999995,8276.0,61.775000000000006,below,1.0
8.08,-0.0259999999999998,8.09,50.89999999999999,below,1.0
9854.0,-0.0180000000000006,9868.0,59.5,below,1.0
8378.0,-0.0180000000000006,8392.0,61825.0,below,1.0
9142.0,-0.0219999999999984,9152.0,67.55,below,1.0
9104.0,-0.0180000000000006,9.12,56.525000000000006,below,1.0
-0.0060000000000002,1.9320000000000004,7.906000000000001,76.35000000000001,below,1.0
-0.0079999999999991,-0.0180000000000006,9646.0,68.22500000000001,below,1.0
9182.0,-0.0240000000000009,9196.0,56.80000000000001,below,1.0
8.62,-0.0159999999999982,8636.0,68.10000000000001,below,1.0
8868.0,-0.0219999999999984,8.88,54.150000000000006,below,1.0
9398.0,-0.0199999999999995,9.41,57.82499999999999,below,1.0
9188.0,-0.0219999999999984,9198.0,65475.0,below,1.0
10008.0,-0.0240000000000009,10012.0,63.75,below,1.0
8412.0,-0.0180000000000006,8.42,62475.0,below,1.0
-0.0120000000000004,-0.0219999999999984,9.85,72.95,below,1.0
9314.0,-0.0219999999999984,9328.0,67.05000000000001,below,1.0
9.62,-0.0219999999999984,9634.0,66.07499999999999,below,1.0
9958.0,-0.0120000000000004,9964.0,69.15,below,1.0
10022.0,-0.0259999999999998,10024.0,69675.0,below,1.0
8158.0,-0.0180000000000006,8.17,64.6,above,0.0
8216.0,-0.0279999999999986,8228.0,52.400000000000006,below,1.0
9.9,-0.0240000000000009,9908.0,65.55,below,1.0
9918.0,-0.0240000000000009,9924.0,70.15,below,0.0
8.91,-0.0219999999999984,8924.0,62575.0,below,1.0
8448.0,-0.0240000000000009,8.46,57.69999999999999,below,1.0
8.36,-0.0199999999999995,8376.0,50175.0,below,1.0
9828.0,-0.0259999999999998,9.84,70.95,below,1.0
9258.0,-0.0199999999999995,9.27,60.2,below,1.0
8712.0,-0.0219999999999984,8722.0,61.75,below,1.0
9.02,-0.0240000000000009,9036.0,60.85000000000001,below,1.0
9288.0,-0.0219999999999984,9298.0,66.25000000000001,below,1.0
8.35,-0.0219999999999984,8364.0,53.62499999999999,below,1.0
8.12,-0.0240000000000009,8.13,51375.0,below,1.0
-0.0139999999999993,-0.0259999999999998,9728.0,59475.0,below,0.0
8238.0,-0.0240000000000009,8248.0,49.45,below,1.0
8546.0,-0.0159999999999982,8562.0,59575.0,below,1.0
-0.0060000000000002,0.7100000000000009,8492.0,79.69999999999999,below,1.0
8274.0,-0.0240000000000009,8284.0,55.89999999999999,below,1.0
8.29,-0.0219999999999984,8304.0,61.27499999999999,below,1.0
8.63,-0.0180000000000006,8644.0,63.125000000000014,below,1.0
-0.0279999999999986,-0.0219999999999984,8108.0,61.1,below,0.0
9198.0,-0.0219999999999984,9212.0,55.5,below,1.0
9644.0,-0.0219999999999984,9658.0,69.15,below,1.0
8066.0,-0.0199999999999995,8078.0,59.87499999999999,below,1.0
9758.0,-0.0279999999999986,9.77,68.32499999999999,below,1.0
9616.0,-0.0219999999999984,9628.0,67.12499999999999,below,1.0
9492.0,-0.0120000000000004,9512.0,61.650000000000006,below,1.0
8.8,-0.0180000000000006,8.81,64.17500000000001,below,1.0
9.35,-0.0199999999999995,9366.0,54.60000000000001,below,1.0
-0.0139999999999993,-0.0139999999999993,8506.0,65.14999999999999,below,1.0
8606.0,-0.0219999999999984,8618.0,57425.0,below,1.0
-0.0139999999999993,-0.0219999999999984,9694.0,66.55,below,1.0
-0.009999999999998,-0.0180000000000006,9774.0,67425.0,below,1.0
8238.0,-0.0240000000000009,8248.0,49.45,below,1.0
8326.0,-0.0159999999999982,8.34,54.85,below,1.0
-0.0120000000000004,-0.0199999999999995,9502.0,65.75,below,1.0
9.04,-0.0219999999999984,9052.0,63.75,below,1.0
9016.0,-0.0180000000000006,9.03,63.97500000000001,below,1.0
8372.0,-0.0159999999999982,8388.0,56325.0,below,1.0
8254.0,-0.0199999999999995,8.27,53.60000000000001,below,1.0
-0.0120000000000004,1.498000000000001,9836.0,77.1,below,1.0
8162.0,-0.0219999999999984,8172.0,49.52499999999999,below,1.0
8508.0,-0.0240000000000009,8.52,54325.0,below,1.0
8338.0,-0.0180000000000006,8352.0,58.60000000000001,below,1.0
-0.0079999999999991,-0.0199999999999995,10094.0,72.24999999999999,below,1.0
9.51,-0.0139999999999993,9.52,69.22500000000001,below,1.0
9128.0,-0.0240000000000009,9.14,57.82499999999999,below,1.0
-0.0240000000000009,-0.0240000000000009,8354.0,54.525000000000006,below,1.0
8636.0,-0.0139999999999993,8652.0,68.75,below,1.0
9626.0,-0.0199999999999995,9636.0,67.52499999999999,below,1.0
8816.0,-0.0219999999999984,8828.0,56.25,below,1.0
9032.0,-0.0180000000000006,9.05,63325.0,below,1.0
10116.0,-0.0240000000000009,10112.0,72.15,below,0.0
-0.0120000000000004,-0.0199999999999995,9668.0,60.55,below,1.0
8538.0,-0.0199999999999995,8548.0,58.775000000000006,below,1.0
8.77,-0.0159999999999982,8784.0,66.17500000000001,below,1.0
-0.0259999999999998,-0.0219999999999984,8142.0,62375.0,below,1.0
-0.0139999999999993,-0.0219999999999984,10012.0,52325.0,below,1.0
8.35,-0.0199999999999995,8364.0,60375.0,below,1.0
-0.0120000000000004,-0.0199999999999995,9994.0,49.95,below,1.0
9254.0,-0.0240000000000009,9266.0,58.80000000000001,below,1.0
-0.0139999999999993,-0.0240000000000009,9044.0,55.82499999999999,below,1.0
8688.0,-0.0219999999999984,8696.0,59.775000000000006,below,0.0
8174.0,-0.0139999999999993,8194.0,56.60000000000001,below,1.0
9.2,-0.0180000000000006,9212.0,56.69999999999999,below,1.0
9002.0,-0.0219999999999984,9018.0,62.07499999999999,below,1.0
8882.0,-0.0180000000000006,8892.0,68.35,below,1.0
8.91,-0.0240000000000009,8926.0,59975.0,below,1.0
9408.0,-0.0159999999999982,9424.0,60375.0,below,1.0
8306.0,-0.0180000000000006,8322.0,54.57499999999999,below,1.0
8788.0,-0.0279999999999986,8804.0,57.775000000000006,below,1.0
8122.0,-0.0240000000000009,8134.0,56.0,below,1.0
-0.0139999999999993,48.0,8882.0,54875.0,below,1.0
9454.0,-0.0240000000000009,9462.0,70.15,below,0.0
8806.0,-0.0219999999999984,8818.0,61.3,below,1.0
9544.0,-0.0120000000000004,9558.0,65.85000000000001,below,1.0
8574.0,-0.0159999999999982,8592.0,58.35,below,1.0
8448.0,-0.0259999999999998,8.46,50.1,below,1.0
8274.0,-0.0240000000000009,8284.0,55.89999999999999,below,1.0
9358.0,-0.0219999999999984,9372.0,62475.0,below,1.0
9.88,-0.0199999999999995,9.89,72.15,below,1.0
8492.0,-0.0240000000000009,8502.0,51.82500000000002,below,1.0
9106.0,-0.0240000000000009,9118.0,58.400000000000006,below,1.0
9486.0,-0.0259999999999998,9498.0,66725.0,below,1.0
9204.0,-0.0259999999999998,9212.0,64575.0,below,0.0
8158.0,-0.0180000000000006,8.17,64.6,above,0.0
8662.0,-0.0199999999999995,8.68,55.0,below,1.0
9818.0,-0.0240000000000009,9826.0,63.6,below,1.0
-0.0019999999999988,2.007999999999999,8766.0,75.69999999999999,below,1.0
9.38,-0.0240000000000009,9394.0,59.3,below,1.0
-0.0120000000000004,0.0880000000000009,9882.0,60375.0,below,1.0
9.94,-0.0219999999999984,9948.0,72625.0,below,1.0
8456.0,-0.0240000000000009,8466.0,52.64999999999999,below,1.0
-0.0060000000000002,2004.0,8802.0,74325.0,below,1.0
9032.0,-0.0259999999999998,9044.0,52.8,below,1.0
10056.0,-0.0240000000000009,10056.0,65475.0,below,1.0
8.94,-0.0240000000000009,8952.0,61375.0,below,1.0
8376.0,-0.0180000000000006,8388.0,59.55,below,1.0
9296.0,-0.0159999999999982,9312.0,58.05,below,1.0
8.83,-0.0240000000000009,8844.0,52.2,below,1.0
9336.0,-0.0240000000000009,9342.0,67425.0,below,0.0
9376.0,-0.0199999999999995,9388.0,68.25000000000001,below,1.0
-0.0180000000000006,-0.0180000000000006,8754.0,51875.0,below,1.0
9928.0,-0.0219999999999984,9928.0,68.32499999999999,below,1.0
9024.0,-0.0139999999999993,9.04,66.8,below,1.0
-0.0219999999999984,-0.0199999999999995,8066.0,68.95,above,0.0
-0.009999999999998,1.33,8376.0,76175.0,below,1.0
8988.0,-0.0240000000000009,9.0,57.69999999999999,below,1.0
9364.0,-0.0259999999999998,9.37,66.85000000000001,below,0.0
9338.0,-0.0159999999999982,9356.0,60.67499999999998,below,1.0
9.92,-0.0079999999999991,9936.0,65.92499999999998,below,1.0
8532.0,-0.0219999999999984,8544.0,57.2,below,1.0
9064.0,-0.0240000000000009,9076.0,55.400000000000006,below,1.0
9754.0,-0.0219999999999984,9766.0,67.75,below,1.0
8746.0,-0.0199999999999995,8.76,55.525000000000006,below,1.0
9236.0,-0.0159999999999982,9254.0,57.60000000000001,below,1.0
8234.0,-0.0219999999999984,8248.0,49425.0,below,1.0
9188.0,-0.0240000000000009,9.2,62575.0,below,1.0
10.19,-0.0240000000000009,10186.0,66.85000000000001,below,1.0
8902.0,-0.0219999999999984,8916.0,55.2,below,1.0
9586.0,-0.0219999999999984,9596.0,66.17500000000001,below,1.0
-0.0139999999999993,-0.0240000000000009,9626.0,57.775000000000006,below,1.0
-0.0079999999999991,2.4320000000000004,7.566000000000001,68.12499999999999,below,1.0
9.28,-0.0219999999999984,9292.0,57.14999999999999,below,1.0
8618.0,-0.0219999999999984,8624.0,63.85000000000001,below,0.0
9.84,-0.0199999999999995,9856.0,62375.0,below,1.0
8136.0,-0.0219999999999984,8.15,52.025000000000006,below,1.0
9018.0,-0.0199999999999995,9034.0,57.02499999999999,below,1.0
8506.0,-0.0219999999999984,8.52,62.25,below,1.0
8148.0,-0.0180000000000006,8162.0,52.57499999999999,below,1.0
8184.0,-0.0120000000000004,8.2,61.35,below,1.0
9912.0,-0.0240000000000009,9918.0,67.75,below,1.0
8272.0,-0.0199999999999995,8282.0,52.750000000000014,below,1.0
-0.0139999999999993,-0.0139999999999993,8506.0,65.14999999999999,below,1.0
9916.0,-0.0219999999999984,9924.0,72.05,below,1.0
9.47,-0.0259999999999998,9482.0,63.39999999999999,below,1.0
8.22,-0.0199999999999995,8234.0,58.82499999999999,below,1.0
-0.0139999999999993,-0.0139999999999993,8506.0,65.14999999999999,below,1.0
9.44,-0.0199999999999995,9458.0,58.47500000000001,below,1.0
9688.0,-0.0199999999999995,9708.0,55.400000000000006,below,1.0
8732.0,-0.0199999999999995,8744.0,61.5,below,1.0
-0.0219999999999984,-0.0259999999999998,8376.0,59.07500000000002,below,0.0
9.28,-0.0219999999999984,9294.0,59.74999999999999,below,1.0
9364.0,-0.0180000000000006,9.38,56.85,below,1.0
8128.0,-0.0240000000000009,8138.0,52.49999999999999,below,1.0
9846.0,-0.0180000000000006,9858.0,58.7,below,1.0
9.41,-0.0219999999999984,9.42,66.35,below,1.0
9986.0,-0.0240000000000009,9988.0,64.65,below,1.0
-0.0060000000000002,2.0380000000000003,7792.0,73825.0,below,1.0
8578.0,-0.0259999999999998,8.59,55975.0,below,1.0
8.67,-0.0240000000000009,8682.0,53.60000000000001,below,1.0
8924.0,-0.0240000000000009,8936.0,54.85,below,1.0
9748.0,-0.0240000000000009,9758.0,64875.0,below,1.0
8.94,-0.0219999999999984,8954.0,63.72500000000001,below,1.0
9186.0,-0.0240000000000009,9198.0,58975.0,below,1.0
10028.0,-0.0199999999999995,10032.0,70825.0,below,1.0
8.29,-0.0240000000000009,8298.0,65.5,below,0.0
9214.0,-0.0199999999999995,9226.0,58.67500000000001,below,1.0
9908.0,-0.0199999999999995,9.92,50.52499999999999,below,1.0
9.21,-0.0139999999999993,9224.0,59.85000000000001,below,1.0
-0.0120000000000004,1.3819999999999997,9124.0,59.650000000000006,below,1.0
9.34,-0.0240000000000009,9354.0,58.0,below,1.0
8938.0,-0.0199999999999995,8954.0,55.400000000000006,below,1.0
9444.0,-0.0180000000000006,9458.0,57.60000000000001,below,1.0
9334.0,-0.0259999999999998,9346.0,59.775000000000006,below,1.0
-0.0060000000000002,1.9960000000000004,7.657999999999999,73925.0,below,1.0
8708.0,-0.0199999999999995,8718.0,64.07499999999999,below,1.0
-0.0120000000000004,-0.0219999999999984,10.07,52.3,below,1.0
-0.009999999999998,-0.0199999999999995,9.74,60975.0,below,1.0
-0.0079999999999991,-0.0159999999999982,9422.0,66.39999999999999,below,1.0
8058.0,-0.0240000000000009,8068.0,57.0,below,1.0
9804.0,-0.0180000000000006,9812.0,73.75,below,1.0
8844.0,-0.0240000000000009,8854.0,54125.0,below,1.0
9228.0,-0.0240000000000009,9238.0,56.2,below,1.0
8376.0,-0.0219999999999984,8386.0,58375.0,below,1.0
-0.0040000000000013,1.8099999999999987,9438.0,74275.0,below,1.0
8938.0,-0.0259999999999998,8952.0,59.07500000000002,below,1.0
8742.0,-0.0219999999999984,8752.0,57.05,below,1.0
9134.0,-0.0139999999999993,9152.0,57.400000000000006,below,1.0
9074.0,-0.0219999999999984,9088.0,61.650000000000006,below,1.0
9.82,-0.0259999999999998,9824.0,70.6,below,0.0
8928.0,-0.0219999999999984,8942.0,49.900000000000006,below,1.0
8456.0,-0.0219999999999984,8.47,53325.0,below,1.0
8.56,-0.0180000000000006,8574.0,57075.0,below,1.0
9582.0,-0.0240000000000009,9592.0,67.35,below,1.0
8586.0,-0.0219999999999984,8602.0,55.02499999999999,below,1.0
8958.0,-0.0199999999999995,8976.0,54.82499999999999,below,1.0
8.27,-0.0240000000000009,8282.0,49125.0,below,1.0
8524.0,-0.0159999999999982,8.54,58.7,below,1.0
-0.0139999999999993,-0.0219999999999984,9802.0,53325.0,below,1.0
8292.0,-0.0199999999999995,8.31,55125.0,below,1.0
9718.0,-0.0240000000000009,9728.0,65025.0,below,0.0
8.25,-0.0199999999999995,8.26,56.80000000000001,below,1.0
9486.0,-0.0219999999999984,9506.0,54.69999999999999,below,1.0
8.99,-0.0219999999999984,9002.0,57625.0,below,1.0
9.4,-0.0240000000000009,9412.0,63.07499999999999,below,1.0
10096.0,-0.0139999999999993,10096.0,60975.0,below,1.0
8272.0,-0.0219999999999984,8282.0,57075.0,below,1.0
9968.0,-0.0259999999999998,9978.0,64.17500000000001,below,1.0
9.92,-0.0199999999999995,9928.0,71275.0,below,1.0
9594.0,-0.0159999999999982,9606.0,74.55000000000001,below,1.0
8542.0,-0.0240000000000009,8554.0,52175.0,below,1.0
8224.0,-0.0180000000000006,8238.0,66.5,below,1.0
8238.0,-0.0240000000000009,8248.0,49.45,above,0.0
-0.0060000000000002,1.83,9446.0,74725.0,below,1.0
9066.0,-0.0219999999999984,9078.0,66425.0,below,1.0
-0.0199999999999995,-0.0180000000000006,8.38,60.85000000000001,below,1.0
8.47,-0.0159999999999982,8484.0,56975.0,below,1.0
9448.0,-0.0259999999999998,9.46,61.87499999999999,below,1.0
9824.0,-0.0240000000000009,9828.0,69.0,below,0.0
8728.0,-0.0219999999999984,8744.0,51.69999999999999,below,1.0
8.7,-0.0240000000000009,8708.0,53225.0,below,1.0
8228.0,-0.0180000000000006,8246.0,57575.0,below,1.0
-0.0120000000000004,1.99,9532.0,57.69999999999999,below,1.0
9.24,-0.0219999999999984,9254.0,56.1,below,1.0
-0.0219999999999984,-0.0120000000000004,8134.0,66.10000000000001,below,1.0
9076.0,-0.0199999999999995,9.09,66.97500000000001,below,1.0
8158.0,-0.0180000000000006,8.17,64.6,below,1.0
-0.0139999999999993,-0.0139999999999993,8506.0,65.14999999999999,above,0.0
8482.0,-0.0199999999999995,8496.0,51725.0,below,1.0
9734.0,-0.0219999999999984,9748.0,67.65,below,1.0
8632.0,-0.0199999999999995,8646.0,65.19999999999999,below,1.0
9694.0,-0.0219999999999984,9706.0,69.55,below,1.0
8.69,-0.0180000000000006,8702.0,56.82499999999999,below,1.0
9.69,-0.0199999999999995,9.7,69.04999999999998,below,0.0
8.94,-0.0219999999999984,8954.0,67225.0,below,1.0
8922.0,-0.0240000000000009,8938.0,57.47500000000001,below,1.0
9898.0,-0.0199999999999995,9906.0,62.27499999999999,below,1.0
8.98,-0.0219999999999984,8994.0,61425.0,below,1.0
-0.0159999999999982,-0.0240000000000009,8888.0,51725.0,below,1.0
9064.0,-0.0180000000000006,9082.0,57.14999999999999,below,1.0
8764.0,-0.0219999999999984,8776.0,56325.0,below,1.0
9.1,-0.0199999999999995,9116.0,62.07499999999999,below,1.0
-0.0079999999999991,-0.009999999999998,9004.0,63.35,below,1.0
-0.0120000000000004,-0.0219999999999984,9.54,67575.0,below,1.0
2536.0,2.4220000000000006,10246.0,70825.0,above,0.0
8524.0,-0.0139999999999993,8.54,60575.0,below,1.0
10052.0,-0.0240000000000009,10054.0,63.775000000000006,below,1.0
8828.0,-0.0199999999999995,8.84,57.2,below,1.0
9214.0,-0.0199999999999995,9228.0,58975.0,below,1.0
9294.0,-0.0219999999999984,9306.0,60.400000000000006,below,1.0
8178.0,-0.0259999999999998,8186.0,55575.0,below,0.0
8714.0,-0.0139999999999993,8728.0,59425.0,below,1.0
9112.0,-0.0259999999999998,9.12,64.35,below,1.0
9908.0,-0.0219999999999984,9.92,56.3,below,1.0
8842.0,-0.0199999999999995,8856.0,59125.0,below,1.0
8236.0,-0.0199999999999995,8.25,49.7,below,1.0
-0.0120000000000004,-0.0219999999999984,9576.0,56.1,below,1.0
9746.0,-0.0120000000000004,9762.0,63675.0,below,1.0
9266.0,-0.0159999999999982,9284.0,59.000000000000014,below,1.0
9.06,-0.0259999999999998,9074.0,61.1,below,1.0
-0.0139999999999993,-0.0199999999999995,9414.0,66875.0,below,1.0
9484.0,-0.0199999999999995,9498.0,67625.0,below,1.0
8232.0,-0.0139999999999993,8248.0,59.87499999999999,below,1.0
9788.0,-0.0240000000000009,9.8,61.60000000000001,below,1.0
8.23,-0.0240000000000009,8242.0,51.42500000000001,below,1.0
8346.0,-0.0139999999999993,8.36,63.27499999999999,below,1.0
10118.0,-0.0199999999999995,10112.0,70.42500000000001,below,1.0
8772.0,-0.0240000000000009,8778.0,55.77499999999999,below,0.0
8.33,-0.0159999999999982,8346.0,65625.0,below,1.0
9616.0,-0.0259999999999998,9628.0,67.35,below,1.0
8366.0,-0.0219999999999984,8382.0,52.750000000000014,below,1.0
8928.0,-0.0240000000000009,8942.0,60425.0,below,1.0
-0.0139999999999993,-0.0240000000000009,9866.0,60.87499999999999,below,1.0
9908.0,-0.0120000000000004,9.92,66.65,below,1.0
10086.0,-0.0139999999999993,10092.0,57.1,below,1.0
9896.0,-0.0240000000000009,9904.0,65.14999999999999,below,1.0
10036.0,-0.0240000000000009,10038.0,70.95,below,1.0
8306.0,-0.0219999999999984,8312.0,59.275000000000006,below,0.0
-0.0120000000000004,-0.0199999999999995,9698.0,71025.0,below,1.0
-0.0079999999999991,0.6460000000000008,9162.0,77375.0,below,1.0
8.43,-0.0240000000000009,8444.0,51.22500000000001,below,1.0
-0.0060000000000002,2022.0,7.667999999999999,73825.0,below,1.0
9418.0,-0.0199999999999995,9438.0,59.89999999999999,below,1.0
9144.0,-0.0199999999999995,9158.0,59475.0,below,1.0
9394.0,-0.0159999999999982,9412.0,60.55,below,1.0
-0.0120000000000004,0.879999999999999,9838.0,64.07499999999999,below,1.0
8526.0,-0.0199999999999995,8544.0,56.77499999999999,below,1.0
-0.0139999999999993,-0.0199999999999995,9.09,61.97500000000001,below,1.0
9994.0,-0.0219999999999984,9998.0,60.400000000000006,below,1.0
-0.0139999999999993,-0.0240000000000009,9.61,69.6,below,0.0
9.76,-0.0259999999999998,9768.0,68.35,below,1.0
9748.0,-0.0240000000000009,9.76,61.92500000000001,below,1.0
9148.0,-0.0259999999999998,9.16,54125.0,below,1.0
8816.0,-0.0199999999999995,8826.0,54.80000000000001,below,1.0
8258.0,-0.0259999999999998,8.27,49.0,below,1.0
8508.0,-0.0199999999999995,8.52,56425.0,below,1.0
9718.0,-0.0219999999999984,9.73,67875.0,below,1.0
-0.0060000000000002,1.3859999999999992,7866.0,73.50000000000001,below,1.0
-0.0139999999999993,-0.0219999999999984,8974.0,63.775000000000006,below,1.0
8272.0,-0.0240000000000009,8282.0,51325.0,below,1.0
9008.0,-0.009999999999998,9.03,65025.0,below,1.0
8902.0,-0.0199999999999995,8916.0,64375.0,below,1.0
9304.0,-0.0199999999999995,9.32,57.02499999999999,below,1.0
8.37,-0.0240000000000009,8384.0,52.625000000000014,below,1.0
-0.0159999999999982,-0.0259999999999998,9312.0,50.35000000000001,below,1.0
9718.0,-0.0240000000000009,9728.0,65025.0,below,0.0
9904.0,-0.0199999999999995,9914.0,68.95,below,1.0
8908.0,-0.0279999999999986,8918.0,50.69999999999999,below,1.0
8598.0,-0.0199999999999995,8612.0,59.80000000000001,below,1.0
8908.0,-0.0159999999999982,8924.0,56.77499999999999,below,1.0
9128.0,-0.0199999999999995,9144.0,55.02499999999999,below,1.0
9734.0,-0.0279999999999986,9736.0,63375.0,below,0.0
9326.0,-0.0240000000000009,9338.0,59.775000000000006,below,1.0
8754.0,-0.0240000000000009,8768.0,53.49999999999999,below,1.0
8492.0,-0.0219999999999984,8502.0,62.97500000000001,below,1.0
9028.0,-0.0159999999999982,9046.0,57975.0,below,1.0
9406.0,-0.0219999999999984,9418.0,63575.0,below,1.0
9984.0,2084.0,10168.0,66.10000000000001,above,1.0
8928.0,-0.0240000000000009,8938.0,54.69999999999999,below,1.0
9.11,-0.0219999999999984,9124.0,62575.0,below,1.0
9382.0,-0.0279999999999986,9396.0,46.72500000000001,below,1.0
10188.0,-0.0199999999999995,10184.0,59.89999999999999,below,1.0
9292.0,-0.0180000000000006,9304.0,68.95,below,1.0
9.53,-0.0199999999999995,9546.0,51325.0,below,1.0
8532.0,-0.0199999999999995,8546.0,63175.0,below,1.0
8238.0,-0.0219999999999984,8248.0,58.775000000000006,below,0.0
8572.0,-0.0240000000000009,8588.0,51.8,below,1.0
-0.0079999999999991,2.146000000000001,8028.0,73.50000000000001,below,1.0
-0.0079999999999991,2164.0,8158.0,75.2,below,1.0
9692.0,-0.0180000000000006,9704.0,70725.0,below,1.0
9474.0,-0.0259999999999998,9486.0,65.45,below,1.0
8.7,-0.0159999999999982,8.72,58.02499999999999,below,1.0
8506.0,-0.0240000000000009,8518.0,59.45,below,1.0
8158.0,-0.0180000000000006,8.17,64.6,below,1.0
9.75,-0.0180000000000006,9768.0,59375.0,below,1.0
-0.0159999999999982,-0.0240000000000009,9224.0,52.400000000000006,below,1.0
9402.0,-0.0159999999999982,9418.0,59.525000000000006,below,1.0
8098.0,-0.0199999999999995,8108.0,56.45,below,1.0
-0.0159999999999982,-0.0199999999999995,8.44,61375.0,below,1.0
9.77,-0.0199999999999995,9778.0,70.35,below,1.0
8158.0,-0.0180000000000006,8.17,64.6,below,1.0
8586.0,-0.0240000000000009,8598.0,56.69999999999999,below,1.0
8274.0,-0.0240000000000009,8284.0,55.89999999999999,below,1.0
8562.0,-0.0259999999999998,8.57,58575.0,below,0.0
9718.0,-0.0240000000000009,9728.0,65025.0,below,0.0
8824.0,-0.0199999999999995,8842.0,55.77499999999999,below,1.0
8448.0,-0.0300000000000011,8.46,42625.0,below,1.0
9126.0,-0.0240000000000009,9138.0,59.07500000000002,below,1.0
9452.0,-0.0219999999999984,9466.0,61.87499999999999,below,1.0
9244.0,-0.0240000000000009,9252.0,64775.0,below,0.0
9182.0,-0.0199999999999995,9194.0,59.60000000000001,below,1.0
8144.0,-0.0180000000000006,8156.0,62675.0,below,1.0
8462.0,-0.0139999999999993,8478.0,55.5,below,1.0
8868.0,-0.0240000000000009,8876.0,58575.0,below,0.0
-0.0120000000000004,-0.0279999999999986,6.74,59375.0,below,1.0
9718.0,-0.0240000000000009,9728.0,65025.0,below,0.0
8494.0,-0.0199999999999995,8508.0,59.67499999999998,below,1.0
9442.0,-0.0219999999999984,9.45,61.14999999999999,below,1.0
8782.0,-0.0219999999999984,8798.0,57.0,below,1.0
9308.0,-0.0279999999999986,9.32,64.55,below,1.0
9286.0,-0.0219999999999984,9298.0,59.35,below,1.0
-0.009999999999998,2202.0,8.16,75025.0,below,1.0
8576.0,-0.0240000000000009,8588.0,53975.0,below,1.0
9356.0,-0.0219999999999984,9366.0,63.525000000000006,below,1.0
8304.0,-0.0259999999999998,8312.0,49.775000000000006,below,1.0
8784.0,-0.0240000000000009,8798.0,54.400000000000006,below,1.0
8108.0,-0.0240000000000009,8118.0,55325.0,below,1.0
8796.0,-0.0219999999999984,8814.0,51.69999999999999,below,1.0
9.77,-0.0219999999999984,9776.0,70.22500000000001,below,0.0
8.92,-0.0240000000000009,8.93,58.02499999999999,below,1.0
9542.0,-0.0259999999999998,9552.0,58.60000000000001,below,1.0
10096.0,-0.0199999999999995,10094.0,73.70000000000002,below,1.0
9176.0,-0.0259999999999998,9188.0,44.55,below,1.0
9336.0,-0.0219999999999984,9348.0,62.3,below,1.0
8768.0,-0.0219999999999984,8.78,57.3,below,1.0
-0.0040000000000013,2006.0,8782.0,75125.0,below,1.0
9258.0,-0.0219999999999984,9274.0,61.650000000000006,below,1.0
8.72,-0.0259999999999998,8732.0,50325.0,below,1.0
8326.0,-0.0180000000000006,8.34,61.72500000000001,below,1.0
9248.0,-0.0240000000000009,9262.0,56325.0,below,1.0
8.33,-0.0219999999999984,8.34,52.0,below,1.0
-0.0159999999999982,-0.0219999999999984,9072.0,61.85000000000001,below,0.0
9388.0,-0.0199999999999995,9.4,66725.0,below,1.0
8586.0,-0.0180000000000006,8.6,64.17500000000001,below,1.0
8806.0,-0.0219999999999984,8816.0,59.400000000000006,below,1.0
8552.0,-0.0240000000000009,8.56,57375.0,below,0.0
9234.0,-0.0219999999999984,9252.0,51.82500000000002,below,1.0
9504.0,-0.0259999999999998,9.51,65.39999999999999,below,0.0
-0.009999999999998,2.103999999999999,7.928000000000001,74.77499999999999,below,1.0
8344.0,-0.0199999999999995,8356.0,62.07499999999999,below,1.0
8088.0,-0.0240000000000009,8098.0,50325.0,below,1.0
9148.0,-0.0180000000000006,9158.0,67.12499999999999,below,0.0
8.27,-0.0219999999999984,8.28,54.62499999999999,below,1.0
8822.0,-0.0180000000000006,8836.0,68.30000000000001,below,1.0
10.22,0.3460000000000001,10.21,67.12499999999999,below,0.0
9384.0,-0.0180000000000006,9398.0,56.02499999999999,below,1.0
8.24,-0.0240000000000009,8252.0,56.1,below,1.0
-0.0120000000000004,-0.0240000000000009,10026.0,61175.0,below,1.0
8212.0,-0.0240000000000009,8226.0,56.525000000000006,below,1.0
8158.0,-0.0180000000000006,8.17,64.6,below,1.0
8.91,-0.0219999999999984,8926.0,53.89999999999999,below,1.0
8104.0,-0.0240000000000009,8116.0,56.275000000000006,below,1.0
8288.0,-0.0219999999999984,8298.0,60.94999999999999,below,1.0
9892.0,-0.0199999999999995,9898.0,73025.0,below,0.0
8.3,-0.0240000000000009,8306.0,51.67500000000001,below,0.0
8834.0,-0.0240000000000009,8842.0,53.42499999999998,below,1.0
9336.0,-0.0159999999999982,9354.0,59.525000000000006,below,1.0
8402.0,-0.0139999999999993,8422.0,61125.0,below,1.0
9126.0,-0.0159999999999982,9144.0,59.67499999999998,below,1.0
9796.0,-0.0199999999999995,9802.0,71.85,below,1.0
-0.0120000000000004,1.7379999999999995,8964.0,73.05,below,1.0
9504.0,-0.0199999999999995,9518.0,61.25,below,1.0
9.79,-0.0259999999999998,9.8,61.72500000000001,below,1.0
8274.0,-0.0240000000000009,8284.0,55.89999999999999,below,1.0
9.16,-0.0219999999999984,9172.0,55.62499999999999,below,1.0
9.48,-0.0219999999999984,9494.0,55.0,below,1.0
-0.0079999999999991,1.998000000000001,8748.0,74175.0,below,1.0
-0.009999999999998,-0.0199999999999995,5.901999999999999,54.1,below,1.0
-0.0120000000000004,0.7259999999999991,8698.0,73.95,below,1.0
9146.0,-0.0240000000000009,9156.0,57.1,below,1.0
8634.0,-0.0219999999999984,8642.0,56.60000000000001,below,1.0
9104.0,-0.0219999999999984,9122.0,53.0,below,1.0
-0.0079999999999991,2.24,8.12,76.49999999999999,below,1.0
9144.0,-0.0219999999999984,9156.0,66.97500000000001,below,1.0
8238.0,-0.0240000000000009,8248.0,49.45,below,1.0
8062.0,-0.0199999999999995,8078.0,53.525000000000006,below,1.0
-0.0120000000000004,-0.0199999999999995,9334.0,66.6,below,1.0
8.58,-0.0139999999999993,8602.0,56.80000000000001,below,1.0
9284.0,-0.0199999999999995,9298.0,68.15,below,1.0
-0.0079999999999991,-0.0180000000000006,9.54,71.30000000000001,below,1.0
8074.0,-0.0159999999999982,8088.0,56.275000000000006,below,1.0
8272.0,-0.0199999999999995,8288.0,61.94999999999999,below,1.0
8.4,-0.0259999999999998,8.41,59475.0,below,0.0
9464.0,-0.0240000000000009,9476.0,59.89999999999999,below,1.0
8442.0,-0.0240000000000009,8454.0,57.60000000000001,below,1.0
-0.0180000000000006,-0.0180000000000006,8744.0,51875.0,below,1.0
-0.0199999999999995,-0.0199999999999995,8.37,61.80000000000001,below,1.0
9122.0,-0.0139999999999993,9146.0,59.07500000000002,below,1.0
9846.0,-0.0139999999999993,9.86,75.69999999999999,below,1.0
9562.0,-0.0159999999999982,9578.0,59375.0,below,1.0
10.13,-0.0199999999999995,10126.0,64.97500000000001,below,1.0
-0.0180000000000006,-0.0240000000000009,8618.0,53.35000000000001,below,1.0
8454.0,-0.0219999999999984,8.47,52.67500000000001,below,1.0
8.88,-0.0180000000000006,8898.0,57.275000000000006,below,1.0
9622.0,-0.0219999999999984,9634.0,67.75,below,1.0
9008.0,-0.0199999999999995,9026.0,51.49999999999999,below,1.0
9.27,-0.0240000000000009,9278.0,64225.0,below,0.0
-0.0159999999999982,-0.0199999999999995,9306.0,53725.0,below,1.0
8804.0,-0.0219999999999984,8816.0,55.150000000000006,below,1.0
9934.0,-0.0240000000000009,9.94,68.52499999999999,below,1.0
8296.0,-0.0219999999999984,8308.0,61175.0,below,1.0
8458.0,-0.0199999999999995,8.47,52.82500000000002,below,1.0
8582.0,-0.0240000000000009,8596.0,58425.0,below,1.0
9438.0,-0.0240000000000009,9454.0,55.89999999999999,below,1.0
-0.0060000000000002,782.0,9542.0,76875.0,below,1.0
9304.0,-0.0199999999999995,9316.0,68.19999999999999,below,1.0
9876.0,-0.0259999999999998,9882.0,66025.0,below,1.0
9012.0,-0.0259999999999998,9026.0,58.2,below,1.0
-0.009999999999998,0.6479999999999997,9208.0,73925.0,below,1.0
10.09,-0.0240000000000009,10.09,62.6,below,1.0
8392.0,-0.0219999999999984,8406.0,53225.0,below,1.0
8632.0,-0.0199999999999995,8646.0,61.3,below,1.0
9078.0,-0.0240000000000009,9086.0,64025.0,below,0.0
8126.0,-0.0219999999999984,8138.0,56.0,below,1.0
9838.0,-0.0240000000000009,9848.0,62.000000000000014,below,1.0
8222.0,-0.0240000000000009,8.23,51.47500000000001,below,1.0
8386.0,-0.0180000000000006,8402.0,54.80000000000001,below,1.0
9888.0,-0.0199999999999995,9894.0,72025.0,below,1.0
9.8,-0.0259999999999998,9808.0,71.57500000000002,below,1.0
8.99,-0.0219999999999984,8998.0,59.1,below,0.0
8588.0,-0.0240000000000009,8.6,56.3,below,1.0
8486.0,-0.0199999999999995,8498.0,60.67499999999998,below,1.0
-0.0120000000000004,-0.0240000000000009,5.534000000000001,41.75,below,1.0
8246.0,-0.0219999999999984,8256.0,59175.0,below,1.0
-0.0139999999999993,-0.0139999999999993,8506.0,65.14999999999999,below,1.0
-0.0120000000000004,0.5419999999999998,9.96,74.15,below,0.0
9.87,-0.0240000000000009,9882.0,50925.0,below,1.0
8986.0,-0.0240000000000009,8992.0,62.85000000000001,below,0.0
8498.0,-0.0219999999999984,8.51,49125.0,below,1.0
9964.0,-0.0199999999999995,9.97,56.80000000000001,below,1.0
8.61,-0.0120000000000004,8626.0,61.000000000000014,below,1.0
9242.0,-0.0180000000000006,9258.0,58.0,below,1.0
8892.0,-0.0199999999999995,8906.0,56.400000000000006,below,1.0
9.53,-0.0240000000000009,9544.0,66025.0,below,1.0
8126.0,-0.0240000000000009,8134.0,48725.0,below,1.0
8954.0,-0.0199999999999995,8968.0,63.650000000000006,below,1.0
-0.0079999999999991,-0.0139999999999993,10.05,59.2,below,1.0
9964.0,-0.0259999999999998,9966.0,71475.0,below,0.0
9904.0,-0.0259999999999998,9916.0,59.14999999999999,below,1.0
-0.0159999999999982,-0.0199999999999995,8542.0,61.27499999999999,below,1.0
9036.0,-0.0219999999999984,9046.0,58.47500000000001,below,1.0
9146.0,-0.0259999999999998,9156.0,53.82499999999999,below,1.0
9724.0,-0.0180000000000006,9738.0,69725.0,below,1.0
9732.0,-0.0219999999999984,9746.0,66.97500000000001,below,1.0
9042.0,-0.0139999999999993,9.06,62.27499999999999,below,1.0
9166.0,-0.0279999999999986,9172.0,47.150000000000006,below,0.0
-0.0139999999999993,-0.0219999999999984,8974.0,64375.0,below,0.0
8222.0,-0.0219999999999984,8236.0,50.52499999999999,below,1.0
9572.0,-0.0180000000000006,9.59,59.275000000000006,below,1.0
9718.0,-0.0240000000000009,9728.0,65025.0,above,0.0
9292.0,-0.0199999999999995,9308.0,58.7,below,1.0
9712.0,-0.0180000000000006,9724.0,70.37500000000001,below,1.0
9182.0,-0.0180000000000006,9.2,57.60000000000001,below,1.0
-0.0219999999999984,0.0620000000000011,8116.0,54.0,below,1.0
9.36,-0.0240000000000009,9374.0,56.0,below,1.0
-0.009999999999998,-0.0159999999999982,9.53,72.42500000000001,below,1.0
8.53,-0.0240000000000009,8542.0,56125.0,below,1.0
-32.0,-0.0219999999999984,8112.0,58375.0,below,1.0
9074.0,-0.0219999999999984,9086.0,55125.0,below,1.0
9908.0,-0.0259999999999998,9916.0,65675.0,below,1.0
9.69,-0.0180000000000006,9.7,71.15,below,0.0
10212.0,1.6920000000000002,10222.0,69.24999999999999,above,1.0
8986.0,-0.0199999999999995,8998.0,65575.0,below,1.0
9308.0,-0.0180000000000006,9324.0,58.2,below,1.0
9562.0,-0.0259999999999998,9574.0,65475.0,below,1.0
9586.0,-0.0219999999999984,9598.0,61.20000000000002,below,1.0
8926.0,-0.0159999999999982,8944.0,57975.0,below,1.0
8.33,-0.0199999999999995,8344.0,55.650000000000006,below,1.0
-0.0139999999999993,-0.0219999999999984,9642.0,63825.0,below,1.0
8.25,-0.0199999999999995,8262.0,59175.0,below,1.0
9502.0,-0.0219999999999984,9.52,54375.0,below,1.0
8372.0,-0.0279999999999986,8384.0,47.0,below,1.0
-0.0120000000000004,-0.0180000000000006,8948.0,56175.0,below,1.0
-0.0199999999999995,-0.0180000000000006,8288.0,62825.0,below,1.0
-0.0060000000000002,1.86,8.84,75.64999999999999,below,1.0
9.48,-0.0240000000000009,9494.0,68625.0,below,1.0
8516.0,-0.0240000000000009,8524.0,55425.0,below,0.0
-0.009999999999998,0.7279999999999998,8696.0,73725.0,below,1.0
9152.0,-0.0240000000000009,9166.0,55.5,below,1.0
8696.0,-0.0259999999999998,8.71,57.74999999999999,below,1.0
8308.0,-0.0180000000000006,8324.0,54.1,below,1.0
-0.0040000000000013,1548.0,7.907999999999999,76.4,below,1.0
8702.0,-0.0199999999999995,8716.0,67.15,below,1.0
9078.0,-0.0199999999999995,9092.0,58.275000000000006,below,1.0
8.99,-0.0219999999999984,9002.0,56.62499999999999,below,1.0
8428.0,-0.0240000000000009,8.44,50725.0,below,1.0
8596.0,-0.0219999999999984,8612.0,59.650000000000006,below,1.0
9718.0,-0.0240000000000009,9728.0,65025.0,below,0.0
9282.0,-0.0240000000000009,9296.0,56.62499999999999,below,1.0
8.76,-0.0159999999999982,8778.0,59425.0,below,1.0
9482.0,-0.0219999999999984,9494.0,65.85000000000001,below,1.0
8.48,-0.0240000000000009,8492.0,55225.0,below,1.0
8.42,-0.0259999999999998,8.43,56.67500000000001,below,1.0
8448.0,-0.0199999999999995,8.46,57.89999999999999,below,1.0
9.06,-0.0219999999999984,9072.0,56.67500000000001,below,1.0
9.1,-0.0199999999999995,9.11,63.14999999999999,below,1.0
9392.0,-0.0240000000000009,9404.0,57.60000000000001,below,1.0
8544.0,-0.0139999999999993,8562.0,56.400000000000006,below,1.0
9856.0,-0.0199999999999995,9862.0,65.17500000000001,below,1.0
9144.0,-0.0219999999999984,9158.0,66375.0,below,1.0
8398.0,-0.0199999999999995,8412.0,61475.0,below,1.0
8.86,-0.0180000000000006,8874.0,64.72500000000001,below,1.0
9718.0,-0.0240000000000009,9728.0,65025.0,below,0.0
8512.0,-0.0219999999999984,8526.0,58.1,below,1.0
9466.0,-0.0219999999999984,9476.0,65625.0,below,1.0
-0.0079999999999991,1936.0,8822.0,73875.0,below,1.0
8158.0,-0.0180000000000006,8.17,64.6,below,1.0
9324.0,-0.0159999999999982,9342.0,58.650000000000006,below,1.0
9338.0,-0.0259999999999998,9348.0,63.7,below,1.0
8654.0,-0.0219999999999984,8668.0,55.275000000000006,below,1.0
9784.0,-0.0259999999999998,9794.0,69.44999999999999,below,1.0
9004.0,-0.0180000000000006,9.02,52.69999999999999,below,1.0
9358.0,-0.0219999999999984,9.37,61575.0,below,1.0
9106.0,-0.0240000000000009,9114.0,69075.0,below,0.0
-0.0139999999999993,-0.0139999999999993,8506.0,65.14999999999999,below,1.0
9532.0,-0.0240000000000009,9544.0,63.775000000000006,below,1.0
-0.0259999999999998,-0.0180000000000006,8068.0,62.25,below,1.0
-0.0139999999999993,-0.0240000000000009,10044.0,62.85000000000001,below,1.0
8402.0,-0.0240000000000009,8414.0,54.525000000000006,below,1.0
8764.0,-0.0199999999999995,8778.0,56.0,below,1.0
8648.0,-0.0219999999999984,8662.0,59.000000000000014,below,1.0
8238.0,-0.0240000000000009,8248.0,49.45,above,0.0
8688.0,-0.0219999999999984,8.7,59975.0,below,1.0
8236.0,-0.0240000000000009,8244.0,57625.0,below,0.0
8318.0,-0.0219999999999984,8332.0,52125.0,below,1.0
9.95,-0.0219999999999984,9958.0,65.25000000000001,below,1.0
-0.0079999999999991,2.056000000000001,8356.0,76375.0,below,1.0
-0.0060000000000002,1.5760000000000003,8048.0,76.2,below,1.0
8122.0,-0.0219999999999984,8132.0,54725.0,below,1.0
8.3,-0.0199999999999995,8314.0,60.82499999999999,below,1.0
9592.0,-0.0180000000000006,9604.0,73.95,below,1.0
8.19,-0.0159999999999982,8202.0,62.7,below,1.0
8962.0,-0.0240000000000009,8974.0,59975.0,below,1.0
8632.0,-0.0240000000000009,8646.0,55.400000000000006,below,1.0
8266.0,-0.0259999999999998,8278.0,49.150000000000006,below,1.0
8468.0,-0.0240000000000009,8482.0,53.25,below,1.0
-0.0060000000000002,-0.0120000000000004,9.3,61425.0,below,1.0
9494.0,-0.0219999999999984,9.51,52125.0,below,1.0
9718.0,-0.0240000000000009,9724.0,68425.0,below,0.0
10.06,-0.0199999999999995,10.06,58.525000000000006,below,1.0
10082.0,-0.0159999999999982,10.08,55.2,below,1.0
8.7,-0.0219999999999984,8712.0,59125.0,below,1.0
9966.0,-0.0180000000000006,9972.0,55.80000000000001,below,1.0
8154.0,-0.0240000000000009,8168.0,51.400000000000006,below,1.0
8682.0,-0.0199999999999995,8694.0,67.05000000000001,below,1.0
9686.0,-0.0159999999999982,9702.0,60.85000000000001,below,1.0
-0.0120000000000004,-0.0259999999999998,9922.0,48675.0,below,1.0
9.61,-0.0240000000000009,9622.0,67.17500000000001,below,1.0
8264.0,-0.0259999999999998,8276.0,50.6,below,1.0
8508.0,-0.0199999999999995,8522.0,55325.0,below,1.0
-0.0139999999999993,-0.0259999999999998,9192.0,62.94999999999999,below,0.0
9058.0,-0.0240000000000009,9.07,57.60000000000001,below,1.0
9374.0,-0.0219999999999984,9.39,60975.0,below,1.0
8526.0,-0.0199999999999995,8.54,50.44999999999999,below,1.0
-0.0240000000000009,-0.0180000000000006,8204.0,55.47500000000001,below,1.0
-0.0199999999999995,-0.0219999999999984,8404.0,55.02499999999999,below,1.0
8.38,-0.0240000000000009,8394.0,50.400000000000006,below,1.0
9428.0,-0.0219999999999984,9.44,57.5,below,1.0
9676.0,-0.0259999999999998,9688.0,66.65,below,1.0
9.53,-0.0199999999999995,9548.0,57.69999999999999,below,1.0
9906.0,-0.0240000000000009,9912.0,63175.0,below,0.0
9406.0,-0.0199999999999995,9416.0,67.0,below,1.0
9812.0,-0.0240000000000009,9824.0,64.92500000000001,below,1.0
8878.0,-0.0159999999999982,8892.0,68.32499999999999,below,1.0
-0.0079999999999991,2.001999999999999,8.83,74325.0,below,1.0
9148.0,-0.0180000000000006,9.16,66.07499999999999,below,1.0
9814.0,-0.0219999999999984,9822.0,63.99999999999999,below,1.0
8128.0,-0.0199999999999995,8138.0,52.35000000000001,below,1.0
9862.0,-0.0219999999999984,9872.0,71.35000000000001,below,1.0
-0.0139999999999993,-0.0139999999999993,8506.0,65.14999999999999,below,1.0
-0.0079999999999991,2058.0,8372.0,76275.0,below,1.0
8348.0,-0.0240000000000009,8.36,50.49999999999999,below,1.0
9848.0,-0.0180000000000006,9862.0,57.0,below,1.0
10.19,-0.0159999999999982,10184.0,60.775000000000006,below,1.0
9292.0,-0.0240000000000009,9304.0,58.5,below,1.0
8.2,-0.0240000000000009,8212.0,50.0,below,1.0
8122.0,-0.0199999999999995,8134.0,49425.0,below,1.0
8112.0,-0.0219999999999984,8122.0,55225.0,below,1.0
8708.0,-0.0259999999999998,8.72,57.67500000000001,below,1.0
-0.0139999999999993,-0.0139999999999993,8506.0,65.14999999999999,below,1.0
9224.0,-0.0259999999999998,9.23,56.525000000000006,below,0.0
9056.0,-0.0240000000000009,9066.0,57.3,below,0.0
8658.0,-0.0219999999999984,8672.0,56.72500000000001,below,1.0
-0.0079999999999991,0.7199999999999989,8616.0,77.8,below,1.0
-0.0120000000000004,0.7720000000000002,9488.0,75725.0,below,1.0
8764.0,-0.0199999999999995,8776.0,56.3,below,1.0
8.48,-0.0180000000000006,8496.0,54.60000000000001,below,1.0
8374.0,-0.0199999999999995,8386.0,56325.0,below,1.0
8412.0,-0.0259999999999998,8424.0,42.5,below,1.0
9378.0,-0.0199999999999995,9396.0,57.72500000000001,below,1.0
8516.0,-0.0219999999999984,8528.0,55.60000000000001,below,1.0
9248.0,-0.0159999999999982,9258.0,69.95,below,1.0
8218.0,-0.0159999999999982,8236.0,57175.0,below,1.0
9064.0,-0.0219999999999984,9074.0,63.125000000000014,below,0.0
9044.0,-0.0199999999999995,9058.0,67.19999999999999,below,1.0
9.83,-0.0199999999999995,9832.0,72.32499999999999,below,0.0
8.49,-0.0199999999999995,8508.0,56.54999999999998,below,1.0
9262.0,-0.0180000000000006,9278.0,66.55,below,1.0
-0.0120000000000004,-0.0219999999999984,10048.0,56.35,below,1.0
9034.0,-0.0199999999999995,9046.0,55.60000000000001,below,1.0
9746.0,-0.0240000000000009,9758.0,68.55,below,1.0
8814.0,-0.0219999999999984,8828.0,50.49999999999999,below,1.0
9.41,-0.0219999999999984,9424.0,62.27499999999999,below,1.0
8116.0,-0.0219999999999984,8128.0,52.2,below,1.0
10074.0,-0.0240000000000009,10076.0,71475.0,below,1.0
9086.0,-0.0199999999999995,9102.0,57.2,below,1.0
9232.0,-0.0240000000000009,9246.0,61.000000000000014,below,1.0
9614.0,-0.0199999999999995,9632.0,57.775000000000006,below,1.0
9838.0,-0.0199999999999995,9.85,58425.0,below,1.0
-0.0139999999999993,-0.0139999999999993,8506.0,65.14999999999999,below,1.0
8.97,-0.0219999999999984,8.98,58.400000000000006,below,1.0
-0.0079999999999991,-0.0219999999999984,9762.0,73025.0,below,1.0
8556.0,-0.0259999999999998,8568.0,58.275000000000006,below,1.0
9218.0,-0.0259999999999998,9226.0,67.55,below,0.0
9708.0,-0.0240000000000009,9.72,67.15,below,1.0
8384.0,-0.0159999999999982,8394.0,61.94999999999999,below,1.0
8332.0,-0.0219999999999984,8346.0,58.14999999999999,below,1.0
-0.0060000000000002,2022.0,7734.0,75.0,below,1.0
9864.0,-0.0240000000000009,9872.0,73.57499999999999,below,0.0
8448.0,-0.0240000000000009,8458.0,54.3,below,1.0
9.39,-0.0120000000000004,9406.0,69.15,below,1.0
8202.0,-0.0240000000000009,8214.0,48725.0,below,1.0
9144.0,-0.0139999999999993,9158.0,68.15,below,1.0
8.15,-0.0219999999999984,8162.0,52.47500000000001,below,1.0
9.46,-0.0219999999999984,9474.0,66.65,below,1.0
8302.0,-0.0240000000000009,8314.0,54125.0,below,1.0
8756.0,-0.0219999999999984,8772.0,52.05,below,1.0
9428.0,-0.0240000000000009,9446.0,52.82500000000002,below,1.0
8126.0,-0.0180000000000006,8136.0,54.85,below,1.0
8.5,-0.0240000000000009,8512.0,50.22500000000001,below,1.0
8356.0,-0.0219999999999984,8364.0,57.69999999999999,below,0.0
8.15,-0.0240000000000009,8162.0,56.400000000000006,below,1.0
8104.0,-0.0219999999999984,8114.0,54.57499999999999,below,1.0
-0.0219999999999984,-0.0219999999999984,8646.0,53.1,above,1.0
8822.0,-0.0240000000000009,8838.0,58.85000000000001,below,1.0
-0.009999999999998,-0.0219999999999984,9654.0,53.64999999999999,below,1.0
8266.0,-0.0219999999999984,8274.0,54725.0,below,1.0
8432.0,-0.0259999999999998,8444.0,53.025000000000006,below,1.0
8504.0,-0.0240000000000009,8518.0,57.72500000000001,below,1.0
9642.0,-0.0240000000000009,9.65,69.35,below,0.0
8494.0,-0.0240000000000009,8508.0,58125.0,below,1.0
9048.0,-0.0159999999999982,9066.0,59.3,below,1.0
8474.0,-0.0240000000000009,8484.0,57225.0,below,1.0
8506.0,-0.0219999999999984,8.52,56.67500000000001,below,1.0
-0.0079999999999991,1.998000000000001,8738.0,74.57499999999999,below,1.0
9518.0,-0.0139999999999993,9.53,72125.0,below,1.0
9036.0,-0.0240000000000009,9048.0,55.1,below,1.0
-0.009999999999998,0.7199999999999989,9.55,77125.0,below,1.0
-0.0040000000000013,2058.0,7778.0,74825.0,below,1.0
8184.0,-0.0199999999999995,8198.0,60.87499999999999,below,1.0
9552.0,-0.0180000000000006,9.57,57.72500000000001,below,1.0
-0.009999999999998,0.3000000000000007,10108.0,67825.0,below,1.0
-0.0139999999999993,1962.0,8552.0,73.8,below,1.0
9966.0,-0.0219999999999984,9978.0,64875.0,below,1.0
8348.0,-0.0180000000000006,8364.0,54.42499999999998,below,1.0
8418.0,-0.0199999999999995,8428.0,58.89999999999999,below,1.0
-0.0120000000000004,1.5279999999999987,8562.0,74125.0,below,1.0
8254.0,-32.0,8264.0,37.5,below,1.0
-0.0079999999999991,0.6959999999999997,8816.0,74.44999999999999,below,1.0
8834.0,-0.0240000000000009,8846.0,54175.0,below,1.0
8158.0,-0.0180000000000006,8.17,64.6,below,1.0
9712.0,-0.0240000000000009,9726.0,68.17500000000001,below,1.0
8174.0,-0.0240000000000009,8186.0,53.60000000000001,below,1.0
10.16,-0.0219999999999984,10158.0,59.275000000000006,below,1.0
8746.0,-0.0219999999999984,8756.0,55.77499999999999,below,1.0
8198.0,-0.0259999999999998,8208.0,54.62499999999999,below,1.0
8498.0,-0.0240000000000009,8.51,57.0,below,1.0
9372.0,-0.0240000000000009,9382.0,67.25000000000001,below,0.0
8.1,-0.0219999999999984,8112.0,51.42500000000001,below,1.0
9374.0,-0.0159999999999982,9392.0,60175.0,below,1.0
9542.0,-0.0180000000000006,9556.0,68.7,below,1.0
9326.0,-0.0199999999999995,9342.0,56.35,below,1.0
8256.0,-0.0139999999999993,8278.0,57125.0,below,1.0
-0.009999999999998,-0.0199999999999995,9536.0,67425.0,below,1.0
-0.0139999999999993,-0.0139999999999993,8506.0,65.14999999999999,below,1.0
9076.0,-0.0139999999999993,9096.0,58975.0,below,1.0
8876.0,-0.0240000000000009,8888.0,60.94999999999999,below,1.0
9376.0,-0.0139999999999993,9392.0,65225.0,below,1.0
-0.0040000000000013,1946.0,7.965999999999999,75.49999999999999,below,1.0
10054.0,-0.0219999999999984,10056.0,69.19999999999999,below,1.0
9062.0,-0.0240000000000009,9076.0,59975.0,below,1.0
9156.0,-0.0180000000000006,9172.0,58.25,below,1.0
9366.0,-0.0199999999999995,9.38,66.92499999999998,below,1.0
9164.0,-0.0219999999999984,9.17,68.75,below,0.0
-0.0139999999999993,-0.0219999999999984,9436.0,64.35,below,1.0
-0.0079999999999991,1.6660000000000004,9482.0,74.4,below,1.0
8662.0,-0.0240000000000009,8674.0,54.05,below,1.0
9522.0,-0.0240000000000009,9534.0,63575.0,below,1.0
8086.0,-0.0259999999999998,8094.0,56.89999999999999,below,1.0
-0.009999999999998,0.7639999999999993,9312.0,75.15,below,1.0
8.91,-0.0259999999999998,8.92,66475.0,below,0.0
8692.0,-0.0219999999999984,8708.0,57.1,below,1.0
9084.0,-0.0219999999999984,9098.0,51.625000000000014,below,1.0
8506.0,-0.0219999999999984,8.52,55.1,below,1.0
-0.009999999999998,-0.0199999999999995,9414.0,65.27499999999999,below,1.0
8408.0,-0.0180000000000006,8422.0,53.60000000000001,below,1.0
8634.0,-0.0219999999999984,8648.0,59475.0,below,1.0
8146.0,-0.0219999999999984,8158.0,58.1,below,1.0
9.81,-0.0240000000000009,9.82,65.97500000000001,below,1.0
9278.0,-0.0219999999999984,9.29,66.3,below,1.0
8164.0,-0.0240000000000009,8176.0,55.80000000000001,below,1.0
9888.0,-0.0180000000000006,9902.0,70.15,below,1.0
8968.0,-0.0219999999999984,8984.0,63.75,below,1.0
8638.0,-0.0219999999999984,8652.0,62.07499999999999,below,1.0
-0.0219999999999984,-0.0219999999999984,8522.0,53.275000000000006,below,1.0
9352.0,-0.0240000000000009,9.36,56125.0,below,1.0
8754.0,-0.0120000000000004,8774.0,60.07499999999999,below,1.0
8854.0,-0.0180000000000006,8874.0,57.89999999999999,below,1.0
9272.0,-0.0219999999999984,9.29,56.60000000000001,below,1.0
-0.0139999999999993,-0.0139999999999993,8506.0,65.14999999999999,below,1.0
8392.0,-0.0199999999999995,8408.0,54.2,below,1.0
8.93,-0.0219999999999984,8.94,59.87499999999999,below,1.0
9372.0,-0.0219999999999984,9384.0,64375.0,below,1.0
8682.0,-0.0219999999999984,8694.0,57.82499999999999,below,1.0
10094.0,-0.0240000000000009,10088.0,66725.0,below,1.0
-0.0079999999999991,2.1580000000000013,8052.0,73.55000000000001,below,1.0
9424.0,-0.0219999999999984,9442.0,53.025000000000006,below,1.0
0.0220000000000002,-0.0240000000000009,9.76,71.55,below,1.0
9304.0,-0.0159999999999982,9326.0,59.80000000000001,below,1.0
8.17,-0.0279999999999986,8178.0,45.55,below,1.0
9618.0,-0.0219999999999984,9636.0,45.55,below,1.0
-0.0120000000000004,-0.0219999999999984,9666.0,65.3,below,1.0
-0.009999999999998,-0.0219999999999984,9692.0,65375.0,below,1.0
8392.0,-0.0219999999999984,8406.0,60.000000000000014,below,1.0
9508.0,-0.0219999999999984,9518.0,66825.0,below,1.0
9356.0,-0.0199999999999995,9.37,67.05000000000001,below,1.0
9082.0,-0.0240000000000009,9096.0,61.7,below,1.0
9558.0,-0.0199999999999995,9572.0,66.65,below,1.0
-0.009999999999998,2.42,7.48,70.04999999999998,below,1.0
9.61,-0.0219999999999984,9.62,62175.0,below,1.0
8452.0,-0.0240000000000009,8462.0,52.45,below,1.0
8158.0,-0.0180000000000006,8.17,64.6,below,1.0
9338.0,-0.0219999999999984,9352.0,53.1,below,1.0
8.36,-0.0219999999999984,8372.0,58175.0,below,1.0
8912.0,-0.0159999999999982,8928.0,60.75,below,1.0
9366.0,-0.0159999999999982,9386.0,59.60000000000001,below,1.0
8.38,-0.0240000000000009,8392.0,52.1,below,1.0
8.48,-0.0219999999999984,8.49,56.3,below,1.0
8692.0,-0.0259999999999998,8704.0,49725.0,below,1.0
9.33,-0.0240000000000009,9342.0,66.45,below,1.0
8652.0,-0.0240000000000009,8664.0,52.89999999999999,below,1.0
8.32,-0.0219999999999984,8334.0,51975.0,below,1.0
9526.0,-0.0199999999999995,9538.0,67425.0,below,1.0
8746.0,-0.0219999999999984,8758.0,54.95000000000002,below,1.0
9456.0,-0.0159999999999982,9476.0,59.400000000000006,below,1.0
8.28,-0.0219999999999984,8.29,54225.0,below,1.0
8232.0,-0.0139999999999993,8252.0,57.89999999999999,below,1.0
9314.0,-0.0199999999999995,9326.0,67.05000000000001,below,1.0
8514.0,-0.0219999999999984,8526.0,54725.0,below,1.0
8734.0,-0.0240000000000009,8746.0,54725.0,below,1.0
8202.0,-0.0240000000000009,8212.0,48.75,below,1.0
8.23,-0.0199999999999995,8242.0,62675.0,below,1.0
8.26,-0.0219999999999984,8.27,54.0,below,1.0
8648.0,-0.0240000000000009,8.66,55.82499999999999,below,1.0
9596.0,-0.0240000000000009,9602.0,69075.0,below,0.0
8904.0,-0.0240000000000009,8916.0,51.85,below,1.0
9504.0,-0.0120000000000004,9526.0,59975.0,below,1.0
8.44,-0.0240000000000009,8452.0,49.02499999999999,below,1.0
10004.0,-0.0180000000000006,10004.0,71.39999999999999,below,1.0
9414.0,-0.0219999999999984,9426.0,59575.0,below,1.0
-0.0120000000000004,-0.0199999999999995,9106.0,69.7,below,1.0
-0.0199999999999995,-0.0259999999999998,8556.0,55.2,below,1.0
8954.0,-0.0240000000000009,8966.0,54.82499999999999,below,1.0
8.61,-0.0219999999999984,8622.0,55.45,below,1.0
9.89,-0.0199999999999995,9.9,54.0,below,1.0
8786.0,-0.0199999999999995,8802.0,61.75,below,1.0
8.79,-0.0199999999999995,8802.0,57.5,below,1.0
9276.0,-0.0219999999999984,9.29,66.52499999999999,below,1.0
8608.0,-0.0240000000000009,8618.0,52.2,below,1.0
9174.0,-0.0159999999999982,9188.0,67.15,below,1.0
8298.0,-0.0240000000000009,8.31,56.80000000000001,below,1.0
8158.0,-0.0180000000000006,8.17,64.6,below,1.0
8152.0,-0.0219999999999984,8166.0,52.69999999999999,below,1.0
9492.0,-0.0279999999999986,9506.0,49.85000000000001,below,1.0
8736.0,-0.0219999999999984,8.75,57.400000000000006,below,1.0
8.84,-0.0240000000000009,8854.0,43.2,below,1.0
8488.0,-0.0180000000000006,8506.0,57.82499999999999,below,1.0
9008.0,-0.0240000000000009,9016.0,60575.0,below,0.0
9.56,-0.0199999999999995,9574.0,56225.0,below,1.0
9624.0,-0.0219999999999984,9636.0,67.15,below,1.0
9164.0,-0.0219999999999984,9182.0,52.42500000000001,below,1.0
9134.0,-0.0180000000000006,9148.0,57.89999999999999,below,1.0
-0.0240000000000009,-0.0159999999999982,8034.0,56.47500000000001,below,1.0
8.65,-0.0240000000000009,8662.0,57.67500000000001,below,1.0
8.47,-0.0240000000000009,8.48,61.1,below,1.0
8.77,-0.0240000000000009,8782.0,55.72500000000001,below,1.0
-0.0199999999999995,-0.0219999999999984,8492.0,54.02499999999999,below,1.0
8394.0,-0.0219999999999984,8406.0,56.400000000000006,below,1.0
-0.009999999999998,1994.0,8.83,73.15,below,1.0
9116.0,-0.0199999999999995,9134.0,57975.0,below,1.0
-0.0040000000000013,1856.0,7958.0,75675.0,below,1.0
9.46,-0.0219999999999984,9472.0,67225.0,below,1.0
-0.0060000000000002,0.5139999999999993,8.43,81.57499999999999,below,1.0
-0.0259999999999998,-0.0199999999999995,8.13,58.3,below,1.0
9.93,-0.0180000000000006,9.94,55.60000000000001,below,1.0
9526.0,-0.0180000000000006,9538.0,61575.0,below,1.0
8874.0,-0.0219999999999984,8886.0,48.52499999999999,below,1.0
9186.0,-0.0219999999999984,9198.0,59.2,below,1.0
-0.0120000000000004,-0.0199999999999995,9436.0,66.5,below,1.0
9038.0,-0.0139999999999993,9054.0,67.39999999999999,below,1.0
8.55,-0.0219999999999984,8.56,55.89999999999999,below,1.0
8.49,-0.0159999999999982,8504.0,56.5,below,1.0
8658.0,-0.0199999999999995,8672.0,63.85000000000001,below,1.0
9996.0,-0.0240000000000009,10.0,60.5,below,1.0
9.44,-0.0219999999999984,9452.0,67.25000000000001,below,1.0
8498.0,-0.0180000000000006,8508.0,59.87499999999999,below,1.0
9304.0,-0.0199999999999995,9322.0,53125.0,below,1.0
-0.009999999999998,-0.0199999999999995,9766.0,72.39999999999999,below,1.0
8988.0,-0.0219999999999984,9002.0,57.35,below,1.0
8598.0,-0.0219999999999984,8614.0,55925.0,below,1.0
9492.0,-0.0240000000000009,9502.0,58.35,below,1.0
8116.0,-0.0219999999999984,8128.0,53.0,below,1.0
9172.0,-0.0139999999999993,9188.0,65.99999999999999,below,1.0
8.36,-0.0219999999999984,8376.0,53.275000000000006,below,1.0
9632.0,-0.0180000000000006,9646.0,68675.0,below,1.0
8482.0,-0.0219999999999984,8496.0,53.95,below,1.0
9108.0,-0.0180000000000006,9122.0,60.775000000000006,below,1.0
-0.0120000000000004,-0.0219999999999984,9.68,57075.0,below,1.0
10048.0,-0.0240000000000009,10046.0,67.07499999999999,below,1.0
8586.0,-0.0180000000000006,8602.0,61375.0,below,1.0
8.37,-0.0159999999999982,8384.0,64.32500000000002,below,1.0
9444.0,-0.0219999999999984,9456.0,67.10000000000001,below,1.0
9128.0,-0.0199999999999995,9.14,65.14999999999999,below,1.0
-0.0040000000000013,2.065999999999999,7846.0,74825.0,below,1.0
8962.0,-0.0199999999999995,8974.0,60.87499999999999,below,1.0
-0.0120000000000004,-0.0240000000000009,10086.0,67.95,below,1.0
-0.0139999999999993,-0.0139999999999993,8506.0,65.14999999999999,below,1.0
9898.0,-0.0199999999999995,9906.0,70.95,below,1.0
8954.0,-0.0139999999999993,8974.0,60.27499999999999,below,1.0
9532.0,-0.0180000000000006,9.55,61375.0,below,1.0
9442.0,-0.0159999999999982,9462.0,61.72500000000001,below,1.0
8.45,-0.0240000000000009,8462.0,51125.0,below,1.0
8596.0,-0.0199999999999995,8608.0,64.5,below,1.0
-0.009999999999998,2026.0,8294.0,74825.0,below,1.0
-0.0120000000000004,-0.0240000000000009,9692.0,55.875000000000014,below,1.0
10078.0,-0.0259999999999998,10074.0,72.24999999999999,below,1.0
-0.0139999999999993,-0.0219999999999984,9224.0,64.35,below,1.0
8212.0,-0.0219999999999984,8222.0,57.60000000000001,below,1.0
9714.0,-0.0259999999999998,9728.0,67.8,below,1.0
9658.0,-0.0259999999999998,9668.0,67675.0,below,1.0
9496.0,-0.0159999999999982,9514.0,71725.0,below,1.0
8806.0,-0.0180000000000006,8822.0,55925.0,below,1.0
10.06,-0.0199999999999995,10.06,62.7,below,1.0
9268.0,-0.0259999999999998,9.28,60625.0,below,1.0
9718.0,-0.0240000000000009,9728.0,65025.0,above,0.0
9048.0,-0.0199999999999995,9062.0,66725.0,below,1.0
8888.0,-0.0240000000000009,8896.0,57.875000000000014,below,1.0
8248.0,-0.0240000000000009,8.26,55.67500000000001,below,1.0
8.39,-0.0240000000000009,8404.0,49675.0,below,1.0
-0.0120000000000004,0.6939999999999991,10.06,74.52499999999999,below,0.0
-0.0060000000000002,1.9480000000000004,7.885999999999999,74.37499999999999,below,1.0
8558.0,-0.0219999999999984,8.57,58175.0,below,1.0
8556.0,-0.0180000000000006,8568.0,58.89999999999999,below,1.0
8.3,-0.0219999999999984,8.31,53.8,below,1.0
8682.0,-0.0219999999999984,8692.0,55.72500000000001,below,1.0
-0.009999999999998,1.6140000000000008,9592.0,68475.0,below,1.0
8218.0,-0.0219999999999984,8.23,58175.0,below,1.0
8206.0,-0.0180000000000006,8222.0,64.45,below,1.0
8.34,-0.0219999999999984,8352.0,50925.0,below,1.0
8158.0,-0.0180000000000006,8.17,64.6,below,1.0
8614.0,-0.0199999999999995,8.63,56.80000000000001,below,1.0
8626.0,-0.0199999999999995,8644.0,54.60000000000001,below,1.0
8456.0,-0.0219999999999984,8466.0,58.3,below,1.0
10046.0,-0.0219999999999984,10048.0,70.17500000000001,below,1.0
-0.0120000000000004,-0.0219999999999984,9274.0,65.27499999999999,below,1.0
-0.0139999999999993,-0.0259999999999998,9452.0,62.3,below,0.0
9.04,-0.0219999999999984,9054.0,61.80000000000001,below,1.0
-0.0060000000000002,2.0540000000000003,7.84,75.22500000000001,below,1.0
8724.0,-0.0199999999999995,8736.0,57.400000000000006,below,1.0
8936.0,-0.0219999999999984,8.95,59.55,below,1.0
9004.0,-0.0240000000000009,9.02,53.0,below,1.0
8802.0,-0.0199999999999995,8818.0,51.625000000000014,below,1.0
8556.0,-0.0240000000000009,8568.0,53.2,below,1.0
8326.0,-0.0219999999999984,8336.0,51725.0,below,1.0
-0.0060000000000002,2.02,7.77,73.32499999999999,below,1.0
8216.0,-0.0219999999999984,8228.0,54125.0,below,1.0
9378.0,-0.0159999999999982,9396.0,58.47500000000001,below,1.0
9.18,-0.0219999999999984,9192.0,64825.0,below,1.0
9242.0,-0.0219999999999984,9254.0,56.400000000000006,below,1.0
8.48,-0.0199999999999995,8.49,54.82499999999999,below,1.0
8592.0,-0.0240000000000009,8604.0,54.1,below,1.0
9.93,-0.0219999999999984,9942.0,59.55,below,1.0
9.16,-0.0219999999999984,9.17,56325.0,below,1.0
9524.0,-0.0219999999999984,9536.0,66.17500000000001,below,1.0
-0.0120000000000004,-0.0219999999999984,9748.0,67.10000000000001,below,1.0
8548.0,-0.0199999999999995,8564.0,60.85000000000001,below,1.0
8898.0,-0.0240000000000009,8912.0,54.85,below,1.0
9568.0,-0.0240000000000009,9578.0,64.75,below,1.0
10.1,-0.0219999999999984,10096.0,73.42500000000001,below,0.0
8092.0,-0.0139999999999993,8112.0,57.54999999999998,below,1.0
8.16,-0.0219999999999984,8172.0,57.775000000000006,below,1.0
8508.0,-0.0259999999999998,8.52,56.69999999999999,below,1.0
8.42,-0.0219999999999984,8.43,53125.0,below,1.0
8274.0,-0.0240000000000009,8284.0,55.89999999999999,above,0.0
9146.0,-0.0180000000000006,9.16,65.65,below,1.0
-0.0040000000000013,2.475999999999999,7.6,67.85000000000001,below,1.0
9002.0,-0.0159999999999982,9014.0,60.67499999999998,below,1.0
9406.0,-0.0259999999999998,9416.0,67.07499999999999,below,1.0
9646.0,-0.0219999999999984,9.66,52325.0,below,1.0
-0.0159999999999982,-0.0199999999999995,8766.0,62175.0,below,1.0
9506.0,-0.0199999999999995,9.52,62.775000000000006,below,1.0
8264.0,-0.0199999999999995,8278.0,54725.0,below,1.0
8104.0,-0.0240000000000009,8112.0,46.05,below,1.0
9808.0,-0.0259999999999998,9.82,68.65,below,1.0
8108.0,-0.0240000000000009,8118.0,48625.0,below,1.0
-0.0079999999999991,-0.0120000000000004,9.32,62.75,below,1.0
9.5,-0.0199999999999995,9.52,57.69999999999999,below,1.0
8618.0,-0.0159999999999982,8634.0,58.2,below,1.0
8146.0,-0.0159999999999982,8164.0,58.775000000000006,below,1.0
9374.0,-0.0219999999999984,9386.0,67.05000000000001,below,1.0
8158.0,-0.0180000000000006,8.17,64.6,above,0.0
8558.0,-0.0219999999999984,8.57,58.775000000000006,below,1.0
9462.0,-0.0240000000000009,9474.0,68.75,below,1.0
8.68,-0.0240000000000009,8696.0,52.2,below,1.0
8.62,-0.0219999999999984,8636.0,54325.0,below,1.0
9702.0,-0.0259999999999998,9714.0,67.75,below,1.0
9994.0,-0.0180000000000006,10002.0,58.0,below,1.0
9232.0,-0.0240000000000009,9246.0,60.94999999999999,below,1.0
8158.0,-0.0180000000000006,8.17,64.6,below,1.0
10128.0,-0.0240000000000009,10124.0,63575.0,below,1.0
9342.0,-0.0240000000000009,9354.0,64.97500000000001,below,1.0
9194.0,-0.0259999999999998,9204.0,64675.0,below,0.0
9924.0,-0.0219999999999984,9934.0,55.1,below,1.0
8.99,-0.0180000000000006,9006.0,58.275000000000006,below,1.0
9458.0,-0.0180000000000006,9476.0,58.3,below,1.0
8158.0,-0.0180000000000006,8.17,64.6,below,1.0
-0.0120000000000004,-0.0240000000000009,9336.0,65.97500000000001,below,1.0
8158.0,-0.0180000000000006,8.17,60.25,below,1.0
-0.009999999999998,2006.0,8828.0,72.6,below,1.0
8384.0,-0.0240000000000009,8398.0,52.69999999999999,below,1.0
9566.0,-0.0259999999999998,9586.0,66475.0,below,1.0
8922.0,-0.0159999999999982,8938.0,58.60000000000001,below,1.0
8.32,-0.0219999999999984,8334.0,53.0,below,1.0
8.16,-0.0240000000000009,8172.0,58975.0,below,1.0
8106.0,-0.0199999999999995,8.12,50325.0,below,1.0
-0.0060000000000002,2068.0,7884.0,75.0,below,1.0
-0.0159999999999982,-0.0219999999999984,9292.0,53125.0,below,1.0
-0.009999999999998,2.0180000000000007,8928.0,73.22500000000001,below,1.0
-0.0139999999999993,-0.0219999999999984,8824.0,61825.0,below,1.0
-0.0139999999999993,-0.0139999999999993,8506.0,65.14999999999999,above,0.0
9354.0,-0.0180000000000006,9372.0,57.89999999999999,below,1.0
-0.0120000000000004,-0.0240000000000009,9492.0,63.775000000000006,below,0.0
-0.0120000000000004,-0.0219999999999984,9876.0,56925.0,below,1.0
8746.0,-0.0199999999999995,8758.0,62.75,below,1.0
8.58,-0.0240000000000009,8.59,53.150000000000006,below,1.0
8556.0,-0.0219999999999984,8568.0,51.525000000000006,below,1.0
8274.0,-0.0240000000000009,8286.0,53125.0,below,1.0
8828.0,-0.0219999999999984,8842.0,64525.0,below,1.0
-0.009999999999998,-0.0199999999999995,5.704000000000001,33.275000000000006,below,1.0
8.79,-0.0240000000000009,8798.0,59375.0,below,0.0
9124.0,-0.0259999999999998,9134.0,58.07500000000002,below,1.0
-0.0079999999999991,-0.0180000000000006,9326.0,63.02499999999999,below,1.0
9302.0,-0.0259999999999998,9314.0,55.875000000000014,below,1.0
8756.0,-0.0199999999999995,8768.0,62375.0,below,1.0
9148.0,-0.0240000000000009,9.16,55.875000000000014,below,1.0
-0.0159999999999982,-0.0180000000000006,8734.0,63675.0,below,1.0
9148.0,-0.0240000000000009,9162.0,63.05000000000001,below,1.0
9166.0,-0.0240000000000009,9176.0,65575.0,below,0.0
8158.0,-0.0180000000000006,8.17,64.6,below,1.0
9562.0,-0.0199999999999995,9576.0,58.0,below,1.0
8.72,-0.0120000000000004,8734.0,67.19999999999999,below,1.0
-0.0120000000000004,0.6939999999999991,8606.0,72075.0,below,1.0
8236.0,-0.0219999999999984,8.25,57375.0,below,1.0
-0.0259999999999998,-0.0240000000000009,8192.0,54.1,below,1.0
8742.0,-0.0219999999999984,8756.0,65.97500000000001,below,1.0
8582.0,-0.0219999999999984,8594.0,55.275000000000006,below,1.0
8.65,-0.0219999999999984,8664.0,55.82499999999999,below,1.0
9996.0,-0.0159999999999982,10008.0,70.95,below,1.0
9722.0,-0.0199999999999995,9736.0,55.80000000000001,below,1.0
8856.0,-0.0180000000000006,8876.0,59175.0,below,1.0
9776.0,-0.0180000000000006,9.79,69.5,below,1.0
8078.0,-0.0180000000000006,8092.0,54225.0,below,1.0
8246.0,-0.0199999999999995,8258.0,62.1,below,1.0
9054.0,-0.0180000000000006,9074.0,58.47500000000001,below,1.0
9466.0,-0.0279999999999986,9478.0,46.25,below,1.0
8716.0,-0.0240000000000009,8.73,53.2,below,1.0
9.57,-0.0219999999999984,9.59,53.1,below,1.0
9718.0,-0.0240000000000009,9728.0,65025.0,below,0.0
-0.0139999999999993,-0.0139999999999993,8506.0,65.14999999999999,below,1.0
8.66,-0.0240000000000009,8672.0,58.07500000000002,below,1.0
8858.0,-0.0199999999999995,8874.0,61575.0,below,1.0
8.51,-0.0240000000000009,8518.0,59575.0,below,0.0
8672.0,-0.009999999999998,8692.0,65.35,below,1.0
-0.0120000000000004,2.1020000000000003,7942.0,74725.0,below,1.0
8954.0,-0.0240000000000009,8968.0,55175.0,below,1.0
8194.0,-0.0159999999999982,8212.0,57075.0,below,1.0
8.27,-0.0139999999999993,8288.0,64.35,below,1.0
10116.0,-0.0259999999999998,10108.0,71625.0,below,1.0
9.12,-0.0219999999999984,9132.0,56.82499999999999,below,1.0
9174.0,-0.0159999999999982,9.19,58.7,below,1.0
-0.0139999999999993,-0.0240000000000009,9546.0,52.57499999999999,below,1.0
8308.0,-0.0199999999999995,8322.0,61.72500000000001,below,1.0
9062.0,-0.0219999999999984,9076.0,64.14999999999999,below,1.0
8868.0,-0.0159999999999982,8882.0,66.14999999999999,below,1.0
8734.0,-0.0139999999999993,8748.0,61475.0,below,1.0
9616.0,-0.0259999999999998,9626.0,63675.0,below,1.0
-0.0120000000000004,-0.0240000000000009,10248.0,60.85000000000001,below,1.0
8.07,-0.0240000000000009,8.08,55.2,below,1.0
8.15,-0.0199999999999995,8164.0,54225.0,below,1.0
8178.0,-0.0219999999999984,8188.0,65.17500000000001,below,1.0
9.59,-0.0219999999999984,9602.0,61475.0,below,1.0
-0.0079999999999991,2.225999999999999,8098.0,76275.0,below,1.0
-0.0060000000000002,1.7379999999999995,7.51,67.5,below,1.0
9508.0,-0.0180000000000006,9524.0,58.400000000000006,below,1.0
-0.0139999999999993,-0.0139999999999993,8506.0,65.14999999999999,below,1.0
8338.0,-0.0159999999999982,8354.0,54.62499999999999,below,1.0
8486.0,-0.0159999999999982,8502.0,64.25,below,1.0
10112.0,-0.0219999999999984,10108.0,72.15,below,1.0
8.63,-0.0240000000000009,8644.0,59.2,below,1.0
-0.0079999999999991,-0.0159999999999982,9002.0,68.39999999999999,below,1.0
8834.0,-0.0240000000000009,8846.0,61.97500000000001,below,1.0
8238.0,-0.0240000000000009,8248.0,49.45,below,1.0
10034.0,-0.0259999999999998,10034.0,68.45000000000002,below,1.0
8216.0,-0.0159999999999982,8.23,69.64999999999999,below,1.0
-0.0120000000000004,-0.0240000000000009,9858.0,69.22500000000001,below,1.0
8662.0,-0.0159999999999982,8678.0,57.0,below,1.0
9908.0,-0.0159999999999982,9916.0,73.4,below,1.0
8282.0,-0.0180000000000006,8298.0,56.05,below,1.0
9528.0,-0.0219999999999984,9536.0,64.45,below,0.0
8872.0,-0.0240000000000009,8884.0,59.2,below,1.0
8868.0,-0.0199999999999995,8888.0,56.60000000000001,below,1.0
8.26,-0.0240000000000009,8.27,50.2,below,1.0
8574.0,-0.0219999999999984,8588.0,56.5,below,1.0
-0.0120000000000004,1.9280000000000008,9708.0,71.85,below,1.0
8502.0,-0.0219999999999984,8518.0,61.650000000000006,below,1.0
9.97,-0.0219999999999984,9974.0,70.35,below,1.0
-0.0120000000000004,-0.0219999999999984,9.88,55.02499999999999,below,1.0
9586.0,-0.0240000000000009,9598.0,61.14999999999999,below,1.0
9238.0,-0.0240000000000009,9248.0,65.55,below,0.0
8566.0,-0.0219999999999984,8576.0,59.3,below,1.0
8.12,-0.0219999999999984,8132.0,54375.0,below,1.0
9192.0,-0.0219999999999984,9202.0,60.650000000000006,below,0.0
9378.0,-0.0139999999999993,9394.0,60375.0,below,1.0
9362.0,-0.0240000000000009,9376.0,66.17500000000001,below,1.0
9.99,-0.0219999999999984,9992.0,66.85000000000001,below,1.0
9094.0,-0.0240000000000009,9104.0,57.775000000000006,below,1.0
9896.0,-0.0219999999999984,9906.0,65575.0,below,1.0
8704.0,-0.0219999999999984,8.72,51725.0,below,1.0
-0.0180000000000006,-0.0240000000000009,8972.0,62625.0,below,0.0
9498.0,-0.0240000000000009,9.51,65.95,below,1.0
-0.0180000000000006,-0.0219999999999984,8.83,64.8,below,0.0
8664.0,-0.0199999999999995,8.68,55.525000000000006,below,1.0
-0.0120000000000004,-0.0219999999999984,9886.0,60175.0,below,1.0
8246.0,-0.0219999999999984,8252.0,67.15,below,0.0
8258.0,-0.0240000000000009,8.27,56.94999999999999,below,1.0
9968.0,-0.0219999999999984,9972.0,70.75,below,1.0
8938.0,-0.0199999999999995,8954.0,67.07499999999999,below,1.0
8.67,-0.0219999999999984,8682.0,48.6,below,1.0
9436.0,-0.0199999999999995,9456.0,55.82499999999999,below,1.0
9.2,-0.0219999999999984,9214.0,59175.0,below,1.0
10074.0,-0.0240000000000009,10.07,70.24999999999999,below,0.0
-0.0079999999999991,1818.0,9.45,74.95,below,1.0
8894.0,-0.0139999999999993,8916.0,58.47500000000001,below,1.0
8562.0,-0.0219999999999984,8578.0,55.69999999999999,below,1.0
8286.0,-0.0259999999999998,8294.0,45.92500000000001,below,0.0
9602.0,-0.0240000000000009,9612.0,56075.0,below,1.0
8314.0,-0.0240000000000009,8326.0,58225.0,below,1.0
9.73,-0.0199999999999995,9742.0,61575.0,below,1.0
8998.0,-0.0240000000000009,9.01,57.60000000000001,below,1.0
8494.0,-0.0199999999999995,8.51,53.82499999999999,below,1.0
9.17,-0.0219999999999984,9182.0,66.55,below,1.0
-0.0139999999999993,-0.0139999999999993,8506.0,65.14999999999999,below,1.0
8308.0,-0.0240000000000009,8.32,50.77499999999999,below,1.0
8862.0,-0.0240000000000009,8878.0,55.55000000000001,below,1.0
8418.0,-0.0180000000000006,8434.0,55.89999999999999,below,1.0
8304.0,-0.0219999999999984,8318.0,55.45,below,1.0
-0.009999999999998,2042.0,8962.0,74.64999999999999,below,1.0
8.16,-0.0159999999999982,8174.0,61.775000000000006,below,1.0
9384.0,-0.0240000000000009,9394.0,65675.0,below,1.0
10116.0,-0.0240000000000009,10.11,69.0,below,1.0
8782.0,-0.0219999999999984,8.8,57375.0,below,1.0
8892.0,-0.0180000000000006,8.91,56.82499999999999,below,1.0
-0.0219999999999984,0.0979999999999989,8.32,48925.0,below,1.0
8664.0,-0.0219999999999984,8678.0,61.35,below,1.0
8.87,-0.0240000000000009,8884.0,59.1,below,1.0
9196.0,-0.0240000000000009,9208.0,50.85,below,1.0
8386.0,-0.0219999999999984,8398.0,56.02499999999999,below,1.0
9144.0,-0.0199999999999995,9.16,67.45000000000002,below,1.0
-0.0060000000000002,0.7080000000000002,8488.0,79.9,below,1.0
8244.0,-0.0180000000000006,8262.0,55075.0,below,1.0
-0.0060000000000002,1.9720000000000013,7584.0,73.52499999999999,below,1.0
8528.0,-0.0219999999999984,8.54,56375.0,below,1.0
9066.0,-0.0219999999999984,9078.0,56.400000000000006,below,1.0
8616.0,-0.0219999999999984,8626.0,58.525000000000006,below,1.0
8.51,-0.0180000000000006,8524.0,55925.0,below,1.0
-0.009999999999998,-0.0219999999999984,10058.0,70775.0,below,1.0
8662.0,-0.0199999999999995,8672.0,60175.0,below,1.0
9866.0,-0.0219999999999984,9878.0,68625.0,below,1.0
8054.0,-0.0139999999999993,8074.0,56.3,below,1.0
8056.0,-0.0180000000000006,8.07,55.62499999999999,below,1.0
8796.0,-0.0199999999999995,8808.0,65.17500000000001,below,1.0
-0.0060000000000002,1.9720000000000013,7.662000000000001,74.62500000000001,below,1.0
8548.0,-0.0199999999999995,8554.0,56.60000000000001,below,1.0
-0.0159999999999982,-0.0240000000000009,8838.0,65425.0,below,1.0
-0.0139999999999993,-0.0139999999999993,8506.0,65.14999999999999,above,0.0
8494.0,-0.0180000000000006,8.51,55075.0,below,1.0
8.37,-0.0199999999999995,8386.0,62.5,below,1.0
8836.0,-0.0279999999999986,8.85,50725.0,below,1.0
9.61,-0.0240000000000009,9622.0,68.95,below,1.0
9108.0,-0.0219999999999984,9122.0,62475.0,below,1.0
8.95,-0.0139999999999993,8964.0,68825.0,below,1.0
8258.0,-0.0199999999999995,8.27,58975.0,below,1.0
-0.0219999999999984,-0.0180000000000006,8.26,61.400000000000006,below,1.0
9428.0,-0.0219999999999984,9442.0,66.7,below,1.0
9748.0,-0.0240000000000009,9762.0,67.55,below,1.0
9644.0,-0.0240000000000009,9654.0,59425.0,below,1.0
9.74,-0.0159999999999982,9758.0,58.0,below,1.0
-0.009999999999998,-0.0180000000000006,9992.0,72125.0,below,1.0
9858.0,-0.0139999999999993,9.87,63.25,below,1.0
-0.0079999999999991,2.0700000000000003,8.4,76.1,below,1.0
8748.0,-0.0120000000000004,8.77,61.45,below,1.0
8738.0,-0.0199999999999995,8752.0,55.275000000000006,below,1.0
9124.0,-0.0219999999999984,9142.0,56975.0,below,1.0
-0.0120000000000004,0.7259999999999991,8714.0,73.75,below,1.0
9.7,-0.0240000000000009,9.71,61.3,below,1.0
-0.0139999999999993,-0.0240000000000009,9968.0,65.55,below,1.0
8654.0,-0.0219999999999984,8668.0,64375.0,below,1.0
8.86,-0.0180000000000006,8876.0,64.7,below,1.0
9832.0,-0.0180000000000006,9844.0,71.22500000000001,below,1.0
9.97,-0.0279999999999986,9976.0,59.55,below,1.0
8958.0,-0.0240000000000009,8.97,60575.0,below,1.0
8762.0,-0.0240000000000009,8774.0,56.400000000000006,below,1.0
8956.0,-0.0219999999999984,8968.0,60.775000000000006,below,1.0
9472.0,-0.0240000000000009,9478.0,66475.0,below,0.0
-0.0159999999999982,-0.0219999999999984,9198.0,52.150000000000006,below,1.0
9938.0,-0.0180000000000006,9.95,71625.0,below,1.0
8558.0,-0.0219999999999984,8.57,64.27499999999999,below,1.0
-0.009999999999998,2754.0,9234.0,70.85,below,1.0
9552.0,-0.0180000000000006,9566.0,62.20000000000002,below,1.0
8662.0,-0.0139999999999993,8.68,57375.0,below,1.0
9.62,-0.0219999999999984,9638.0,52.625000000000014,below,1.0
9434.0,-0.0240000000000009,9446.0,60475.0,below,1.0
9602.0,-0.0180000000000006,9.62,60.07499999999999,below,1.0
9.33,-0.0219999999999984,9344.0,62.55,below,1.0
-0.0159999999999982,-0.0199999999999995,9.27,45.0,below,1.0
8822.0,-0.0219999999999984,8832.0,61.75,below,1.0
8674.0,-0.0240000000000009,8684.0,54.55000000000001,below,1.0
9718.0,-0.0240000000000009,9728.0,65025.0,below,0.0
8762.0,-0.0180000000000006,8776.0,54.69999999999999,below,1.0
8134.0,-0.0139999999999993,8154.0,58.47500000000001,below,1.0
-0.0120000000000004,2.02,8936.0,72.95,below,1.0
9.18,-0.0259999999999998,9186.0,55925.0,below,0.0
-0.0180000000000006,-0.0219999999999984,8544.0,62475.0,below,1.0
9322.0,-0.0180000000000006,9334.0,68.39999999999999,below,1.0
8856.0,-0.0199999999999995,8874.0,58.7,below,1.0
8392.0,-0.0240000000000009,8398.0,58425.0,below,0.0
8158.0,-0.0180000000000006,8.17,64.6,below,1.0
9.51,-0.0240000000000009,9524.0,65.92499999999998,below,1.0
8558.0,-0.0139999999999993,8574.0,65.5,below,1.0
9054.0,-0.0240000000000009,9068.0,60475.0,below,1.0
8418.0,-0.0199999999999995,8.43,61.07499999999999,below,1.0
8.37,-0.0159999999999982,8384.0,56.94999999999999,below,1.0
10026.0,-0.0240000000000009,10028.0,67.39999999999999,below,0.0
9316.0,-0.0180000000000006,9332.0,57575.0,below,1.0
9474.0,-0.0219999999999984,9.49,63.97500000000001,below,1.0
9.17,-0.0199999999999995,9186.0,59375.0,below,1.0
9.78,-0.0240000000000009,9792.0,67.85000000000001,below,1.0
8792.0,-0.0219999999999984,8802.0,57625.0,below,1.0
-0.0180000000000006,0.0999999999999996,8494.0,57.3,below,1.0
8814.0,-0.0199999999999995,8828.0,53.8,below,1.0
8.33,-0.0240000000000009,8344.0,56925.0,below,1.0
9634.0,-0.0199999999999995,9648.0,56.72500000000001,below,1.0
9538.0,-0.0180000000000006,9556.0,56.82499999999999,below,1.0
9192.0,-0.0240000000000009,9.2,65.95,below,0.0
8.44,-0.0219999999999984,8454.0,54.60000000000001,below,1.0
8686.0,-0.0199999999999995,8.7,52.22500000000001,below,1.0
9842.0,-0.0139999999999993,9858.0,60475.0,below,1.0
8824.0,-0.0240000000000009,8834.0,53.8,below,1.0
8588.0,-0.0219999999999984,8602.0,59.45,below,1.0
9562.0,-0.0180000000000006,9576.0,68.22500000000001,below,1.0
8.42,-0.0159999999999982,8436.0,55.400000000000006,below,1.0
8.18,-0.0159999999999982,8194.0,55.85,below,1.0
-0.009999999999998,-0.0199999999999995,9286.0,66.39999999999999,below,1.0
8158.0,-0.0180000000000006,8.17,64.6,below,1.0
8864.0,-0.0259999999999998,8876.0,51.29999999999998,below,1.0
-0.0079999999999991,2016.0,8898.0,75.05,below,1.0
9178.0,-0.0199999999999995,9196.0,56.74999999999999,below,1.0
9152.0,-0.0240000000000009,9164.0,54.69999999999999,below,1.0
8404.0,-0.0159999999999982,8418.0,64.45,below,1.0
9.18,-0.0180000000000006,9194.0,68.95,below,1.0
9798.0,-0.0240000000000009,9.81,68875.0,below,1.0
-0.0060000000000002,1946.0,7.986000000000001,75.47500000000001,below,1.0
8168.0,-0.0180000000000006,8182.0,53.8,below,1.0
8788.0,-0.0219999999999984,8802.0,66.27499999999999,below,1.0
9584.0,-0.0259999999999998,9592.0,64.75,below,1.0
9158.0,-0.0199999999999995,9174.0,55.62499999999999,below,1.0
8896.0,-0.0219999999999984,8.91,56.525000000000006,below,1.0
-0.0060000000000002,2058.0,8.08,76.1,below,1.0
9722.0,-0.0159999999999982,9.74,62.14999999999999,below,1.0
9258.0,-0.0259999999999998,9264.0,66675.0,below,0.0
10192.0,0.2639999999999993,10184.0,66625.0,below,1.0
9766.0,-0.0259999999999998,9778.0,64.39999999999999,below,1.0
9956.0,-0.0159999999999982,9964.0,74125.0,below,1.0
9284.0,-0.0199999999999995,9298.0,60.7,below,1.0
9966.0,-0.0219999999999984,9972.0,66375.0,below,1.0
8416.0,-0.0219999999999984,8432.0,50.52499999999999,below,1.0
9152.0,-0.0240000000000009,9162.0,61.60000000000001,below,0.0
8586.0,-0.0259999999999998,8598.0,53.8,below,1.0
9.17,-0.0240000000000009,9.18,58.3,below,1.0
-0.0180000000000006,-0.0199999999999995,8716.0,52.57499999999999,below,1.0
8842.0,-0.0259999999999998,8852.0,57.1,below,1.0
8088.0,-0.0219999999999984,8104.0,55.0,below,1.0
10224.0,-0.0240000000000009,10216.0,73.95,below,0.0
8694.0,-0.0219999999999984,8706.0,61.25,below,1.0
9104.0,-0.0199999999999995,9118.0,65575.0,below,1.0
8974.0,-0.0199999999999995,8988.0,69.04999999999998,below,1.0
9272.0,-0.0219999999999984,9286.0,51125.0,below,1.0
9754.0,-0.0199999999999995,9766.0,69.6,below,1.0
8914.0,-0.0180000000000006,8926.0,67775.0,below,1.0
8224.0,-0.0240000000000009,8232.0,57.275000000000006,below,0.0
9714.0,-0.0159999999999982,9728.0,59.5,below,1.0
9128.0,-0.0199999999999995,9142.0,67.65,below,1.0
9688.0,-0.0240000000000009,9696.0,69.15,below,0.0
8682.0,-0.0199999999999995,8696.0,66.95,below,1.0
-0.0139999999999993,-0.0139999999999993,8506.0,65.14999999999999,below,1.0
8354.0,-0.0219999999999984,8368.0,64.07499999999999,below,1.0
8.6,-0.0219999999999984,8612.0,51.400000000000006,below,1.0
9792.0,-0.0199999999999995,9804.0,57.85,below,1.0
9196.0,-0.0199999999999995,9208.0,56.69999999999999,below,1.0
9.47,-0.0240000000000009,9482.0,61.400000000000006,below,1.0
9028.0,-0.0240000000000009,9038.0,59.25,below,0.0
8258.0,-0.0199999999999995,8276.0,54.95000000000002,below,1.0
-0.0079999999999991,1.9699999999999989,7.960000000000001,69.32499999999999,below,1.0
8092.0,-0.0219999999999984,8108.0,55325.0,below,1.0
8264.0,-0.0219999999999984,8276.0,57.67500000000001,below,1.0
8904.0,-0.0219999999999984,8914.0,57.1,below,1.0
-0.0079999999999991,1926.0,7926.0,75025.0,below,1.0
9382.0,-0.0279999999999986,9.39,63.79999999999998,below,1.0
9826.0,-0.0240000000000009,9836.0,54725.0,below,1.0
9166.0,-0.0219999999999984,9184.0,52.1,below,1.0
8658.0,-0.0159999999999982,8676.0,58.07500000000002,below,1.0
-0.0139999999999993,-0.0139999999999993,8506.0,65.14999999999999,below,1.0
8756.0,0.3060000000000009,8754.0,66.9,below,1.0
-0.0159999999999982,-0.0240000000000009,8962.0,55.2,below,0.0
-0.0040000000000013,2048.0,7836.0,73625.0,below,1.0
-0.0120000000000004,-0.0219999999999984,9762.0,58575.0,below,1.0
9638.0,-0.0199999999999995,9654.0,67.39999999999999,below,1.0
8496.0,-0.0199999999999995,8508.0,58.67500000000001,below,1.0
-0.0139999999999993,-0.0139999999999993,8506.0,65.14999999999999,below,1.0
-0.0139999999999993,-0.0139999999999993,8506.0,65.14999999999999,below,1.0
8818.0,-0.0199999999999995,8832.0,67025.0,below,1.0
-0.0060000000000002,-0.0139999999999993,10.12,61.75,below,1.0
9518.0,-0.0259999999999998,9526.0,67575.0,below,0.0
8.85,-0.0240000000000009,8862.0,57.1,below,1.0
9.58,-0.0279999999999986,9592.0,61.20000000000002,below,1.0
-0.0120000000000004,0.8440000000000012,9758.0,71675.0,below,1.0
9052.0,-0.0159999999999982,9072.0,58.1,below,1.0
8234.0,-0.0240000000000009,8244.0,55325.0,below,1.0
8358.0,-0.0219999999999984,8368.0,56.1,below,1.0
8294.0,-0.0180000000000006,8304.0,64.75,below,1.0
8156.0,-0.0199999999999995,8.17,61175.0,below,1.0
8112.0,-0.0219999999999984,8122.0,49.8,below,1.0
8454.0,-0.0219999999999984,8468.0,59.82499999999999,below,1.0
9406.0,-0.0199999999999995,9.42,59575.0,below,1.0
9718.0,-0.0240000000000009,9728.0,65025.0,below,0.0
9.44,-0.0199999999999995,9448.0,70775.0,below,0.0
-0.0199999999999995,-0.0180000000000006,8246.0,57.85,below,1.0
8526.0,-0.0240000000000009,8.54,55.95000000000002,below,1.0
8732.0,-0.0240000000000009,8744.0,55.02499999999999,below,1.0
9274.0,-0.0139999999999993,9292.0,60.07499999999999,below,1.0
9.26,-0.0240000000000009,9272.0,60.27499999999999,below,1.0
8.68,-0.0199999999999995,8692.0,65575.0,below,1.0
-0.009999999999998,-0.0199999999999995,9.76,70.35,below,1.0
9.45,-0.0159999999999982,9.47,59575.0,below,1.0
8066.0,-0.0219999999999984,8076.0,54.55000000000001,below,1.0
8936.0,-0.0219999999999984,8.95,60.14999999999999,below,1.0
8772.0,-0.0180000000000006,8786.0,54.69999999999999,below,1.0
8.39,-0.0199999999999995,8406.0,53.8,below,1.0
9.1,-0.0240000000000009,9112.0,56.94999999999999,below,1.0
-0.0120000000000004,-0.0219999999999984,9526.0,50725.0,below,1.0
8.26,-0.0300000000000011,8272.0,43075.0,below,1.0
8.48,-0.0240000000000009,8.49,63.25,below,1.0
-0.0159999999999982,-0.0240000000000009,9.13,59.60000000000001,below,1.0
9.31,-0.0199999999999995,9322.0,62575.0,below,1.0
8.87,-0.0219999999999984,8888.0,55.05,below,1.0
8746.0,-0.0240000000000009,8758.0,56.3,below,1.0
8144.0,-0.0199999999999995,8156.0,50.1,below,1.0
-0.0180000000000006,-0.0199999999999995,8732.0,53.35000000000001,below,1.0
-0.0180000000000006,-0.0159999999999982,8462.0,66.45,below,1.0
8702.0,-0.0139999999999993,8.72,61475.0,below,1.0
8158.0,-0.0180000000000006,8.17,64.6,below,1.0
8224.0,-0.0219999999999984,8236.0,56.0,below,1.0
9528.0,-0.0219999999999984,9542.0,59.2,below,1.0
8.15,-0.0180000000000006,8164.0,58.72500000000001,below,1.0
-0.009999999999998,-0.0199999999999995,9514.0,71.32499999999999,below,1.0
-0.0139999999999993,-0.0240000000000009,9498.0,46.22500000000001,below,1.0
8.72,-0.0139999999999993,8738.0,65.85000000000001,below,1.0
-0.0180000000000006,-0.0259999999999998,8.85,59975.0,below,0.0
-0.0180000000000006,-0.0219999999999984,8606.0,61.94999999999999,below,0.0
8192.0,-0.0259999999999998,8.2,48125.0,below,0.0
8868.0,-0.0120000000000004,8884.0,68925.0,below,1.0
-0.009999999999998,-0.0219999999999984,1.5279999999999987,65875.0,below,1.0
9338.0,-0.0180000000000006,9356.0,58.2,below,1.0
8952.0,-0.0240000000000009,8962.0,62.6,below,0.0
8936.0,-0.0240000000000009,8948.0,53.525000000000006,below,1.0
9642.0,-0.0259999999999998,9648.0,65775.0,below,0.0
9334.0,-0.0139999999999993,9348.0,58.25,below,1.0
9496.0,-0.0219999999999984,9506.0,62.99999999999999,below,1.0
9.84,-0.0240000000000009,9.85,70.57500000000002,below,1.0
9168.0,-0.0139999999999993,9186.0,61.72500000000001,below,1.0
8098.0,-0.0259999999999998,8.11,54.5,below,1.0
8.16,-0.0219999999999984,8174.0,56925.0,below,1.0
9.42,-0.0240000000000009,9432.0,67.6,below,1.0
8874.0,-0.0139999999999993,8892.0,60.5,below,1.0
9052.0,-0.0159999999999982,9.07,59.89999999999999,below,1.0
8794.0,-0.0219999999999984,8806.0,57625.0,below,1.0
-0.0120000000000004,-0.0259999999999998,7788.0,44.3,below,1.0
9638.0,-0.0199999999999995,9.65,62.3,below,1.0
8376.0,-0.0240000000000009,8.39,61.85000000000001,below,1.0
-0.0079999999999991,1734.0,7914.0,75.22500000000001,below,1.0
8224.0,-0.0219999999999984,8238.0,49125.0,below,1.0
8238.0,-0.0240000000000009,8248.0,49.45,below,1.0
8484.0,-0.0199999999999995,8498.0,60.07499999999999,below,1.0
9602.0,-0.0219999999999984,9614.0,70025.0,below,1.0
8786.0,-0.0159999999999982,8798.0,61475.0,below,1.0
8736.0,-0.0219999999999984,8.75,59.775000000000006,below,1.0
8.17,-0.0159999999999982,8186.0,59.45,below,1.0
10.17,-0.0219999999999984,10162.0,73875.0,below,0.0
9.54,-0.0219999999999984,9548.0,67.55,below,0.0
8334.0,-0.0240000000000009,8344.0,50.0,below,1.0
8332.0,-0.0219999999999984,8344.0,59.87499999999999,below,1.0
9366.0,-0.0219999999999984,9382.0,55.875000000000014,below,1.0
-0.0060000000000002,2016.0,7724.0,73.32499999999999,below,1.0
8376.0,-0.0240000000000009,8386.0,54.57499999999999,below,1.0
-0.0159999999999982,-0.0219999999999984,8916.0,58.875000000000014,below,1.0
8158.0,-0.0180000000000006,8.17,64.6,below,1.0
8478.0,-0.0139999999999993,8494.0,66475.0,below,1.0
9682.0,-0.0240000000000009,9692.0,67.30000000000001,below,1.0
9322.0,-0.0240000000000009,9336.0,58.07500000000002,below,1.0
9554.0,-0.0219999999999984,9.56,68725.0,below,0.0
9386.0,-0.0240000000000009,9394.0,70.32499999999999,below,0.0
-0.0120000000000004,-0.0240000000000009,9692.0,63.25,below,1.0
9392.0,-0.0219999999999984,9408.0,53325.0,below,1.0
9512.0,-0.0199999999999995,9526.0,60.87499999999999,below,1.0
8302.0,-0.0139999999999993,8.32,60575.0,below,1.0
9.34,-0.0219999999999984,9354.0,65.6,below,1.0
8592.0,-0.0159999999999982,8.61,58.07500000000002,below,1.0
9.71,-0.0219999999999984,9722.0,59.94999999999999,below,1.0
10.06,-0.0240000000000009,10058.0,63.775000000000006,below,1.0
9.17,-0.0199999999999995,9184.0,63.45,below,1.0
8.12,-0.0199999999999995,8134.0,53.49999999999999,below,1.0
9.01,-0.0219999999999984,9024.0,55.02499999999999,below,1.0
8542.0,-0.0199999999999995,8556.0,67675.0,below,1.0
9328.0,-0.0159999999999982,9346.0,59175.0,below,1.0
8308.0,-0.0240000000000009,8.32,61.60000000000001,below,1.0
8704.0,-0.0199999999999995,8718.0,56975.0,below,1.0
8.21,-0.0139999999999993,8228.0,65.45,below,1.0
8304.0,-0.0219999999999984,8316.0,64.35,below,1.0
8852.0,-0.0240000000000009,8864.0,63.27499999999999,below,1.0
-0.0219999999999984,-0.0219999999999984,8186.0,55.47500000000001,below,1.0
9148.0,-0.0180000000000006,9168.0,59.1,below,1.0
9384.0,-0.0159999999999982,9402.0,59.02499999999999,below,1.0
8496.0,-0.0259999999999998,8506.0,67.75,below,0.0
8176.0,-0.0219999999999984,8184.0,50.49999999999999,below,1.0
9712.0,-0.0199999999999995,9.73,59.94999999999999,below,1.0
9884.0,-0.0219999999999984,9894.0,65.75,below,1.0
9592.0,-0.0219999999999984,9.61,51.69999999999999,below,1.0
-0.0040000000000013,0.3640000000000007,8502.0,80.17499999999998,below,1.0
8.42,-0.0120000000000004,8.44,59.000000000000014,below,1.0
8274.0,-0.0240000000000009,8284.0,55.89999999999999,below,1.0
8054.0,-0.0139999999999993,8.07,59.87499999999999,below,1.0
9516.0,-0.0259999999999998,9524.0,65.27499999999999,below,0.0
9278.0,-0.0259999999999998,9288.0,60175.0,below,1.0
9112.0,-0.0139999999999993,9.13,60625.0,below,1.0
-0.0120000000000004,-0.0219999999999984,8838.0,61.650000000000006,below,1.0
9.25,-0.0240000000000009,9264.0,63.97500000000001,below,1.0
9606.0,-0.0199999999999995,9618.0,68.32499999999999,below,1.0
8.08,-0.0139999999999993,8096.0,59175.0,below,1.0
8136.0,-0.0219999999999984,8144.0,56.3,below,1.0
8176.0,-0.0219999999999984,8188.0,55375.0,below,1.0
-0.0040000000000013,1.9280000000000008,7.896000000000001,76.57499999999999,below,1.0
8638.0,-0.0259999999999998,8644.0,57625.0,below,0.0
9302.0,-0.0240000000000009,9314.0,57.1,below,1.0
8.12,-0.0159999999999982,8132.0,69.7,below,1.0
9786.0,-0.0219999999999984,9.8,61.5,below,1.0
-0.0120000000000004,-0.0180000000000006,9344.0,67425.0,below,1.0
9314.0,-0.0219999999999984,9326.0,67.0,below,1.0
-0.009999999999998,1.9320000000000004,7916.0,75.22500000000001,below,1.0
8646.0,-0.0199999999999995,8.66,64575.0,below,1.0
9.64,-0.0240000000000009,9.65,66.6,below,1.0
8534.0,-0.0219999999999984,8546.0,61.85000000000001,below,1.0
-0.0060000000000002,1.3979999999999997,8814.0,74.62500000000001,below,1.0
10008.0,-0.0240000000000009,10014.0,69725.0,below,1.0
8706.0,-0.0180000000000006,8.72,56.5,below,1.0
8.13,-0.0240000000000009,8.14,54075.0,below,1.0
9034.0,-0.0180000000000006,9054.0,57.5,below,1.0
8922.0,-0.0240000000000009,8936.0,53.25,below,1.0
9754.0,-0.0259999999999998,9762.0,67.52499999999999,below,0.0
8126.0,-0.0259999999999998,8138.0,55.72500000000001,below,1.0
8258.0,-0.0219999999999984,8.27,60.75,below,1.0
8924.0,-0.0180000000000006,8938.0,65.27499999999999,below,1.0
10032.0,-0.0040000000000013,10036.0,52325.0,below,1.0
8.88,-0.0199999999999995,8898.0,47.45,below,1.0
9.68,-0.0240000000000009,9692.0,65.45,below,1.0
8396.0,-0.0199999999999995,8.41,62.85000000000001,below,1.0
9848.0,-0.0240000000000009,9858.0,70.0,below,1.0
9534.0,-0.0219999999999984,9546.0,63.1,below,1.0
8484.0,-0.0199999999999995,8.5,52.42500000000001,below,1.0
8446.0,-0.0199999999999995,8.46,58.5,below,1.0
8288.0,-0.0180000000000006,8302.0,57.5,below,1.0
8238.0,-0.0240000000000009,8248.0,49.45,below,1.0
9276.0,-0.0199999999999995,9288.0,59475.0,below,1.0
8686.0,-0.0199999999999995,8698.0,63.07499999999999,below,1.0
9966.0,-0.0180000000000006,9974.0,73025.0,below,1.0
-0.0019999999999988,2.49,7592.0,67.55,below,1.0
9182.0,-0.0240000000000009,9192.0,66.45,below,1.0
9824.0,-0.0159999999999982,9842.0,59.87499999999999,below,1.0
8628.0,-0.0219999999999984,8.64,65.65,below,1.0
9434.0,-0.0180000000000006,9.45,58.7,below,1.0
9364.0,-0.0259999999999998,9374.0,60.27499999999999,below,1.0
10022.0,-0.0219999999999984,10026.0,69.75,below,1.0
8596.0,-0.0199999999999995,8.61,54.69999999999999,below,1.0
-0.009999999999998,-0.0240000000000009,6.194000000000001,49925.0,below,0.0
-0.0139999999999993,-0.0259999999999998,9136.0,70.8,below,0.0
9354.0,-0.0219999999999984,9366.0,65725.0,below,1.0
9258.0,-0.0240000000000009,9272.0,56.525000000000006,below,1.0
-0.009999999999998,2064.0,8412.0,75.6,below,1.0
9126.0,-0.0199999999999995,9138.0,61.97500000000001,below,1.0
8102.0,-0.0219999999999984,8114.0,47.05,below,1.0
9256.0,-0.0240000000000009,9268.0,56.80000000000001,below,1.0
-0.0079999999999991,-0.0219999999999984,8698.0,72.35000000000001,below,1.0
8.88,-0.0219999999999984,8892.0,59.2,below,1.0
-0.0079999999999991,2.4320000000000004,7538.0,69.37500000000001,below,1.0
8768.0,-0.0180000000000006,8786.0,56.89999999999999,below,1.0
8922.0,-0.0159999999999982,8938.0,66.14999999999999,below,1.0
8.26,-0.0180000000000006,8278.0,56.1,below,1.0
9828.0,-0.0199999999999995,9838.0,61.27499999999999,below,1.0
-0.009999999999998,-0.0219999999999984,9692.0,64525.0,below,1.0
9998.0,-0.0219999999999984,10002.0,67.05000000000001,below,1.0
9184.0,-0.0159999999999982,9198.0,68.7,below,1.0
10042.0,-0.0259999999999998,10042.0,71.32499999999999,below,0.0
8142.0,-0.0240000000000009,8152.0,52.45,below,1.0
8766.0,-0.0199999999999995,8.78,60.75,below,1.0
8776.0,-0.0199999999999995,8794.0,57.60000000000001,below,1.0
9.45,-0.0259999999999998,9.46,65675.0,below,1.0
9754.0,-0.0219999999999984,9768.0,55425.0,below,1.0
8274.0,-0.0240000000000009,8284.0,55.89999999999999,below,1.0
8558.0,-0.0199999999999995,8572.0,54725.0,below,1.0
10172.0,-0.0219999999999984,10168.0,61.80000000000001,below,1.0
10.11,-0.0199999999999995,10112.0,58.47500000000001,below,1.0
-0.0120000000000004,-0.0219999999999984,9.65,64.25,below,1.0
8224.0,-0.0219999999999984,8234.0,52.89999999999999,below,1.0
9786.0,-0.0240000000000009,9796.0,65725.0,below,1.0
-0.0139999999999993,-0.0240000000000009,9554.0,63.05000000000001,below,0.0
8844.0,-0.0159999999999982,8854.0,68425.0,below,1.0
8108.0,-0.0259999999999998,8118.0,48825.0,below,1.0
9.65,-0.0219999999999984,9664.0,66.45,below,1.0
8396.0,-0.0240000000000009,8402.0,57375.0,below,0.0
8274.0,-0.0240000000000009,8284.0,55.89999999999999,above,0.0
8.3,-0.0139999999999993,8318.0,65.85000000000001,below,1.0
9.37,-0.0219999999999984,9.38,65675.0,below,1.0
9268.0,-0.0240000000000009,9.28,55.67500000000001,below,1.0
-0.0139999999999993,-0.0139999999999993,8506.0,65.14999999999999,below,1.0
9648.0,-0.0199999999999995,9658.0,70.32499999999999,below,0.0
8842.0,-0.0199999999999995,8858.0,52.2,below,1.0
-0.0120000000000004,0.7699999999999996,8432.0,73825.0,below,1.0
8424.0,-0.0219999999999984,8.44,51.6,below,1.0
9554.0,-0.0180000000000006,9.57,59.07500000000002,below,1.0
-0.009999999999998,-0.0180000000000006,9322.0,67.65,below,1.0
8188.0,-0.0219999999999984,8.2,60.07499999999999,below,1.0
9212.0,-0.0199999999999995,9226.0,67725.0,below,1.0
9736.0,-0.0219999999999984,9746.0,67.45000000000002,below,1.0
9304.0,-0.0219999999999984,9316.0,62.775000000000006,below,1.0
9574.0,-0.0259999999999998,9584.0,61.07499999999999,below,1.0
8274.0,-0.0240000000000009,8284.0,55.89999999999999,below,1.0
-0.0060000000000002,1958.0,8.01,76075.0,below,1.0
8178.0,-0.0219999999999984,8.19,57.875000000000014,below,1.0
8852.0,-0.0199999999999995,8866.0,58.275000000000006,below,1.0
8.75,-0.0199999999999995,8766.0,55.525000000000006,below,1.0
8.42,-0.0139999999999993,8436.0,59175.0,below,1.0
8406.0,-0.0259999999999998,8418.0,55.69999999999999,below,1.0
8748.0,-0.0139999999999993,8768.0,58.92500000000001,below,1.0
8562.0,-0.0180000000000006,8578.0,55.5,below,1.0
8.49,-0.0159999999999982,8506.0,66.9,below,1.0
8266.0,-0.0199999999999995,8278.0,52725.0,below,1.0
8344.0,-0.0219999999999984,8358.0,55.400000000000006,below,1.0
9924.0,-0.0159999999999982,9938.0,62375.0,below,1.0
8.27,-0.0279999999999986,8282.0,49.0,below,1.0
-0.0079999999999991,-0.0180000000000006,9932.0,73125.0,below,1.0
-0.0120000000000004,0.6379999999999999,9212.0,74.64999999999999,below,1.0
8684.0,-0.0219999999999984,8694.0,56125.0,below,1.0
8274.0,-0.0240000000000009,8284.0,55.89999999999999,below,1.0
8976.0,-0.0199999999999995,8988.0,62475.0,below,1.0
9736.0,-0.0259999999999998,9748.0,63.02499999999999,below,1.0
8986.0,-0.0219999999999984,9002.0,51.89999999999999,below,1.0
8.95,-0.0199999999999995,8968.0,56.1,below,1.0
-0.0079999999999991,-0.0199999999999995,10062.0,72.05,below,1.0
9534.0,-0.0219999999999984,9546.0,62.35,below,1.0
9246.0,-0.0180000000000006,9.26,67.35,below,1.0
9282.0,-0.0219999999999984,9288.0,66.45,below,0.0
8.92,-0.0180000000000006,8936.0,55.650000000000006,below,1.0
-0.0139999999999993,-0.0139999999999993,8506.0,65.14999999999999,below,1.0
8128.0,-0.0240000000000009,8.14,55.69999999999999,below,1.0
8.34,-0.0219999999999984,8354.0,55.400000000000006,below,1.0
8656.0,-0.0240000000000009,8666.0,53.025000000000006,below,1.0
8482.0,-0.0180000000000006,8.5,50325.0,below,1.0
10096.0,-0.0219999999999984,10098.0,62.27499999999999,below,1.0
9.64,-0.0240000000000009,9652.0,62475.0,below,1.0
9.41,-0.0219999999999984,9422.0,68825.0,below,1.0
8206.0,-0.0240000000000009,8218.0,56175.0,below,1.0
9.84,-0.0159999999999982,9846.0,73725.0,below,1.0
8566.0,-0.0240000000000009,8576.0,52975.0,below,1.0
9388.0,-0.0240000000000009,9398.0,57325.0,below,1.0
8754.0,-0.0240000000000009,8768.0,52.0,below,1.0
8712.0,-0.0180000000000006,8726.0,65375.0,below,1.0
9218.0,-0.0199999999999995,9234.0,52.025000000000006,below,1.0
-0.0159999999999982,-0.0139999999999993,8184.0,65.25000000000001,below,1.0
8386.0,-0.0159999999999982,8406.0,57125.0,below,1.0
8832.0,-0.0180000000000006,8.85,56.05,below,1.0
8796.0,-0.0199999999999995,8812.0,55325.0,below,1.0
9.27,-0.0199999999999995,9286.0,58.400000000000006,below,1.0
9526.0,-0.0219999999999984,9.54,56.82499999999999,below,1.0
8226.0,-0.0240000000000009,8236.0,56.5,below,1.0
9408.0,-0.0219999999999984,9.42,65225.0,below,1.0
9.44,-0.0180000000000006,9458.0,57.275000000000006,below,1.0
9734.0,-0.0199999999999995,9748.0,56.80000000000001,below,1.0
9534.0,-0.0240000000000009,9546.0,65.92499999999998,below,1.0
9674.0,-0.0219999999999984,9686.0,60.1,below,1.0
9152.0,-0.0219999999999984,9166.0,66.85000000000001,below,1.0
9.33,-0.0219999999999984,9344.0,61.45,below,1.0
8176.0,-0.0240000000000009,8188.0,56.89999999999999,below,1.0
-0.0139999999999993,-0.0139999999999993,8506.0,65.14999999999999,below,1.0
8232.0,-0.0159999999999982,8248.0,62.775000000000006,below,1.0
9188.0,-0.0219999999999984,9.2,66575.0,below,1.0
8.79,-0.0219999999999984,8804.0,56075.0,below,1.0
8882.0,-0.0240000000000009,8896.0,57.69999999999999,below,1.0
9074.0,-0.0199999999999995,9088.0,54.82499999999999,below,1.0
8872.0,-0.0219999999999984,8888.0,57.72500000000001,below,1.0
9276.0,-0.0240000000000009,9288.0,63675.0,below,1.0
9.45,-0.0219999999999984,9468.0,54.400000000000006,below,1.0
9178.0,-0.0240000000000009,9.19,54.400000000000006,below,1.0
8698.0,-0.0219999999999984,8.71,57.25,below,1.0
9174.0,-0.0219999999999984,9.19,66.75,below,1.0
9294.0,-0.0259999999999998,9298.0,45.92500000000001,below,0.0
-0.0079999999999991,1.7240000000000002,7948.0,74925.0,below,1.0
8064.0,-0.0199999999999995,8076.0,50975.0,below,1.0
9456.0,-0.0199999999999995,9472.0,67.85000000000001,below,1.0
8.26,-0.0219999999999984,8.27,59.1,below,0.0
8846.0,-0.0259999999999998,8858.0,45.525000000000006,below,1.0
8.77,-0.0159999999999982,8782.0,65.95,below,1.0
8.68,-0.0219999999999984,8686.0,69825.0,below,0.0
-0.0079999999999991,2.0380000000000003,8172.0,75.52499999999999,below,1.0
8724.0,-0.0199999999999995,8.74,63575.0,below,1.0
9498.0,-0.0259999999999998,9504.0,64575.0,below,0.0
8.22,-0.0240000000000009,8234.0,55.80000000000001,below,1.0
8514.0,-0.0180000000000006,8532.0,56.525000000000006,below,1.0
8454.0,-0.0240000000000009,8464.0,53.82499999999999,below,1.0
8598.0,-0.0240000000000009,8612.0,59.87499999999999,below,1.0
8722.0,-0.0219999999999984,8734.0,55075.0,below,1.0
8658.0,-0.0240000000000009,8668.0,53.69999999999999,below,1.0
8116.0,-0.0259999999999998,8126.0,57.275000000000006,below,1.0
-0.0079999999999991,-0.0199999999999995,10058.0,72.42500000000001,below,1.0
8658.0,-0.0199999999999995,8.67,62.1,below,1.0
9622.0,-0.0180000000000006,9636.0,70.24999999999999,below,1.0
8746.0,-0.0199999999999995,8764.0,56.80000000000001,below,1.0
8564.0,-0.0219999999999984,8578.0,53.2,below,1.0
8.73,-0.0240000000000009,8738.0,58.94999999999999,below,1.0
9218.0,-0.0180000000000006,9234.0,58.7,below,1.0
8192.0,-0.0219999999999984,8204.0,56.150000000000006,below,1.0
9.79,-0.0199999999999995,9806.0,58.775000000000006,below,1.0
8338.0,-0.0199999999999995,8352.0,62675.0,below,1.0
9808.0,-0.0240000000000009,9818.0,61.1,below,1.0
8172.0,-0.0240000000000009,8182.0,49.0,below,1.0
8.06,-0.0120000000000004,8076.0,61.400000000000006,below,1.0
8332.0,-0.0219999999999984,8344.0,52975.0,below,1.0
8204.0,-0.0240000000000009,8.22,49.900000000000006,below,1.0
8.73,-0.0240000000000009,8742.0,60375.0,below,1.0
8512.0,-0.0259999999999998,8522.0,56.80000000000001,below,1.0
9748.0,-0.0259999999999998,9758.0,60.1,below,1.0
8552.0,-0.0219999999999984,8562.0,54.55000000000001,below,1.0
8766.0,-0.0219999999999984,8.78,60.7,below,1.0
8.75,-0.0199999999999995,8768.0,55.275000000000006,below,1.0
9578.0,-0.0240000000000009,9592.0,57075.0,below,1.0
9974.0,-0.0199999999999995,9.98,55.275000000000006,below,1.0
9478.0,-0.0199999999999995,9492.0,54875.0,below,1.0
8052.0,-0.0180000000000006,8.07,55.95000000000002,below,1.0
-0.0139999999999993,-0.0219999999999984,9326.0,57575.0,below,1.0
8292.0,-0.0240000000000009,8302.0,57.1,below,1.0
9814.0,-0.0159999999999982,9832.0,60975.0,below,1.0
9376.0,-0.0240000000000009,9386.0,65.07499999999999,below,1.0
8522.0,-0.0240000000000009,8534.0,58.1,below,1.0
8978.0,-0.0219999999999984,8.99,50.025000000000006,below,1.0
8222.0,-0.0139999999999993,8238.0,58.47500000000001,below,1.0
-0.0079999999999991,2.2140000000000004,8.17,75.57499999999999,below,1.0
9282.0,-0.0199999999999995,9294.0,62475.0,below,1.0
9912.0,-0.0159999999999982,9924.0,69.10000000000001,below,1.0
9.87,-0.0159999999999982,9884.0,64825.0,below,1.0
8202.0,-0.0240000000000009,8214.0,55.875000000000014,below,1.0
9474.0,-0.0180000000000006,9492.0,58375.0,below,1.0
8324.0,-0.0240000000000009,8336.0,55175.0,below,1.0
9718.0,-0.0240000000000009,9728.0,65025.0,above,0.0
8408.0,-0.0180000000000006,8424.0,54.62499999999999,below,1.0
-0.0040000000000013,1.9379999999999988,7.896000000000001,76.49999999999999,below,1.0
-0.0060000000000002,2.1180000000000003,7948.0,75.22500000000001,below,1.0
8584.0,-0.0240000000000009,8.59,63675.0,below,0.0
8.2,-0.0240000000000009,8206.0,68.55,below,0.0
8576.0,-0.0199999999999995,8.59,61675.0,below,1.0
9606.0,-0.0240000000000009,9618.0,63875.0,below,1.0
9184.0,-0.0199999999999995,9.2,57325.0,below,1.0
9126.0,-0.0159999999999982,9144.0,57975.0,below,1.0
9428.0,-0.0180000000000006,9444.0,56575.0,below,1.0
9.04,-0.0159999999999982,9056.0,65.10000000000001,below,1.0
10146.0,-0.0139999999999993,10148.0,74.15,below,1.0
9072.0,-0.0219999999999984,9.08,62.07499999999999,below,0.0
8286.0,-0.0159999999999982,8302.0,56.400000000000006,below,1.0
9758.0,-0.0240000000000009,9772.0,64875.0,below,1.0
8604.0,-0.0219999999999984,8616.0,55.875000000000014,below,1.0
8672.0,-0.0240000000000009,8682.0,54725.0,below,1.0
-0.0079999999999991,-0.0219999999999984,9494.0,59.94999999999999,below,1.0
9818.0,-0.0240000000000009,9832.0,68.85,below,1.0
-0.0139999999999993,-0.0139999999999993,8506.0,65.14999999999999,above,0.0
9958.0,-0.0219999999999984,9966.0,65.55,below,1.0
-0.0139999999999993,-0.0139999999999993,8506.0,65.14999999999999,above,0.0
8678.0,-0.0240000000000009,8688.0,55175.0,below,1.0
8944.0,-0.0180000000000006,8964.0,64.39999999999999,below,1.0
8.14,-0.0180000000000006,8152.0,55.67500000000001,below,1.0
-0.0079999999999991,-0.0180000000000006,9688.0,66.92499999999998,below,1.0
9908.0,-0.0199999999999995,9.92,58.80000000000001,below,1.0
-0.0279999999999986,0.0560000000000009,8118.0,47.52499999999999,below,1.0
-0.0079999999999991,-0.0180000000000006,9.73,72.50000000000001,below,1.0
8616.0,-0.0240000000000009,8626.0,52875.0,below,1.0
8864.0,-0.0199999999999995,8876.0,54.275000000000006,below,1.0
9.34,-0.0219999999999984,9352.0,56.0,below,1.0
8494.0,-0.0139999999999993,8.51,65.12500000000001,below,1.0
9922.0,-0.0219999999999984,9926.0,70.9,below,1.0
8472.0,-0.0199999999999995,8486.0,62.35,below,1.0
8714.0,-0.0180000000000006,8728.0,64.17500000000001,below,1.0
8222.0,-0.0199999999999995,8236.0,57.0,below,1.0
-0.0079999999999991,1.2959999999999994,7958.0,74.95,below,1.0
-0.0159999999999982,-0.0219999999999984,8.95,65.45,below,1.0
9472.0,-0.0240000000000009,9482.0,56.5,below,1.0
8.29,-0.0199999999999995,8.3,59.02499999999999,below,1.0
9.11,-0.0219999999999984,9122.0,55.62499999999999,below,1.0
9538.0,-0.0139999999999993,9558.0,63.55,below,1.0
8388.0,-0.0219999999999984,8398.0,52975.0,below,1.0
8986.0,-0.0180000000000006,9002.0,60.67499999999998,below,1.0
9486.0,-0.0199999999999995,9504.0,54.82499999999999,below,1.0
8.2,-0.0199999999999995,8216.0,63675.0,below,1.0
8452.0,-0.0159999999999982,8.47,55.77499999999999,below,1.0
8.67,-0.0199999999999995,8682.0,60.25,below,1.0
8244.0,-0.0219999999999984,8254.0,49.1,below,1.0
8216.0,-0.0199999999999995,8.23,50925.0,below,1.0
8714.0,-0.0199999999999995,8728.0,54.89999999999999,below,1.0
9.99,-0.0240000000000009,9992.0,68.65,below,1.0
9376.0,-0.0240000000000009,9386.0,66475.0,below,1.0
-0.0060000000000002,1824.0,9424.0,74125.0,below,1.0
8686.0,-0.0199999999999995,8702.0,54.80000000000001,below,1.0
8618.0,-0.0199999999999995,8632.0,65.07499999999999,below,1.0
9492.0,-0.0159999999999982,9.51,58.275000000000006,below,1.0
8.33,-0.0199999999999995,8344.0,60975.0,below,1.0
9.53,-0.0240000000000009,9.54,57.69999999999999,below,1.0
9382.0,-0.0259999999999998,9392.0,64.85000000000001,below,1.0
8988.0,-0.0219999999999984,9002.0,60.000000000000014,below,1.0
9844.0,-0.0199999999999995,9854.0,62.775000000000006,below,1.0
9572.0,-0.0159999999999982,9592.0,58.60000000000001,below,1.0
9296.0,-0.0240000000000009,9308.0,57.875000000000014,below,1.0
8.42,-0.0180000000000006,8436.0,57075.0,below,1.0
9348.0,-0.0240000000000009,9.36,57975.0,below,1.0
8936.0,-0.0219999999999984,8952.0,52.35000000000001,below,1.0
8144.0,-0.0180000000000006,8.16,60.2,below,1.0
9736.0,-0.0240000000000009,9746.0,64375.0,below,1.0
8712.0,-0.0219999999999984,8724.0,51.6,below,1.0
9476.0,-0.0259999999999998,9486.0,65.65,below,1.0
9816.0,-0.0219999999999984,9828.0,65.7,below,1.0
8664.0,-0.0219999999999984,8676.0,57.1,below,1.0
8.99,-0.0219999999999984,9002.0,54.275000000000006,below,1.0
8254.0,-0.0259999999999998,8264.0,51.22500000000001,below,1.0
-0.0060000000000002,2.02,8846.0,75.0,below,1.0
8274.0,-0.0240000000000009,8284.0,55.89999999999999,below,1.0
8664.0,-0.0139999999999993,8678.0,59375.0,below,1.0
8912.0,-0.0199999999999995,8.93,55.875000000000014,below,1.0
8548.0,-0.0240000000000009,8.56,53.3,below,1.0
9652.0,-0.0240000000000009,9662.0,67.05000000000001,below,1.0
9158.0,-0.0180000000000006,9.17,63.07499999999999,below,1.0
8.62,-0.0219999999999984,8632.0,56325.0,below,1.0
9556.0,-0.0219999999999984,9568.0,66475.0,below,1.0
9848.0,-0.0219999999999984,9856.0,66.45,below,1.0
9404.0,-0.0180000000000006,9424.0,58175.0,below,1.0
9404.0,-0.0219999999999984,9418.0,60.775000000000006,below,1.0
8.86,-0.0240000000000009,8872.0,56.54999999999998,below,1.0
-0.0060000000000002,2.43,7526.0,68.85,below,1.0
8884.0,-0.0240000000000009,8892.0,68.52499999999999,below,0.0
-0.0139999999999993,798.0,8.9,71.75,below,1.0
8.83,-0.0199999999999995,8846.0,57.25,below,1.0
8238.0,-0.0240000000000009,8248.0,49.45,above,0.0
8724.0,-0.0240000000000009,8736.0,55.5,below,1.0
8224.0,-0.0199999999999995,8236.0,55.89999999999999,below,1.0
-0.0139999999999993,-0.0259999999999998,9.84,56.47500000000001,below,1.0
-0.0060000000000002,2.0180000000000007,8908.0,72975.0,below,1.0
8174.0,-0.0139999999999993,8.19,58.525000000000006,below,1.0
8886.0,-0.0219999999999984,8898.0,54.400000000000006,below,1.0
-0.009999999999998,2218.0,8182.0,74.95,below,1.0
-0.009999999999998,1.338000000000001,5.5760000000000005,66.55,below,1.0
8686.0,-0.0139999999999993,8704.0,59625.0,below,1.0
9172.0,-0.0219999999999984,9184.0,56.875000000000014,below,1.0
8796.0,-0.0159999999999982,8814.0,57.80000000000001,below,1.0
-0.0079999999999991,2022.0,8128.0,75875.0,below,1.0
9.19,-0.0159999999999982,9208.0,59.05,below,1.0
-0.0120000000000004,-0.0259999999999998,9762.0,68.95,below,0.0
8274.0,-0.0199999999999995,8294.0,54.77499999999999,below,1.0
9.77,-0.0199999999999995,9784.0,68.97500000000001,below,1.0
9.59,-0.0199999999999995,9602.0,68.15,below,1.0
9294.0,-0.0219999999999984,9308.0,64.72500000000001,below,1.0
8316.0,-0.0199999999999995,8326.0,59.87499999999999,below,0.0
8.55,-0.0259999999999998,8.56,51975.0,below,1.0
9202.0,-0.0180000000000006,9218.0,57575.0,below,1.0
9854.0,-0.0240000000000009,9862.0,70.44999999999999,below,1.0
9.31,-0.0240000000000009,9.32,65.14999999999999,below,0.0
9604.0,-0.0219999999999984,9616.0,62.45,below,1.0
8804.0,-0.0199999999999995,8818.0,56.60000000000001,below,1.0
9382.0,-0.0219999999999984,9398.0,53125.0,below,1.0
8884.0,-0.0199999999999995,8902.0,53.55000000000001,below,1.0
8208.0,-0.0199999999999995,8224.0,48.45,below,1.0
9.26,-0.0240000000000009,9272.0,56.80000000000001,below,1.0
9764.0,-0.0259999999999998,9.77,66775.0,below,0.0
9584.0,-0.0259999999999998,9594.0,66775.0,below,1.0
8832.0,-0.0219999999999984,8846.0,59375.0,below,1.0
-0.009999999999998,2.2300000000000004,8.18,74.6,below,1.0
10106.0,-0.0240000000000009,10104.0,72.77499999999999,below,0.0
8.12,-0.0219999999999984,8134.0,55.2,below,1.0
9104.0,-0.0219999999999984,9116.0,66575.0,below,1.0
9184.0,-0.0199999999999995,9198.0,58975.0,below,1.0
9054.0,-0.0199999999999995,9.07,56.525000000000006,below,1.0
9212.0,-0.0199999999999995,9224.0,66.25000000000001,below,1.0
8926.0,-0.0259999999999998,8934.0,58975.0,below,0.0
9496.0,-0.0219999999999984,9508.0,60125.0,below,1.0
8158.0,-0.0180000000000006,8.17,64.6,below,1.0
8072.0,-0.0259999999999998,8082.0,50.29999999999998,below,1.0
9142.0,-0.0219999999999984,9154.0,63.97500000000001,below,1.0
9.89,-0.0219999999999984,9898.0,64.3,below,1.0
8616.0,-0.0259999999999998,8626.0,54.02499999999999,below,1.0
8292.0,-0.0199999999999995,8304.0,57.54999999999998,below,1.0
8828.0,-0.0240000000000009,8842.0,55.3,below,1.0
8948.0,-0.0259999999999998,8958.0,55325.0,below,1.0
9.55,-0.0219999999999984,9568.0,54.3,below,1.0
-0.009999999999998,0.652000000000001,9.58,75.64999999999999,below,1.0
8104.0,-0.0199999999999995,8116.0,58.60000000000001,below,1.0
9616.0,-0.0219999999999984,9626.0,62.87499999999999,below,1.0
-0.0139999999999993,-0.0219999999999984,9818.0,71.35000000000001,below,1.0
9096.0,-0.0199999999999995,9108.0,58.60000000000001,below,1.0
8504.0,-0.0219999999999984,8516.0,55.525000000000006,below,1.0
9214.0,-0.0259999999999998,9222.0,65.27499999999999,below,0.0
8566.0,-0.0199999999999995,8578.0,57.1,below,1.0
9276.0,-0.0219999999999984,9.29,58175.0,below,1.0
-0.009999999999998,1.4139999999999997,8754.0,73.85,below,1.0
-0.0240000000000009,-0.0240000000000009,8.36,51.150000000000006,below,1.0
9864.0,-0.0240000000000009,9.87,70475.0,below,0.0
8.46,-0.0219999999999984,8472.0,53.400000000000006,below,1.0
-0.0139999999999993,-0.0139999999999993,8506.0,65.14999999999999,below,1.0
8744.0,-0.0199999999999995,8758.0,62.7,below,1.0
8.57,-0.0219999999999984,8584.0,56.89999999999999,below,1.0
8112.0,-0.0259999999999998,8122.0,54.67500000000001,below,1.0
-0.009999999999998,-0.0219999999999984,10036.0,71.95,below,1.0
9276.0,-0.0240000000000009,9.29,63675.0,below,1.0
9.08,-0.0199999999999995,9096.0,56.1,below,1.0
-0.0139999999999993,-0.0139999999999993,8506.0,65.14999999999999,below,1.0
8516.0,-0.0240000000000009,8528.0,55425.0,below,1.0
8158.0,-0.0180000000000006,8.17,64.6,above,0.0
-0.009999999999998,-0.0199999999999995,10154.0,72925.0,below,1.0
8398.0,-0.0240000000000009,8408.0,44.35,below,1.0
8646.0,-0.0180000000000006,8658.0,57.3,below,1.0
9412.0,-0.0219999999999984,9424.0,68.75,below,1.0
9.0,-0.0180000000000006,9016.0,57.74999999999999,below,1.0
8614.0,-0.0259999999999998,8626.0,56.5,below,1.0
8.21,-0.0199999999999995,8224.0,51.025000000000006,below,1.0
9.45,-0.0219999999999984,9.46,61225.0,below,1.0
9.22,-0.0180000000000006,9234.0,68.75,below,1.0
-0.0120000000000004,-0.0219999999999984,10136.0,71775.0,below,1.0
8754.0,-0.0159999999999982,8772.0,58325.0,below,1.0
9.79,-0.0199999999999995,9804.0,72.42500000000001,below,1.0
8.47,-0.0180000000000006,8.48,63175.0,below,1.0
8084.0,-0.0199999999999995,8094.0,57375.0,below,1.0
9066.0,-0.0240000000000009,9078.0,54.89999999999999,below,1.0
8434.0,-0.0199999999999995,8446.0,58.5,below,1.0
8.82,-0.0240000000000009,8832.0,54.02499999999999,below,1.0
9732.0,-0.0219999999999984,9742.0,64.25,below,1.0
8.16,-0.0219999999999984,8.17,55.62499999999999,below,1.0
9.52,-0.0199999999999995,9532.0,67375.0,below,1.0
9996.0,-0.0219999999999984,10.0,71.85,below,1.0
8194.0,-0.0219999999999984,8206.0,53225.0,below,1.0
-0.0180000000000006,-0.0219999999999984,8542.0,62.94999999999999,below,1.0
8694.0,-0.0139999999999993,8.71,57.82499999999999,below,1.0
-0.0139999999999993,-0.0139999999999993,8506.0,65.14999999999999,below,1.0
8.51,-0.0139999999999993,8526.0,62175.0,below,1.0
-0.0159999999999982,-0.0240000000000009,9166.0,60.87499999999999,below,1.0
-0.0240000000000009,-0.0219999999999984,8334.0,55.89999999999999,below,0.0
9086.0,-0.0199999999999995,9098.0,67.07499999999999,below,1.0
9094.0,-0.0199999999999995,9106.0,67.97500000000001,below,1.0
9.45,-0.0219999999999984,9464.0,66.85000000000001,below,1.0
9.52,-0.0199999999999995,9532.0,66.85000000000001,below,1.0
8586.0,-0.0240000000000009,8596.0,55.80000000000001,below,0.0
9.65,-0.0219999999999984,9.66,67.05000000000001,below,1.0
8.2,-0.0240000000000009,8212.0,54.35000000000001,below,1.0
8916.0,-0.0259999999999998,8928.0,54.0,below,1.0
-0.0079999999999991,-0.0159999999999982,9502.0,69.19999999999999,below,1.0
9704.0,-0.0240000000000009,9712.0,68.97500000000001,below,1.0
9282.0,-0.0259999999999998,9294.0,57625.0,below,1.0
9.04,-0.0240000000000009,9.05,55.80000000000001,below,1.0
-0.0120000000000004,-0.0139999999999993,9012.0,67.17500000000001,below,1.0
8202.0,-0.0240000000000009,8212.0,53.8,below,1.0
9038.0,-0.0240000000000009,9052.0,60975.0,below,1.0
10.2,-0.0180000000000006,10196.0,69.85,below,1.0
8126.0,-0.0199999999999995,8142.0,54.42499999999998,below,1.0
8.11,-0.0219999999999984,8.12,58.67500000000001,below,1.0
9.41,-0.0180000000000006,9428.0,57.60000000000001,below,1.0
8162.0,-0.0159999999999982,8.18,65.12500000000001,below,1.0
9554.0,-0.0240000000000009,9566.0,60.3,below,1.0
8692.0,-0.0159999999999982,8706.0,58375.0,below,1.0
10014.0,-0.0219999999999984,10022.0,64775.0,below,1.0
-0.0219999999999984,-0.0259999999999998,8574.0,56.0,below,1.0
-0.0040000000000013,0.7040000000000006,8.51,81.1,below,1.0
8628.0,-0.0180000000000006,8.64,59.87499999999999,below,1.0
9016.0,-0.0199999999999995,9.03,62.400000000000006,below,1.0
9.91,-0.0199999999999995,9.92,62.92500000000001,below,1.0
8.65,-0.0219999999999984,8.66,64575.0,below,0.0
8634.0,-0.0240000000000009,8646.0,54.69999999999999,below,1.0
9248.0,-0.0199999999999995,9.26,65.19999999999999,below,1.0
-0.0120000000000004,-0.0219999999999984,9916.0,62175.0,below,1.0
9284.0,-0.0219999999999984,9302.0,52.8,below,1.0
9.12,-0.0120000000000004,9136.0,68825.0,below,1.0
8.36,-0.0240000000000009,8.37,53.82499999999999,below,1.0
9466.0,-0.0219999999999984,9478.0,62625.0,below,1.0
9222.0,-0.0159999999999982,9.24,59.07500000000002,below,1.0
9382.0,-0.0159999999999982,9.4,57.69999999999999,below,1.0
9258.0,-0.0199999999999995,9276.0,59.7,below,1.0
-0.0139999999999993,-0.0139999999999993,8506.0,65.14999999999999,below,1.0
-0.0139999999999993,-0.0139999999999993,8506.0,65.14999999999999,below,1.0
8094.0,-0.0240000000000009,8106.0,56.3,below,1.0
-0.0240000000000009,-0.0219999999999984,8.27,59.275000000000006,below,1.0
8.18,-0.0240000000000009,8188.0,55.0,below,0.0
8998.0,-0.0180000000000006,9016.0,55.275000000000006,below,1.0
9232.0,-0.0199999999999995,9242.0,65525.0,below,1.0
8476.0,-0.0159999999999982,8492.0,55.750000000000014,below,1.0
8.24,-0.0180000000000006,8256.0,54.82499999999999,below,1.0
8542.0,-0.0199999999999995,8558.0,53.25,below,1.0
9238.0,-0.0180000000000006,9.25,68.45000000000002,below,1.0
-0.0040000000000013,1802.0,9438.0,74725.0,below,1.0
9342.0,-0.0259999999999998,9354.0,56.0,below,1.0
8332.0,-0.0159999999999982,8348.0,64825.0,below,1.0
9352.0,-0.0240000000000009,9362.0,57.67500000000001,below,1.0
8548.0,-0.0240000000000009,8.56,65.45,below,1.0
-0.0019999999999988,0.5500000000000007,8588.0,76.47500000000001,below,1.0
9.72,-0.0240000000000009,9734.0,62575.0,below,1.0
8896.0,-0.0199999999999995,8906.0,63325.0,below,0.0
8484.0,-0.0159999999999982,8498.0,64625.0,below,1.0
-0.0079999999999991,1984.0,8.36,76.25,below,1.0
9594.0,-0.0259999999999998,9608.0,67.65,below,1.0
8626.0,-0.0199999999999995,8.64,55975.0,below,1.0
8854.0,-0.0240000000000009,8864.0,59975.0,below,0.0
8874.0,-0.0259999999999998,8884.0,58.92500000000001,below,1.0
8484.0,-0.0240000000000009,8494.0,52.49999999999999,below,1.0
8672.0,-0.0240000000000009,8684.0,53875.0,below,1.0
8194.0,-0.0199999999999995,8206.0,56975.0,below,1.0
8718.0,-0.0240000000000009,8728.0,57.72500000000001,below,1.0
8906.0,-0.0219999999999984,8916.0,57.875000000000014,below,1.0
9922.0,-0.0199999999999995,9.93,70.55,below,1.0
8666.0,-0.0219999999999984,8678.0,55.525000000000006,below,1.0
-0.0159999999999982,-0.0180000000000006,8916.0,53.8,below,1.0
8402.0,-0.0219999999999984,8414.0,55.80000000000001,below,1.0
9302.0,-0.0199999999999995,9322.0,57975.0,below,1.0
8278.0,-0.0219999999999984,8.29,56325.0,below,1.0
8278.0,-0.0180000000000006,8292.0,54.60000000000001,below,1.0
9782.0,-0.0259999999999998,9786.0,69.15,below,0.0
8674.0,-0.0199999999999995,8686.0,60.1,below,1.0
8156.0,-0.0159999999999982,8.17,57.92500000000001,below,1.0
9534.0,-0.0199999999999995,9.55,51.42500000000001,below,1.0
9102.0,-0.0199999999999995,9114.0,57.275000000000006,below,1.0
8636.0,-0.0219999999999984,8652.0,59.89999999999999,below,1.0
-0.0219999999999984,-0.0120000000000004,8138.0,66.17500000000001,below,1.0
8238.0,-0.0240000000000009,8248.0,49.45,above,0.0
8208.0,-0.0180000000000006,8222.0,55.5,below,1.0
8.16,-0.0199999999999995,8172.0,58.5,below,1.0
8558.0,-0.0219999999999984,8.57,53.60000000000001,below,1.0
8182.0,-0.0180000000000006,8198.0,57125.0,below,1.0
8.48,-0.0240000000000009,8.49,53.8,below,1.0
9.46,-0.0180000000000006,9472.0,60.2,below,1.0
8866.0,-0.0219999999999984,8.88,56975.0,below,1.0
8.37,-0.0240000000000009,8384.0,58.7,below,1.0
9.09,-0.0219999999999984,9.1,63.05000000000001,below,1.0
8944.0,-0.0219999999999984,8954.0,56.400000000000006,below,1.0
9.15,-0.0219999999999984,9164.0,62.650000000000006,below,1.0
9.16,-0.0199999999999995,9.17,62.400000000000006,below,1.0
-0.0159999999999982,-0.0219999999999984,9672.0,65.85000000000001,below,1.0
9432.0,-0.0219999999999984,9446.0,52.05,below,1.0
9.21,-0.0240000000000009,9.22,57.80000000000001,below,1.0
9628.0,-0.0180000000000006,9.64,62675.0,below,1.0
8982.0,-0.0199999999999995,8996.0,54.400000000000006,below,1.0
8146.0,-0.0219999999999984,8.16,61475.0,below,1.0
-0.0159999999999982,-0.0259999999999998,9192.0,60.87499999999999,below,0.0
8214.0,-0.0240000000000009,8222.0,56975.0,below,0.0
8.84,-0.0199999999999995,8856.0,53.69999999999999,below,1.0
8046.0,-0.0120000000000004,8066.0,57.80000000000001,below,1.0
9142.0,-0.0240000000000009,9152.0,57375.0,below,1.0
8228.0,-0.0199999999999995,8242.0,53.42499999999998,below,1.0
8544.0,-0.0240000000000009,8556.0,54.60000000000001,below,1.0
8124.0,-0.0259999999999998,8134.0,50.1,below,1.0
8638.0,-0.0219999999999984,8656.0,51975.0,below,1.0
8516.0,-0.0159999999999982,8534.0,56.72500000000001,below,1.0
9.8,-0.0219999999999984,9808.0,69.85,below,1.0
8.91,-0.0240000000000009,8.92,60.80000000000001,below,1.0
8652.0,-0.0240000000000009,8666.0,51.35000000000001,below,1.0
9502.0,-0.0240000000000009,9512.0,59.89999999999999,below,1.0
8644.0,-0.0219999999999984,8656.0,56.875000000000014,below,1.0
8476.0,-0.0199999999999995,8494.0,54.55000000000001,below,1.0
-0.009999999999998,-0.0199999999999995,8924.0,50125.0,below,1.0
8158.0,-0.0180000000000006,8.17,64.6,below,1.0
8882.0,-0.0240000000000009,8896.0,53.2,below,1.0
8788.0,-0.0240000000000009,8802.0,55.95000000000002,below,1.0
9966.0,-0.0219999999999984,9972.0,70475.0,below,1.0
9078.0,-0.0240000000000009,9.09,56.400000000000006,below,1.0
8176.0,-0.0199999999999995,8.19,65025.0,below,1.0
-0.0139999999999993,-0.0240000000000009,9628.0,62475.0,below,1.0
9538.0,-0.0139999999999993,9558.0,61.650000000000006,below,1.0
8.71,-0.0240000000000009,8.72,53.0,below,1.0
9316.0,-0.0219999999999984,9.33,61.97500000000001,below,1.0
8958.0,-0.0259999999999998,8974.0,53.1,below,1.0
9124.0,-0.0199999999999995,9136.0,64.55,below,1.0
9178.0,-0.0199999999999995,9194.0,62.79999999999998,below,1.0
9004.0,-0.0240000000000009,9016.0,55125.0,below,1.0
9.2,-0.0199999999999995,9214.0,53.69999999999999,below,1.0
9988.0,-0.0219999999999984,9.99,66425.0,below,1.0
9.04,-0.0240000000000009,9.05,55.0,below,1.0
-0.0139999999999993,-0.0139999999999993,8506.0,65.14999999999999,below,1.0
9012.0,-0.0199999999999995,9026.0,56.82499999999999,below,1.0
8.23,-0.0219999999999984,8242.0,57.05,below,1.0
8372.0,-0.0199999999999995,8386.0,59.80000000000001,below,1.0
8854.0,-0.0180000000000006,8868.0,63.6,below,1.0
9544.0,-0.0199999999999995,9558.0,69.19999999999999,below,1.0
8.94,-0.0219999999999984,8954.0,53.49999999999999,below,1.0
9972.0,-0.0219999999999984,9976.0,70825.0,below,1.0
8212.0,-0.0219999999999984,8224.0,60.900000000000006,below,1.0
10144.0,-0.0259999999999998,10.14,59.60000000000001,below,1.0
8158.0,-0.0180000000000006,8.17,64.6,below,1.0
9414.0,-0.0219999999999984,9.43,54.80000000000001,below,1.0
-0.0139999999999993,-0.0139999999999993,8506.0,65.14999999999999,below,1.0
8948.0,-0.0199999999999995,8962.0,57575.0,below,1.0
8202.0,-0.0240000000000009,8214.0,48125.0,below,1.0
10068.0,-0.0219999999999984,10066.0,72.15,below,1.0
-0.0120000000000004,-0.0240000000000009,10144.0,63.05000000000001,below,1.0
9.85,-0.0180000000000006,9862.0,72125.0,below,1.0
9716.0,-0.0159999999999982,9734.0,60.1,below,1.0
9356.0,-0.0199999999999995,9374.0,53.150000000000006,below,1.0
8076.0,-0.0240000000000009,8088.0,57.80000000000001,below,1.0
9202.0,-0.0279999999999986,9216.0,51.8,below,1.0
8166.0,-0.0199999999999995,8176.0,54.05,below,1.0
8234.0,-0.0240000000000009,8.25,50.025000000000006,below,1.0
8054.0,-0.0199999999999995,8066.0,56.2,below,1.0
9.58,-0.0199999999999995,9594.0,66.8,below,1.0
9298.0,-0.0219999999999984,9308.0,66.55,below,1.0
-0.0120000000000004,-0.0180000000000006,9362.0,67.65,below,1.0
8096.0,-0.0259999999999998,8102.0,52.400000000000006,below,1.0
9586.0,-0.0139999999999993,9598.0,71625.0,below,1.0
8158.0,-0.0180000000000006,8.17,64.6,above,0.0
9114.0,-0.0139999999999993,9132.0,59.07500000000002,below,1.0
9.31,-0.0199999999999995,9324.0,60425.0,below,1.0
8854.0,-0.0180000000000006,8872.0,54.80000000000001,below,1.0
9558.0,-0.0259999999999998,9564.0,55.95000000000002,below,0.0
9606.0,-0.0240000000000009,9618.0,60.80000000000001,below,1.0
8318.0,-0.0159999999999982,8336.0,57975.0,below,1.0
8738.0,-0.0219999999999984,8748.0,66.55,below,1.0
8684.0,-0.0199999999999995,8694.0,62.14999999999999,below,1.0
8282.0,-0.0240000000000009,8292.0,56.0,below,1.0
8596.0,-0.0279999999999986,8608.0,49575.0,below,1.0
9114.0,-0.0240000000000009,9124.0,55.45,below,1.0
-0.0120000000000004,-0.0219999999999984,10042.0,69675.0,below,1.0
8.17,-0.0079999999999991,8192.0,63.14999999999999,below,1.0
8332.0,-0.0240000000000009,8344.0,55.1,below,1.0
8396.0,-0.0199999999999995,8406.0,54.400000000000006,below,1.0
9294.0,-0.0199999999999995,9306.0,67.15,below,1.0
8.79,-0.0219999999999984,8802.0,53.77499999999999,below,1.0
-0.0120000000000004,2.0440000000000005,8966.0,73.44999999999999,below,1.0
9458.0,-0.0240000000000009,9.47,56325.0,below,1.0
9742.0,-0.0199999999999995,9756.0,68.0,below,1.0
8252.0,-0.0180000000000006,8266.0,61.775000000000006,below,1.0
8.96,-0.0219999999999984,8974.0,56.69999999999999,below,1.0
9288.0,-0.0199999999999995,9304.0,55.95000000000002,below,1.0
-0.0139999999999993,-0.0240000000000009,9618.0,65.97500000000001,below,1.0
9172.0,-0.0240000000000009,9184.0,57.5,below,1.0
-0.0079999999999991,-0.0180000000000006,9752.0,71.30000000000001,below,1.0
8912.0,-0.0240000000000009,8922.0,54.2,below,1.0
9676.0,-0.0240000000000009,9688.0,61.60000000000001,below,1.0
9.12,-0.0199999999999995,9134.0,67.55,below,1.0
9732.0,-0.0199999999999995,9746.0,55.2,below,1.0
9536.0,-0.0259999999999998,9.55,59975.0,below,1.0
-0.0279999999999986,-0.0219999999999984,8056.0,52.0,below,1.0
8372.0,-0.0240000000000009,8.38,66.05000000000001,below,0.0
8746.0,-0.0199999999999995,8.76,51325.0,below,1.0
-0.009999999999998,0.7859999999999996,9572.0,76.82500000000002,below,1.0
9022.0,-0.0219999999999984,9038.0,66825.0,below,1.0
8268.0,-0.0219999999999984,8282.0,60.87499999999999,below,1.0
8132.0,-0.0180000000000006,8146.0,56.650000000000006,below,1.0
8736.0,-0.0199999999999995,8.75,51725.0,below,1.0
9718.0,-0.0199999999999995,9734.0,59.275000000000006,below,1.0
8758.0,-0.0180000000000006,8774.0,62.7,below,1.0
9314.0,-0.0240000000000009,9326.0,60.1,below,1.0
9.56,-0.0219999999999984,9574.0,62.900000000000006,below,1.0
8638.0,-0.0219999999999984,8648.0,57.2,below,1.0
8264.0,-0.0219999999999984,8278.0,55.62499999999999,below,1.0
8.91,-0.0199999999999995,8928.0,62375.0,below,1.0
9562.0,-0.0219999999999984,9.57,67225.0,below,0.0
8862.0,-0.0199999999999995,8.88,52.22500000000001,below,1.0
-0.0139999999999993,-0.0139999999999993,8506.0,65.14999999999999,below,1.0
8932.0,-0.0199999999999995,8946.0,64.27499999999999,below,1.0
9974.0,-0.0219999999999984,9982.0,71125.0,below,1.0
-0.0079999999999991,1154.0,9754.0,73.52499999999999,below,1.0
10.04,-0.0259999999999998,10042.0,59.275000000000006,below,1.0
8.69,-0.0219999999999984,8706.0,56.0,below,1.0
8.33,-0.0240000000000009,8338.0,54.62499999999999,below,1.0
9278.0,-0.0199999999999995,9292.0,65.85000000000001,below,1.0
-0.0040000000000013,1.501999999999999,8146.0,76275.0,below,1.0
-0.0060000000000002,2186.0,8.07,76275.0,below,1.0
9316.0,-0.0219999999999984,9328.0,61.5,below,1.0
8364.0,-0.0180000000000006,8.38,56.80000000000001,below,1.0
8146.0,-0.0259999999999998,8158.0,48.52499999999999,below,1.0
-0.009999999999998,2.2379999999999995,8.21,75.1,below,1.0
8.92,-0.0180000000000006,8936.0,58375.0,below,1.0
9852.0,-0.0219999999999984,9858.0,71625.0,below,1.0
9692.0,-0.0120000000000004,9706.0,66.17500000000001,below,1.0
8362.0,-0.0199999999999995,8374.0,57.60000000000001,below,1.0
9336.0,-0.0240000000000009,9348.0,64475.0,below,1.0
8578.0,-0.0240000000000009,8592.0,62.07499999999999,below,1.0
-0.0060000000000002,2.056000000000001,7.848000000000001,73.32499999999999,below,1.0
8386.0,-0.0240000000000009,8396.0,52.0,below,1.0
8672.0,-0.0259999999999998,8684.0,54.0,below,1.0
9.5,-0.0159999999999982,9518.0,58.07500000000002,below,1.0
9756.0,-0.0219999999999984,9768.0,62325.0,below,1.0
9388.0,-0.0219999999999984,9402.0,57.60000000000001,below,1.0
8554.0,-0.0240000000000009,8562.0,59.5,below,0.0
10012.0,2.1080000000000005,10.14,68.05000000000001,above,1.0
9182.0,-0.0180000000000006,9198.0,57325.0,below,1.0
-0.009999999999998,2116.0,7958.0,75.29999999999998,below,1.0
-0.0259999999999998,-0.0219999999999984,8.09,51.22500000000001,below,1.0
9106.0,-0.0199999999999995,9.12,68625.0,below,1.0
10072.0,-0.0240000000000009,10074.0,57375.0,below,1.0
8624.0,-0.0259999999999998,8636.0,53.150000000000006,below,1.0
9204.0,-0.0219999999999984,9214.0,59.87499999999999,below,1.0
-0.009999999999998,-0.0159999999999982,9258.0,56.60000000000001,below,1.0
8312.0,-0.0180000000000006,8324.0,63.85000000000001,below,1.0
-0.0079999999999991,2.056000000000001,7888.0,73825.0,below,1.0
9502.0,-0.0259999999999998,9508.0,66.05000000000001,below,1.0
10096.0,-0.0199999999999995,10096.0,57.92500000000001,below,1.0
9196.0,-0.0079999999999991,9216.0,62175.0,below,1.0
-0.009999999999998,-0.0159999999999982,9992.0,59.07500000000002,below,1.0
8.5,-0.0199999999999995,8516.0,54075.0,below,1.0
9368.0,-0.0159999999999982,9388.0,57.89999999999999,below,1.0
-0.0120000000000004,1.306000000000001,10166.0,62.400000000000006,below,1.0
8206.0,-0.0199999999999995,8.22,57.89999999999999,below,1.0
9.13,-0.0219999999999984,9146.0,55.750000000000014,below,1.0
10046.0,-0.0199999999999995,10048.0,73.32499999999999,below,1.0
9.14,-0.0180000000000006,9156.0,66625.0,below,1.0
8498.0,-0.0240000000000009,8.51,55325.0,below,1.0
9196.0,-0.0219999999999984,9206.0,58575.0,below,1.0
9662.0,-0.0139999999999993,9684.0,61.27499999999999,below,1.0
8.48,-0.0199999999999995,8498.0,54.3,below,1.0
8452.0,-0.0159999999999982,8468.0,59.275000000000006,below,1.0
9.43,-0.0219999999999984,9446.0,52.525000000000006,below,1.0
10032.0,-0.0240000000000009,10.04,66.07499999999999,below,1.0
9382.0,-0.0240000000000009,9.39,63.97500000000001,below,0.0
8546.0,-0.0240000000000009,8556.0,54.80000000000001,below,1.0
-0.009999999999998,-0.0199999999999995,10076.0,53225.0,below,1.0
8224.0,-0.0219999999999984,8234.0,55.85,below,1.0
-0.0120000000000004,-0.0180000000000006,9096.0,65725.0,below,1.0
9094.0,-0.0199999999999995,9112.0,56.2,below,1.0
8334.0,-0.0219999999999984,8348.0,48.32499999999999,below,1.0
8.88,-0.0159999999999982,8896.0,64.14999999999999,below,1.0
8446.0,-0.0219999999999984,8458.0,53.77499999999999,below,1.0
8054.0,-0.0180000000000006,8.07,54.525000000000006,below,1.0
-0.0060000000000002,1.9320000000000004,7.901999999999999,76.29999999999998,below,1.0
8702.0,-0.0219999999999984,8714.0,56.400000000000006,below,1.0
9.42,-0.0199999999999995,9.44,56.69999999999999,below,1.0
9256.0,-0.0240000000000009,9262.0,56.74999999999999,below,0.0
8114.0,-0.0240000000000009,8124.0,52.60000000000001,below,1.0
-0.009999999999998,2.0500000000000007,8998.0,73.95,below,1.0
9158.0,-0.0180000000000006,9172.0,58.2,below,1.0
9402.0,-0.0199999999999995,9414.0,61475.0,below,1.0
8862.0,-0.0120000000000004,8882.0,60.1,below,1.0
9288.0,-0.0240000000000009,9304.0,61.5,below,1.0
9766.0,-0.0219999999999984,9776.0,65.17500000000001,below,1.0
10038.0,-0.0219999999999984,10.04,64.07499999999999,below,1.0
8.74,-0.0240000000000009,8.75,58.5,below,1.0
9094.0,-0.0279999999999986,9104.0,52.22500000000001,below,1.0
8814.0,-0.0139999999999993,8832.0,57575.0,below,1.0
8106.0,-0.0159999999999982,8122.0,57375.0,below,1.0
9958.0,-0.0240000000000009,9964.0,60.87499999999999,below,1.0
-0.0120000000000004,0.7259999999999991,8706.0,73.95,below,1.0
8402.0,-0.0259999999999998,8414.0,55.89999999999999,below,1.0
9626.0,-0.0240000000000009,9636.0,60.2,below,1.0
-0.0079999999999991,1468.0,9542.0,77.3,below,1.0
9118.0,-0.0199999999999995,9132.0,59.400000000000006,below,1.0
-0.0139999999999993,-0.0139999999999993,8506.0,65.14999999999999,above,0.0
8158.0,-0.0180000000000006,8.17,64.6,below,1.0
-0.0079999999999991,2.2059999999999995,8.08,75.6,below,1.0
-0.0139999999999993,0.2080000000000001,9.45,50.44999999999999,below,0.0
9826.0,-0.0219999999999984,9836.0,69.37500000000001,below,1.0
8278.0,-0.0159999999999982,8298.0,55.275000000000006,below,1.0
8.43,-0.0199999999999995,8442.0,60.27499999999999,below,1.0
9478.0,-0.0180000000000006,9.49,60.27499999999999,below,1.0
8626.0,-0.0199999999999995,8.64,61.14999999999999,below,1.0
8576.0,-0.0199999999999995,8592.0,54.35000000000001,below,1.0
9.27,-0.0240000000000009,9284.0,49925.0,below,1.0
-0.009999999999998,2.0700000000000003,7.890000000000001,74.62500000000001,below,1.0
8466.0,-0.0199999999999995,8.48,54.95000000000002,below,1.0
-0.0120000000000004,0.7480000000000011,9602.0,75.22500000000001,below,1.0
-0.0120000000000004,-0.0139999999999993,9102.0,54.60000000000001,below,1.0
-0.0279999999999986,-0.0259999999999998,8116.0,57.0,below,0.0
9212.0,-0.0159999999999982,9.23,57.92500000000001,below,1.0
8196.0,-0.0219999999999984,8212.0,50.1,below,1.0
8.63,-0.0199999999999995,8644.0,54.57499999999999,below,1.0
8988.0,-0.0219999999999984,8996.0,66.65,below,1.0
9094.0,-0.0240000000000009,9108.0,60.900000000000006,below,1.0
9618.0,-0.0240000000000009,9632.0,66.85000000000001,below,1.0
8388.0,-0.0240000000000009,8.4,53.05,below,1.0
9984.0,-0.0180000000000006,9992.0,74825.0,below,1.0
10.14,-0.0180000000000006,10.14,71825.0,below,1.0
8.76,-0.0159999999999982,8778.0,58.60000000000001,below,1.0
9278.0,-0.0219999999999984,9.29,59.400000000000006,below,1.0
-0.0120000000000004,-0.0240000000000009,9.82,61.1,below,1.0
8168.0,-0.0199999999999995,8.18,53125.0,below,1.0
-0.0079999999999991,2.007999999999999,8874.0,73.15,below,1.0
9046.0,-0.0199999999999995,9.06,54325.0,below,1.0
8534.0,-0.0219999999999984,8546.0,56.80000000000001,below,1.0
8856.0,-0.0219999999999984,8868.0,58.525000000000006,below,1.0
8.68,-0.0240000000000009,8694.0,51.42500000000001,below,1.0
8268.0,-0.0199999999999995,8282.0,62.85000000000001,below,1.0
-0.0139999999999993,-0.0240000000000009,9138.0,65.75,below,0.0
9376.0,-0.0219999999999984,9388.0,62.000000000000014,below,1.0
8406.0,-0.0240000000000009,8.42,59.25,below,1.0
-0.0120000000000004,-0.0199999999999995,8966.0,66.75,below,1.0
8298.0,-0.0240000000000009,8306.0,57.3,below,1.0
-0.0139999999999993,-0.0199999999999995,9.29,53375.0,below,1.0
8766.0,-0.0180000000000006,8784.0,58575.0,below,1.0
9408.0,-0.0240000000000009,9422.0,66.05000000000001,below,1.0
9996.0,-0.0240000000000009,9996.0,68.97500000000001,below,1.0
8714.0,-0.0159999999999982,8726.0,63.85000000000001,below,1.0
-0.0060000000000002,2.216000000000001,8.17,75.69999999999999,below,1.0
8756.0,-0.0240000000000009,8.77,56425.0,below,1.0
-0.009999999999998,2128.0,8024.0,73.6,below,1.0
8.47,-0.0199999999999995,8484.0,63175.0,below,1.0
-0.0139999999999993,-0.0199999999999995,9346.0,54225.0,below,1.0
8364.0,-0.0199999999999995,8382.0,56.2,below,1.0
-0.0199999999999995,-0.0180000000000006,8622.0,53.82499999999999,below,1.0
-0.0139999999999993,-0.0139999999999993,8506.0,65.14999999999999,below,1.0
8762.0,-0.0219999999999984,8776.0,60.27499999999999,below,1.0
9454.0,-0.0159999999999982,9.47,59.2,below,1.0
8066.0,-0.0240000000000009,8076.0,52.525000000000006,below,1.0
8796.0,-0.0180000000000006,8812.0,55.750000000000014,below,1.0
9214.0,-0.0219999999999984,9222.0,65.7,below,0.0
8744.0,-0.0139999999999993,8.76,59.525000000000006,below,1.0
8808.0,-0.0240000000000009,8818.0,58375.0,below,1.0
8486.0,-0.0219999999999984,8498.0,60.75,below,1.0
9156.0,-0.0199999999999995,9168.0,56575.0,below,1.0
8.67,-0.0180000000000006,8686.0,56.67500000000001,below,1.0
8.78,-0.0219999999999984,8.79,55.82499999999999,below,1.0
9192.0,-0.0219999999999984,9206.0,60.000000000000014,below,1.0
9248.0,-0.0219999999999984,9.26,66025.0,below,1.0
8486.0,-0.0240000000000009,8498.0,59.07500000000002,below,1.0
-0.0219999999999984,-0.0199999999999995,8086.0,54125.0,below,1.0
8432.0,-0.0240000000000009,8436.0,55.60000000000001,below,0.0
-0.0060000000000002,0.7519999999999989,9274.0,77925.0,below,1.0
9928.0,-0.0199999999999995,9938.0,71725.0,below,1.0
9504.0,-0.0240000000000009,9512.0,72.32499999999999,below,0.0
9356.0,-0.0240000000000009,9.37,65625.0,below,1.0
-0.0120000000000004,1.7439999999999998,8.97,74.25,below,1.0
9874.0,-0.0199999999999995,9882.0,71825.0,below,1.0
8946.0,-0.0199999999999995,8958.0,66225.0,below,1.0
-0.009999999999998,-0.0219999999999984,9548.0,60.27499999999999,below,1.0
9.02,-0.0199999999999995,9036.0,57.60000000000001,below,1.0
-0.0060000000000002,2006.0,8834.0,72.95,below,1.0
8856.0,-0.0199999999999995,8864.0,62175.0,below,0.0
9158.0,-0.0219999999999984,9168.0,60.60000000000001,below,1.0
9.32,-0.0180000000000006,9332.0,62175.0,below,1.0
-0.0120000000000004,-0.0240000000000009,9878.0,69725.0,below,1.0
9224.0,-0.0180000000000006,9236.0,70675.0,below,1.0
8866.0,-0.0180000000000006,8884.0,58.875000000000014,below,1.0
9754.0,-0.0180000000000006,9772.0,56.62499999999999,below,1.0
9836.0,-0.0219999999999984,9846.0,59.87499999999999,below,1.0
9062.0,-0.0259999999999998,9074.0,58.05,below,1.0
9868.0,-0.0159999999999982,9882.0,61.27499999999999,below,1.0
9368.0,-0.0219999999999984,9384.0,56225.0,below,1.0
8156.0,-0.0219999999999984,8.17,54.82499999999999,below,1.0
-0.0079999999999991,2048.0,8.38,76075.0,below,1.0
-0.0120000000000004,-0.0219999999999984,6786.0,47.150000000000006,below,1.0
9676.0,-0.0219999999999984,9686.0,69.22500000000001,below,1.0
9104.0,-0.0199999999999995,9122.0,55.72500000000001,below,1.0
8244.0,-0.0159999999999982,8.26,64.25,below,1.0
8338.0,-0.0199999999999995,8.35,59.275000000000006,below,1.0
8138.0,-0.0219999999999984,8.15,57.5,below,1.0
8458.0,-0.0180000000000006,8474.0,58.3,below,1.0
8636.0,-0.0159999999999982,8646.0,63.79999999999998,below,1.0
9368.0,-0.0240000000000009,9376.0,66.19999999999999,below,0.0
8806.0,-0.0219999999999984,8818.0,57.54999999999998,below,1.0
8842.0,-0.0180000000000006,8856.0,62175.0,below,1.0
8478.0,-0.0240000000000009,8.49,55.400000000000006,below,1.0
8.33,-0.0240000000000009,8342.0,52.55000000000001,below,1.0
8058.0,-0.0159999999999982,8074.0,57975.0,below,1.0
9696.0,-0.0240000000000009,9702.0,68.85,below,0.0
9116.0,-0.0180000000000006,9134.0,56.69999999999999,below,1.0
9384.0,-0.0219999999999984,9.4,55.47500000000001,below,1.0
8696.0,-0.0199999999999995,8.71,54.55000000000001,below,1.0
-0.0139999999999993,-0.0139999999999993,8506.0,65.14999999999999,below,1.0
8688.0,-0.0159999999999982,8.7,66.75,below,1.0
9.04,-0.0219999999999984,9058.0,54.89999999999999,below,1.0
-0.0279999999999986,-0.0199999999999995,8128.0,61575.0,below,1.0
8086.0,-0.0199999999999995,8.1,55.0,below,1.0
9078.0,-0.0259999999999998,9.09,51325.0,below,1.0
9764.0,-0.0259999999999998,9774.0,63175.0,below,1.0
8558.0,-0.0199999999999995,8564.0,62375.0,below,0.0
9592.0,-0.0259999999999998,9604.0,62.1,below,1.0
9664.0,-0.0240000000000009,9676.0,67.25000000000001,below,1.0
-0.0060000000000002,2.09,7968.0,73.44999999999999,below,1.0
8702.0,-0.0219999999999984,8712.0,56325.0,below,1.0
9418.0,-0.0180000000000006,9434.0,60.400000000000006,below,1.0
8724.0,-0.0240000000000009,8736.0,56.5,below,1.0
8.73,-0.0240000000000009,8744.0,59.07500000000002,below,1.0
9848.0,-0.0180000000000006,9858.0,72.42500000000001,below,1.0
8354.0,-0.0219999999999984,8368.0,52.1,below,1.0
10078.0,-0.0180000000000006,10078.0,56125.0,below,1.0
-0.0040000000000013,2.2220000000000013,8126.0,76.25,below,1.0
9184.0,-0.0240000000000009,9194.0,53.60000000000001,below,1.0
9322.0,-0.0240000000000009,9334.0,65375.0,below,1.0
8.84,-0.0219999999999984,8852.0,60975.0,below,1.0
9412.0,-0.0199999999999995,9428.0,45.150000000000006,below,1.0
-0.0240000000000009,-0.0259999999999998,8356.0,57375.0,below,0.0
8464.0,-0.0159999999999982,8.48,61675.0,below,1.0
9532.0,-0.0240000000000009,9544.0,61675.0,below,1.0
-0.0060000000000002,2.2220000000000013,8132.0,76.4,below,1.0
10.07,-0.0219999999999984,10074.0,71.44999999999999,below,1.0
9442.0,-0.0259999999999998,9458.0,65.85000000000001,below,1.0
8214.0,-0.0240000000000009,8228.0,48.900000000000006,below,1.0
9706.0,-0.0219999999999984,9718.0,61.27499999999999,below,1.0
9.32,-0.0199999999999995,9336.0,66825.0,below,1.0
10088.0,-0.0219999999999984,10.09,63.7,below,1.0
9432.0,-0.0240000000000009,9444.0,63575.0,below,1.0
8518.0,-0.0240000000000009,8.53,52.89999999999999,below,1.0
9018.0,-0.0219999999999984,9034.0,64775.0,below,1.0
-0.009999999999998,0.9160000000000004,4134.0,57.0,below,1.0
8614.0,-0.0259999999999998,8626.0,57.3,below,1.0
8118.0,-0.0240000000000009,8.13,54.3,below,1.0
-0.0139999999999993,-0.0139999999999993,8506.0,65.14999999999999,below,1.0
8778.0,-0.0219999999999984,8788.0,56575.0,below,1.0
8116.0,-0.0240000000000009,8128.0,53.3,below,1.0
-0.0139999999999993,-0.0139999999999993,8506.0,65.14999999999999,below,1.0
8736.0,-0.0219999999999984,8752.0,54.3,below,1.0
9736.0,-0.0219999999999984,9744.0,72.24999999999999,below,1.0
8854.0,-0.0120000000000004,8.87,62.75,below,1.0
9692.0,-0.0199999999999995,9708.0,55.89999999999999,below,1.0
8694.0,-0.0199999999999995,8708.0,64.14999999999999,below,1.0
9356.0,-0.0199999999999995,9372.0,64675.0,below,1.0
8188.0,-0.0240000000000009,8198.0,51.42500000000001,below,1.0
9438.0,-0.0159999999999982,9458.0,59.3,below,1.0
-0.0159999999999982,-0.0240000000000009,9.26,58375.0,below,1.0
-0.009999999999998,-0.0180000000000006,10.08,73.37499999999999,below,1.0
8.61,-0.0199999999999995,8622.0,55.60000000000001,below,1.0
9.08,-0.0199999999999995,9096.0,66475.0,below,1.0
9694.0,-0.0240000000000009,9704.0,62.27499999999999,below,1.0
8204.0,-0.0259999999999998,8214.0,52.8,below,1.0
8596.0,-0.0199999999999995,8.61,63825.0,below,1.0
8336.0,-0.0259999999999998,8346.0,52.49999999999999,below,1.0
9574.0,-0.0240000000000009,9582.0,62.3,below,1.0
8.77,-0.0219999999999984,8782.0,59.275000000000006,below,1.0
9236.0,-0.0159999999999982,9252.0,67725.0,below,1.0
8.22,-0.0240000000000009,8.23,51125.0,below,1.0
8894.0,-0.0219999999999984,8906.0,66575.0,below,1.0
8.89,-0.0199999999999995,8906.0,56.89999999999999,below,1.0
9038.0,-0.0240000000000009,9048.0,52.22500000000001,below,1.0
8334.0,-0.0240000000000009,8346.0,51.55000000000001,below,1.0
8364.0,-0.0240000000000009,8376.0,57375.0,below,1.0
9582.0,-0.0259999999999998,9594.0,61.35,below,1.0
9476.0,-0.0219999999999984,9482.0,67575.0,below,0.0
9528.0,-0.0240000000000009,9542.0,58.3,below,1.0
8362.0,-0.0219999999999984,8372.0,58.400000000000006,below,1.0
10.03,-0.0219999999999984,10032.0,65.8,below,1.0
-0.0060000000000002,-0.0159999999999982,10152.0,68925.0,below,1.0
8.97,-0.0219999999999984,8986.0,42.150000000000006,below,1.0
8614.0,-0.0219999999999984,8626.0,61375.0,below,1.0
8662.0,-0.0240000000000009,8674.0,52.8,below,1.0
9138.0,-0.0199999999999995,9154.0,56.69999999999999,below,1.0
9388.0,-0.0139999999999993,9406.0,60.5,below,1.0
9.49,-0.0240000000000009,9502.0,65.97500000000001,below,1.0
9.45,-0.0240000000000009,9464.0,57.3,below,1.0
-0.0240000000000009,-0.0159999999999982,8048.0,57625.0,below,1.0
8756.0,-0.0240000000000009,8766.0,59975.0,below,0.0
-0.009999999999998,1.4740000000000002,8776.0,73.95,below,1.0
9722.0,-0.0240000000000009,9734.0,63.525000000000006,below,1.0
9664.0,-0.0219999999999984,9676.0,63575.0,below,1.0
8254.0,-0.0240000000000009,8268.0,56.94999999999999,below,1.0
9108.0,-0.0219999999999984,9122.0,61.20000000000002,below,1.0
8.89,-0.0180000000000006,8902.0,66.95,below,1.0
-0.0060000000000002,1.9600000000000009,7.970000000000001,75.69999999999999,below,1.0
8078.0,-0.0219999999999984,8092.0,50125.0,below,1.0
9.78,-0.0199999999999995,9.79,69025.0,below,1.0
9356.0,-0.0219999999999984,9368.0,67.17500000000001,below,1.0
9718.0,-0.0240000000000009,9728.0,65025.0,below,0.0
9.17,-0.0219999999999984,9184.0,64.92500000000001,below,1.0
9.07,-0.0159999999999982,9082.0,68.05000000000001,below,1.0
9298.0,-0.0219999999999984,9312.0,66.75,below,1.0
8986.0,-0.0219999999999984,8998.0,55325.0,below,1.0
8512.0,-0.0159999999999982,8526.0,62575.0,below,1.0
9202.0,-0.0219999999999984,9216.0,58.1,below,1.0
9594.0,-0.0279999999999986,9604.0,59.25,below,1.0
8916.0,-0.0199999999999995,8.93,57.72500000000001,below,1.0
9462.0,-0.0199999999999995,9474.0,66.25000000000001,below,1.0
8.37,-0.0240000000000009,8.38,62.87499999999999,below,0.0
9366.0,-0.0180000000000006,9382.0,59.07500000000002,below,1.0
-0.0079999999999991,1.4879999999999995,8.37,76.2,below,1.0
8316.0,-0.0259999999999998,8326.0,51.82500000000002,below,1.0
9042.0,-0.0060000000000002,9066.0,64.45,below,1.0
8852.0,-0.0219999999999984,8866.0,63375.0,below,1.0
8.59,-0.0240000000000009,8.6,51725.0,below,1.0
9678.0,-0.0240000000000009,9692.0,69.85,below,1.0
-0.0159999999999982,0.6159999999999997,9462.0,73.44999999999999,below,1.0
8838.0,-0.0240000000000009,8852.0,53.62499999999999,below,1.0
8318.0,-0.0199999999999995,8332.0,59.25,below,1.0
-32.0,-0.0279999999999986,8146.0,51175.0,below,0.0
9.38,-0.0159999999999982,9396.0,62.94999999999999,below,1.0
8784.0,-0.0219999999999984,8796.0,54.1,below,1.0
8238.0,-0.0240000000000009,8248.0,49.45,below,1.0
8098.0,-0.0180000000000006,8112.0,53.25,below,1.0
-0.0139999999999993,-0.0219999999999984,9366.0,52975.0,below,1.0
8.5,-0.0219999999999984,8512.0,62.05000000000001,below,1.0
8208.0,-0.0240000000000009,8.22,52.47500000000001,below,1.0
9196.0,-0.0279999999999986,9.21,61.650000000000006,below,1.0
9446.0,-0.0199999999999995,9458.0,61.75,below,1.0
10106.0,-0.0199999999999995,10102.0,62475.0,below,1.0
10112.0,-0.0199999999999995,10112.0,64.97500000000001,below,1.0
10028.0,-0.0279999999999986,10024.0,56.69999999999999,below,0.0
9312.0,-0.0259999999999998,9324.0,65625.0,below,1.0
9396.0,-0.0219999999999984,9408.0,59.275000000000006,below,1.0
9018.0,-0.0219999999999984,9.03,57.72500000000001,below,1.0
9058.0,-0.0219999999999984,9072.0,63425.0,below,1.0
8238.0,-0.0159999999999982,8.25,52075.0,below,1.0
10096.0,-0.0240000000000009,10092.0,67.95,below,1.0
8682.0,-0.0219999999999984,8694.0,58.1,below,1.0
9034.0,-0.0199999999999995,9046.0,56.5,below,1.0
9364.0,-0.0240000000000009,9376.0,66.05000000000001,below,1.0
9.65,-0.0219999999999984,9664.0,67.52499999999999,below,1.0
8328.0,-0.0219999999999984,8338.0,59.45,below,1.0
8964.0,-0.0180000000000006,8978.0,66.12499999999999,below,1.0
9.19,-0.0240000000000009,9202.0,57075.0,below,1.0
9398.0,-0.0219999999999984,9.41,64.35,below,1.0
8508.0,-0.0139999999999993,8526.0,65.14999999999999,below,1.0
8326.0,-0.0240000000000009,8338.0,51.400000000000006,below,1.0
-0.009999999999998,-0.0180000000000006,9218.0,63325.0,below,1.0
8596.0,-0.0240000000000009,8.61,57075.0,below,1.0
8442.0,-0.0259999999999998,8458.0,50.400000000000006,below,1.0
-0.0139999999999993,-0.0139999999999993,10074.0,66575.0,below,1.0
9578.0,-0.0180000000000006,9592.0,59.1,below,1.0
8.99,-0.0180000000000006,8998.0,64.85000000000001,below,0.0
9.51,-0.0240000000000009,9528.0,49825.0,below,1.0
8444.0,-0.0159999999999982,8.46,56975.0,below,1.0
8756.0,-0.0219999999999984,8768.0,56.525000000000006,below,1.0
9224.0,-0.0199999999999995,9232.0,66.39999999999999,below,0.0
8238.0,-0.0240000000000009,8248.0,49.45,below,1.0
9246.0,-0.0240000000000009,9258.0,64.32500000000002,below,1.0
9718.0,-0.0240000000000009,9728.0,65025.0,below,0.0
8324.0,-0.0199999999999995,8338.0,64.3,below,1.0
8248.0,-0.0199999999999995,8262.0,61.400000000000006,below,1.0
8596.0,-0.0219999999999984,8604.0,58.7,below,0.0
8536.0,-0.0219999999999984,8548.0,63.19999999999999,below,1.0
9006.0,-0.0219999999999984,9016.0,66.75,below,1.0
9762.0,-0.0259999999999998,9768.0,69.15,below,0.0
9666.0,-0.0159999999999982,9682.0,60.900000000000006,below,1.0
8888.0,-0.0219999999999984,8.9,61325.0,below,1.0
10274.0,0.6699999999999999,10264.0,69.04999999999998,below,1.0
9.2,-0.0199999999999995,9212.0,66475.0,below,1.0
8612.0,-0.0219999999999984,8626.0,60.87499999999999,below,0.0
-0.0279999999999986,-0.0199999999999995,8026.0,59175.0,below,1.0
8424.0,-0.0199999999999995,8438.0,58.525000000000006,below,1.0
9812.0,-0.0219999999999984,9822.0,72125.0,below,1.0
9384.0,-0.0240000000000009,9396.0,53.42499999999998,below,1.0
-0.0139999999999993,1.4160000000000004,10142.0,61.97500000000001,below,1.0
8084.0,-0.0159999999999982,8098.0,55425.0,below,1.0
9632.0,-0.0240000000000009,9642.0,63.39999999999999,below,1.0
9.24,-0.0240000000000009,9256.0,59.80000000000001,below,1.0
8.56,-0.0180000000000006,8574.0,66025.0,below,1.0
9902.0,-0.0199999999999995,9912.0,65025.0,below,1.0
8198.0,-0.0199999999999995,8.21,51.2,below,1.0
-0.0120000000000004,-0.0199999999999995,9576.0,71.05,below,1.0
8336.0,-0.0180000000000006,8348.0,56175.0,below,1.0
9604.0,-0.0219999999999984,9616.0,56.69999999999999,below,1.0
-0.0120000000000004,-0.0219999999999984,10132.0,62.775000000000006,below,1.0
8318.0,-0.0259999999999998,8322.0,44.22500000000001,below,0.0
8412.0,-0.0240000000000009,8422.0,51925.0,below,1.0
8474.0,-0.0219999999999984,8482.0,59575.0,below,0.0
8846.0,-0.0240000000000009,8858.0,58.5,below,1.0
8.09,-0.0240000000000009,8102.0,51.0,below,1.0
9828.0,-0.0159999999999982,9844.0,62.97500000000001,below,1.0
9698.0,-0.0259999999999998,9.71,64.05000000000001,below,1.0
9802.0,-0.0159999999999982,9818.0,60.775000000000006,below,1.0
8168.0,-0.0180000000000006,8182.0,62175.0,below,1.0
9.19,-0.0219999999999984,9.2,63.35,below,1.0
8.37,-0.0240000000000009,8378.0,49825.0,below,1.0
8496.0,-0.0240000000000009,8506.0,44.72500000000001,below,1.0
8582.0,-0.0180000000000006,8596.0,63.75,below,1.0
9388.0,-0.0219999999999984,9404.0,48.8,below,1.0
8852.0,-0.0219999999999984,8866.0,54.77499999999999,below,1.0
-0.0079999999999991,0.6879999999999988,8.68,73925.0,below,1.0
9704.0,-0.0240000000000009,9716.0,67775.0,below,1.0
9872.0,-0.0259999999999998,9882.0,70.57500000000002,below,1.0
9426.0,-0.0240000000000009,9438.0,64.7,below,1.0
9424.0,-0.0240000000000009,9438.0,54125.0,below,1.0
-0.0040000000000013,2.02,8894.0,75.2,below,1.0
8.69,-0.0240000000000009,8702.0,53.47500000000001,below,1.0
9.59,-0.0240000000000009,9596.0,72.35000000000001,below,0.0
9144.0,-0.0240000000000009,9158.0,61675.0,below,1.0
8158.0,-0.0180000000000006,8.17,64.6,below,1.0
8858.0,-0.0199999999999995,8872.0,57.02499999999999,below,1.0
-0.0079999999999991,0.7800000000000011,9584.0,74725.0,below,1.0
9044.0,-0.0219999999999984,9056.0,62475.0,below,1.0
9338.0,-0.0219999999999984,9.35,61.60000000000001,below,1.0
8822.0,-0.0199999999999995,8834.0,55.3,below,1.0
9.41,-0.0240000000000009,9.42,65.12500000000001,below,1.0
8296.0,-0.0240000000000009,8306.0,58.7,below,0.0
8.62,-0.0199999999999995,8636.0,52.3,below,1.0
9088.0,-0.0240000000000009,9.1,63.650000000000006,below,1.0
9494.0,-0.0139999999999993,9514.0,60.92500000000001,below,1.0
-0.0120000000000004,-0.0219999999999984,9982.0,68.95,below,1.0
8138.0,-0.0219999999999984,8.15,58.89999999999999,below,1.0
8.46,-0.0139999999999993,8478.0,57.275000000000006,below,1.0
8.14,-0.0240000000000009,8148.0,49125.0,below,1.0
9362.0,-0.0219999999999984,9372.0,67.19999999999999,below,1.0
8746.0,-0.0180000000000006,8764.0,56.1,below,1.0
8648.0,-0.0199999999999995,8.66,61.07499999999999,below,1.0
-0.0120000000000004,-0.0240000000000009,7292.0,57.1,below,1.0
8882.0,-0.0219999999999984,8898.0,51.6,below,1.0
9358.0,-0.0219999999999984,9376.0,53.69999999999999,below,1.0
9764.0,-0.0180000000000006,9.78,58.875000000000014,below,1.0
9674.0,-0.0120000000000004,9694.0,62.7,below,1.0
-0.0120000000000004,48.0,10.06,70.55,below,1.0
9484.0,-0.0240000000000009,9.5,53.400000000000006,below,1.0
9264.0,-0.0159999999999982,9284.0,59.07500000000002,below,1.0
8862.0,-0.0259999999999998,8874.0,50725.0,below,1.0
9044.0,-0.0219999999999984,9056.0,56425.0,below,1.0
8618.0,-0.0199999999999995,8.63,63375.0,below,1.0
-0.0240000000000009,-0.0240000000000009,8194.0,54.0,below,1.0
10068.0,-0.0240000000000009,10064.0,62475.0,below,1.0
9.42,-0.0240000000000009,9.43,65575.0,below,1.0
9.83,-0.0219999999999984,9.84,65.14999999999999,below,1.0
9576.0,-0.0219999999999984,9588.0,60.400000000000006,below,1.0
10086.0,-0.0159999999999982,10088.0,69.44999999999999,below,1.0
9802.0,-0.0199999999999995,9816.0,58.89999999999999,below,1.0
9684.0,-0.0219999999999984,9696.0,67.65,below,1.0
8158.0,-0.0180000000000006,8.17,64.6,below,1.0
-0.0060000000000002,1808.0,9454.0,74.35000000000001,below,1.0
8632.0,-0.0120000000000004,8.65,67.27499999999999,below,1.0
-0.0120000000000004,-0.0219999999999984,9912.0,70025.0,below,1.0
-0.0079999999999991,2324.0,7542.0,68425.0,below,1.0
9544.0,-0.0199999999999995,9558.0,67875.0,below,1.0
9108.0,-0.0180000000000006,9126.0,59.87499999999999,below,1.0
8418.0,-0.0219999999999984,8.43,61.85000000000001,below,1.0
8466.0,-0.0159999999999982,8482.0,57.69999999999999,below,1.0
8326.0,-0.0159999999999982,8338.0,62675.0,below,1.0
9978.0,-0.0199999999999995,9988.0,49225.0,below,1.0
9636.0,-0.0219999999999984,9.65,66375.0,below,1.0
8368.0,-0.0219999999999984,8382.0,50.2,below,1.0
9082.0,-0.0180000000000006,9096.0,56.3,below,1.0
8236.0,-0.0240000000000009,8246.0,52.67500000000001,below,1.0
9526.0,-0.0240000000000009,9.54,62.400000000000006,below,1.0
9.75,-0.0240000000000009,9758.0,69.12499999999999,below,0.0
9564.0,-0.0199999999999995,9.58,56.400000000000006,below,1.0
8.97,-0.0219999999999984,8982.0,53875.0,below,1.0
-0.0079999999999991,2074.0,7592.0,69.55,below,1.0
8.17,-0.0219999999999984,8182.0,61.87499999999999,below,1.0
8188.0,-0.0199999999999995,8202.0,58.1,below,1.0
9252.0,-0.0219999999999984,9264.0,64.14999999999999,below,1.0
9064.0,-0.0219999999999984,9082.0,59.3,below,1.0
9496.0,-0.0219999999999984,9506.0,62.35,below,1.0
-0.0139999999999993,-0.0139999999999993,8506.0,65.14999999999999,above,0.0
-0.0139999999999993,-0.0139999999999993,8506.0,65.14999999999999,above,0.0
8304.0,-0.0219999999999984,8314.0,55925.0,below,1.0
8.44,-0.0300000000000011,8446.0,42625.0,below,0.0
8222.0,-0.0219999999999984,8234.0,53.525000000000006,below,1.0
8816.0,-0.0240000000000009,8828.0,49425.0,below,1.0
9.87,-0.0180000000000006,9884.0,59.400000000000006,below,1.0
-0.009999999999998,2244.0,8206.0,75.2,below,1.0
8786.0,-0.0219999999999984,8.8,50.625000000000014,below,1.0
8734.0,-0.0219999999999984,8746.0,54.57499999999999,below,1.0
9282.0,-0.0199999999999995,9294.0,59.7,below,1.0
9494.0,-0.0199999999999995,9.51,56325.0,below,1.0
9628.0,-0.0240000000000009,9638.0,64.55,below,1.0
9.99,-0.0180000000000006,9998.0,69.24999999999999,below,1.0
10094.0,-0.0180000000000006,10096.0,72125.0,below,1.0
8692.0,-0.0219999999999984,8702.0,62.07499999999999,below,0.0
9.0,-0.0159999999999982,9016.0,58.3,below,1.0
8408.0,-0.0199999999999995,8426.0,56325.0,below,1.0
8.97,-0.0219999999999984,8984.0,61.80000000000001,below,1.0
9312.0,-0.0120000000000004,9328.0,64575.0,below,1.0
9122.0,-0.0240000000000009,9134.0,62575.0,below,1.0
9.23,-0.0219999999999984,9244.0,64.5,below,1.0
8738.0,-0.0240000000000009,8748.0,60.650000000000006,below,1.0
9.97,-0.0199999999999995,9.98,70725.0,below,1.0
9.55,-0.0180000000000006,9566.0,60.92500000000001,below,1.0
9762.0,-0.0219999999999984,9778.0,56.89999999999999,below,1.0
8.18,-0.0240000000000009,8.19,53.0,below,1.0
8392.0,-0.0159999999999982,8408.0,57.47500000000001,below,1.0
9316.0,-0.0219999999999984,9334.0,45625.0,below,1.0
9758.0,-0.0199999999999995,9774.0,55925.0,below,1.0
8218.0,-0.0240000000000009,8.23,52.625000000000014,below,1.0
8868.0,-0.0199999999999995,8878.0,58.0,below,1.0
8278.0,-0.0219999999999984,8.29,54.25,below,1.0
-0.0139999999999993,-0.0139999999999993,8506.0,65.14999999999999,below,1.0
10.01,-0.0180000000000006,10016.0,71.05,below,1.0
9104.0,-0.0240000000000009,9114.0,58.25,below,1.0
8136.0,-0.0219999999999984,8152.0,50725.0,below,1.0
-0.0079999999999991,1904.0,8346.0,76025.0,below,1.0
9402.0,-0.0219999999999984,9416.0,60.000000000000014,below,1.0
10006.0,-0.0219999999999984,10006.0,67.97500000000001,below,1.0
9.34,-0.0219999999999984,9352.0,59.87499999999999,below,1.0
9348.0,-0.0219999999999984,9364.0,53.1,below,1.0
9.0,-0.0219999999999984,9016.0,62.400000000000006,below,1.0
9028.0,-0.0159999999999982,9046.0,57975.0,below,1.0
9076.0,-0.0180000000000006,9088.0,66.25000000000001,below,1.0
8592.0,-0.0180000000000006,8606.0,66.10000000000001,below,1.0
8952.0,-0.0159999999999982,8966.0,68425.0,below,1.0
8.94,-0.0120000000000004,8.96,60.400000000000006,below,1.0
8104.0,-0.0240000000000009,8116.0,53.400000000000006,below,1.0
8128.0,-0.0219999999999984,8138.0,55.0,below,1.0
9.5,-0.0180000000000006,9516.0,69.44999999999999,below,1.0
8754.0,-0.0219999999999984,8766.0,62475.0,below,1.0
8.26,-0.0159999999999982,8274.0,61.60000000000001,below,1.0
8978.0,-0.0199999999999995,8992.0,64425.0,below,1.0
9096.0,-0.0219999999999984,9108.0,56425.0,below,1.0
9.69,-0.0219999999999984,9696.0,67.45000000000002,below,0.0
8424.0,-0.0240000000000009,8438.0,55.02499999999999,below,1.0
8374.0,-0.0199999999999995,8386.0,54.650000000000006,below,1.0
9582.0,-0.0240000000000009,9588.0,67025.0,below,0.0
9124.0,-0.0279999999999986,9134.0,52.0,below,1.0
8856.0,-0.0199999999999995,8872.0,57.2,below,1.0
-0.0199999999999995,-0.0219999999999984,8362.0,54.02499999999999,below,1.0
-0.0079999999999991,0.7220000000000013,9528.0,77.0,below,1.0
9548.0,-0.0120000000000004,9566.0,61.5,below,1.0
8304.0,-0.0199999999999995,8.32,49.8,below,1.0
8258.0,-0.0219999999999984,8268.0,52.67500000000001,below,1.0
-0.0139999999999993,-0.0139999999999993,8506.0,65.14999999999999,below,1.0
9.92,-0.0259999999999998,9.93,70.24999999999999,below,1.0
-0.0120000000000004,0.0279999999999986,10.02,58.02499999999999,below,1.0
8056.0,-0.0159999999999982,8072.0,54.525000000000006,below,1.0
8556.0,-0.0219999999999984,8568.0,57075.0,below,1.0
-0.009999999999998,-0.0199999999999995,9802.0,72925.0,below,1.0
8984.0,-0.0240000000000009,8994.0,56.77499999999999,below,1.0
8182.0,-0.0180000000000006,8192.0,57.3,below,1.0
9642.0,-0.0199999999999995,9658.0,49.0,below,1.0
9312.0,-0.0199999999999995,9326.0,66.85000000000001,below,1.0
9596.0,-0.0219999999999984,9.61,54875.0,below,1.0
9596.0,-0.0219999999999984,9608.0,59.5,below,1.0
-0.0259999999999998,-0.0240000000000009,8184.0,55975.0,below,1.0
-0.0259999999999998,-0.0180000000000006,8.07,54.3,below,1.0
9532.0,-0.0259999999999998,9.54,66.14999999999999,below,0.0
9734.0,-0.0219999999999984,9746.0,68.45000000000002,below,1.0
-0.0079999999999991,2.1239999999999988,7.970000000000001,75.1,below,1.0
8.76,-0.0180000000000006,8774.0,61.94999999999999,below,1.0
8.94,-0.0199999999999995,8952.0,57.275000000000006,below,1.0
9348.0,-0.0240000000000009,9354.0,67.45000000000002,below,0.0
8254.0,-0.0219999999999984,8264.0,57.2,below,1.0
9942.0,-0.0219999999999984,9948.0,69425.0,below,1.0
9668.0,-0.0259999999999998,9.68,59.1,below,1.0
-0.009999999999998,0.8640000000000008,9636.0,60.900000000000006,below,1.0
8538.0,-0.0240000000000009,8548.0,56425.0,below,1.0
9498.0,-0.0240000000000009,9506.0,63.19999999999999,below,1.0
8442.0,-0.0240000000000009,8456.0,53.8,below,1.0
9.68,-0.0219999999999984,9692.0,63.07499999999999,below,1.0
-0.009999999999998,2.1,7.944000000000001,75.37499999999999,below,1.0
8318.0,-0.0219999999999984,8328.0,53.1,below,1.0
9554.0,-0.0180000000000006,9.57,59.74999999999999,below,1.0
9.94,-0.0219999999999984,9944.0,72.85,below,0.0
-0.0079999999999991,-0.0139999999999993,9742.0,69.39999999999999,below,1.0
8.59,-0.0219999999999984,8.6,56.69999999999999,below,1.0
9.13,-0.0240000000000009,9142.0,57.400000000000006,below,1.0
9832.0,-0.0199999999999995,9844.0,73.22500000000001,below,0.0
-0.0120000000000004,-0.0240000000000009,9.8,57.72500000000001,below,1.0
9096.0,-0.0159999999999982,9114.0,58.0,below,1.0
8.33,-0.0139999999999993,8342.0,60.07499999999999,below,1.0
9694.0,-0.0199999999999995,9702.0,60975.0,below,1.0
-0.0180000000000006,-0.0180000000000006,8518.0,59.60000000000001,below,1.0
-0.0079999999999991,2.033999999999999,8912.0,72.85,below,1.0
9776.0,-0.0219999999999984,9786.0,57975.0,below,1.0
9258.0,-0.0240000000000009,9.27,54325.0,below,1.0
8178.0,-0.0199999999999995,8.19,62225.0,below,1.0
9258.0,-0.0199999999999995,9268.0,68.19999999999999,below,0.0
9788.0,-0.0180000000000006,9798.0,67.65,below,1.0
9222.0,-0.0199999999999995,9.24,58.3,below,1.0
8634.0,-0.0159999999999982,8648.0,63.07499999999999,below,1.0
9138.0,-0.0199999999999995,9152.0,64225.0,below,1.0
8162.0,-0.0240000000000009,8172.0,51.025000000000006,below,1.0
8694.0,-0.0180000000000006,8712.0,59.82499999999999,below,1.0
-0.009999999999998,0.6879999999999988,9534.0,75.75,below,1.0
8.65,-0.0240000000000009,8662.0,51325.0,below,1.0
9534.0,-0.0199999999999995,9546.0,67225.0,below,1.0
-0.009999999999998,0.6479999999999997,9208.0,75.05,below,1.0
9154.0,-0.0240000000000009,9168.0,61.5,below,1.0
8318.0,-0.0219999999999984,8332.0,56.1,below,1.0
-0.0120000000000004,-0.0240000000000009,9558.0,58.89999999999999,below,1.0
8392.0,-0.0259999999999998,8.4,60.87499999999999,below,0.0
8984.0,-0.0240000000000009,8996.0,53.0,below,1.0
8.69,-0.0219999999999984,8704.0,56.35,below,1.0
9.03,-0.0199999999999995,9044.0,58.400000000000006,below,1.0
8858.0,-0.0199999999999995,8876.0,57.775000000000006,below,1.0
9.2,-0.0259999999999998,9.21,53.47500000000001,below,1.0
8216.0,-0.0139999999999993,8232.0,56.5,below,1.0
8242.0,-0.0240000000000009,8254.0,55.2,below,1.0
-0.0159999999999982,-0.0219999999999984,9.08,64.14999999999999,below,1.0
-0.009999999999998,1.2279999999999998,9474.0,73.64999999999999,below,1.0
9594.0,-0.0199999999999995,9608.0,68825.0,below,1.0
8978.0,-0.0240000000000009,8.99,55.650000000000006,below,1.0
-0.0159999999999982,-0.0259999999999998,9084.0,65.19999999999999,below,0.0
8956.0,-0.0240000000000009,8966.0,66.6,below,1.0
-0.0139999999999993,2482.0,9024.0,70.64999999999999,below,1.0
8.57,-0.0240000000000009,8.58,52.400000000000006,below,1.0
10158.0,-0.0040000000000013,10152.0,75.42500000000001,below,1.0
9.05,-0.0219999999999984,9066.0,50.42500000000001,below,1.0
9486.0,-0.0219999999999984,9498.0,62.000000000000014,below,1.0
9108.0,-0.0199999999999995,9122.0,63.72500000000001,below,1.0
9792.0,-0.0240000000000009,9798.0,68.35,below,1.0
-0.0079999999999991,2.0440000000000005,8902.0,77.22500000000001,below,1.0
9828.0,-0.0219999999999984,9836.0,70.44999999999999,below,1.0
-0.0139999999999993,-0.0199999999999995,9.35,72275.0,below,1.0
-0.0079999999999991,1.7800000000000011,8896.0,72975.0,below,1.0
9168.0,-0.0219999999999984,9182.0,59225.0,below,1.0
8982.0,-0.0159999999999982,8998.0,57.05,below,1.0
-0.009999999999998,-0.0219999999999984,3.52,33875.0,below,1.0
9688.0,-0.0259999999999998,9696.0,66.52499999999999,below,0.0
9052.0,-0.0219999999999984,9066.0,61.000000000000014,below,1.0
8574.0,-0.0259999999999998,8586.0,52975.0,below,1.0
9272.0,-0.0219999999999984,9284.0,63.775000000000006,below,1.0
8962.0,-0.0259999999999998,8972.0,51.42500000000001,below,1.0
9862.0,-0.0180000000000006,9876.0,59.80000000000001,below,1.0
8728.0,-0.0240000000000009,8.74,54725.0,below,1.0
9368.0,-0.0219999999999984,9384.0,68.75,below,1.0
8462.0,-0.0180000000000006,8478.0,54.67500000000001,below,1.0
8474.0,-0.0219999999999984,8486.0,53.60000000000001,below,1.0
8.39,-0.0240000000000009,8402.0,50.8,below,1.0
9968.0,-0.0199999999999995,9974.0,71.55,below,1.0
9.8,-0.0240000000000009,9.81,69.64999999999999,below,1.0
8812.0,-0.0219999999999984,8.82,60175.0,below,0.0
8696.0,-0.0180000000000006,8714.0,65425.0,below,1.0
8432.0,-0.0199999999999995,8448.0,54925.0,below,1.0
9.72,-0.0219999999999984,9738.0,54.42499999999998,below,1.0
8224.0,-0.0180000000000006,8238.0,56.80000000000001,below,1.0
9608.0,-0.0240000000000009,9618.0,60325.0,below,1.0
8682.0,-0.0240000000000009,8692.0,51.49999999999999,below,1.0
9124.0,-0.0199999999999995,9136.0,58.0,below,1.0
8994.0,-0.0219999999999984,9006.0,56575.0,below,1.0
8844.0,-0.0240000000000009,8858.0,61.07499999999999,below,1.0
-0.0139999999999993,-0.0139999999999993,8506.0,65.14999999999999,below,1.0
8.17,-0.0240000000000009,8.18,56.85,below,1.0
8.25,-0.0159999999999982,8268.0,58.80000000000001,below,1.0
8634.0,-0.0159999999999982,8.65,58.3,below,1.0
8366.0,-0.0259999999999998,8378.0,56.400000000000006,below,1.0
10.09,-0.0159999999999982,10092.0,74.52499999999999,below,1.0
8198.0,-0.0240000000000009,8208.0,54375.0,below,1.0
9.23,-0.0240000000000009,9238.0,61.07499999999999,below,0.0
-0.0199999999999995,-0.0180000000000006,7818.0,56.45,below,1.0
8982.0,-0.0219999999999984,8996.0,57.92500000000001,below,1.0
-0.0060000000000002,2.056000000000001,7786.0,73.52499999999999,below,1.0
9.1,-0.0240000000000009,9116.0,59.80000000000001,below,1.0
8888.0,-0.0199999999999995,8906.0,55.72500000000001,below,1.0
8.21,-0.0259999999999998,8218.0,54.89999999999999,below,0.0
8924.0,-0.0240000000000009,8936.0,59325.0,below,1.0
8278.0,-0.0219999999999984,8286.0,57.775000000000006,below,0.0
9314.0,-0.0219999999999984,9328.0,59.89999999999999,below,1.0
8636.0,-0.0159999999999982,8.65,66.6,below,1.0
8406.0,-0.0240000000000009,8418.0,57.72500000000001,below,1.0
9.18,-0.0139999999999993,9.2,59.275000000000006,below,1.0
8672.0,-0.0240000000000009,8682.0,54.02499999999999,below,1.0
8.17,-0.0240000000000009,8182.0,51125.0,below,1.0
9708.0,-0.0240000000000009,9718.0,66475.0,below,1.0
8152.0,-0.0139999999999993,8168.0,64.12500000000001,below,1.0
8.3,-0.0180000000000006,8316.0,60.400000000000006,below,1.0
9574.0,-0.0240000000000009,9584.0,65575.0,below,1.0
8704.0,-0.0199999999999995,8718.0,55.85,below,1.0
-0.0079999999999991,2006.0,8132.0,75825.0,below,1.0
8.05,-0.0159999999999982,8066.0,54.275000000000006,below,1.0
-0.0159999999999982,-0.0240000000000009,9044.0,55975.0,below,1.0
8566.0,-0.0219999999999984,8576.0,59.2,below,0.0
8336.0,-0.0219999999999984,8.35,50325.0,below,1.0
8188.0,-0.0180000000000006,8204.0,62475.0,below,1.0
9872.0,-0.0240000000000009,9882.0,63.45,below,1.0
9206.0,-0.0180000000000006,9.22,68.35,below,1.0
9.89,-0.0219999999999984,9902.0,60.2,below,1.0
8998.0,-0.0199999999999995,9012.0,68.35,below,1.0
8204.0,-0.0159999999999982,8218.0,59175.0,below,1.0
8674.0,-0.0240000000000009,8.68,58375.0,below,0.0
9.11,-0.0180000000000006,9126.0,65.14999999999999,below,1.0
9932.0,-0.0240000000000009,9936.0,72.32499999999999,below,0.0
8114.0,-0.0199999999999995,8.13,53.64999999999999,below,1.0
9718.0,-0.0240000000000009,9728.0,65025.0,below,0.0
-0.0139999999999993,0.3919999999999994,9416.0,71.32499999999999,below,1.0
8998.0,-0.0219999999999984,9012.0,55.89999999999999,below,1.0
9.93,-0.0219999999999984,9934.0,72.52499999999999,below,1.0
9748.0,-0.0240000000000009,9758.0,68.35,below,1.0
9.71,-0.0240000000000009,9.72,63.6,below,1.0
8342.0,-0.0180000000000006,8354.0,63875.0,below,1.0
8166.0,-0.0240000000000009,8178.0,53325.0,below,1.0
8938.0,-0.0240000000000009,8946.0,67.05000000000001,below,0.0
9256.0,-0.0199999999999995,9268.0,67675.0,below,1.0
-0.0279999999999986,-0.0199999999999995,8.03,54.62499999999999,below,1.0
8718.0,-0.0240000000000009,8.73,55425.0,below,1.0
8674.0,-0.0219999999999984,8688.0,59975.0,below,1.0
9.21,-0.0199999999999995,9228.0,57.400000000000006,below,1.0
-0.0079999999999991,2212.0,8162.0,75.49999999999999,below,1.0
9.2,-0.0219999999999984,9.21,55425.0,below,1.0
9658.0,-0.0120000000000004,9678.0,63.125000000000014,below,1.0
9904.0,-0.0259999999999998,9908.0,71.75,below,0.0
9046.0,-0.0180000000000006,9064.0,57.875000000000014,below,1.0
9736.0,-0.0300000000000011,9748.0,46.1,below,1.0
9.36,-0.0219999999999984,9374.0,66475.0,below,1.0
10132.0,-0.0079999999999991,10132.0,55.02499999999999,below,1.0
8094.0,-0.0219999999999984,8106.0,58175.0,below,1.0
9288.0,-0.0240000000000009,9298.0,63.25,below,1.0
9606.0,-0.0240000000000009,9618.0,59.1,below,1.0
8992.0,-0.0180000000000006,9012.0,60.45,below,1.0
8104.0,-0.0180000000000006,8116.0,60375.0,below,1.0
9232.0,-0.0159999999999982,9252.0,59.89999999999999,below,1.0
8302.0,-0.0219999999999984,8.31,58575.0,below,0.0
-0.0180000000000006,-0.0259999999999998,8744.0,51.57499999999999,below,1.0
8814.0,-0.0240000000000009,8828.0,59.05,below,1.0
9322.0,-0.0219999999999984,9336.0,57.14999999999999,below,1.0
9578.0,-0.0199999999999995,9.59,60.25,below,1.0
8618.0,-0.0219999999999984,8.63,59.67499999999998,below,1.0
8982.0,-0.0240000000000009,8996.0,60.67499999999998,below,1.0
9392.0,-0.0240000000000009,9402.0,60.3,below,1.0
8952.0,-0.0219999999999984,8964.0,48625.0,below,1.0
9.78,-0.0199999999999995,9788.0,72475.0,below,1.0
8992.0,-0.0199999999999995,9008.0,62.45,below,1.0
9.23,-0.0159999999999982,9248.0,57.69999999999999,below,1.0
9.0,-0.0240000000000009,9012.0,52875.0,below,1.0
8.28,-0.0240000000000009,8292.0,54.525000000000006,below,1.0
-0.0040000000000013,1942.0,7.901999999999999,76.75,below,1.0
8.45,-0.0219999999999984,8462.0,60.3,below,1.0
9206.0,-0.0199999999999995,9218.0,66.52499999999999,below,1.0
10.15,-0.0199999999999995,10.15,71.24999999999999,below,1.0
8274.0,-0.0240000000000009,8284.0,55.89999999999999,above,0.0
9926.0,-0.0259999999999998,9936.0,70.15,below,1.0
9.2,-0.0180000000000006,9212.0,67575.0,below,1.0
-0.009999999999998,-0.0219999999999984,4186.0,73.55000000000001,below,1.0
8.26,-0.0240000000000009,8272.0,56925.0,below,1.0
-0.0079999999999991,1.7940000000000005,9.44,74925.0,below,1.0
8384.0,-0.0219999999999984,8394.0,52.0,below,1.0
8158.0,-0.0180000000000006,8.17,64.6,below,1.0
-0.0120000000000004,0.0599999999999987,9386.0,61.650000000000006,below,0.0
9226.0,-0.0259999999999998,9232.0,64.27499999999999,below,0.0
9404.0,-0.0159999999999982,9422.0,59.67499999999998,below,1.0
8386.0,-0.0180000000000006,8398.0,61.07499999999999,below,1.0
9812.0,-0.0240000000000009,9822.0,61.60000000000001,below,1.0
9458.0,-0.0219999999999984,9476.0,55.72500000000001,below,1.0
8158.0,-0.0180000000000006,8.17,64.6,below,1.0
10.16,-0.0240000000000009,10154.0,63875.0,below,1.0
9374.0,-0.0199999999999995,9386.0,59.775000000000006,below,1.0
8102.0,-0.0240000000000009,8112.0,55.275000000000006,below,1.0
-0.009999999999998,-0.0199999999999995,10124.0,72.24999999999999,below,1.0
9438.0,-0.0180000000000006,9452.0,56425.0,below,1.0
8.34,-0.0180000000000006,8354.0,57625.0,below,1.0
8204.0,-0.0240000000000009,8214.0,50.49999999999999,below,1.0
9444.0,-0.0180000000000006,9456.0,71725.0,below,1.0
8694.0,-0.0240000000000009,8706.0,51.525000000000006,below,1.0
9136.0,-0.0259999999999998,9144.0,64575.0,below,0.0
8144.0,-0.0219999999999984,8154.0,54.89999999999999,below,1.0
10006.0,-0.0259999999999998,10006.0,71025.0,below,0.0
8766.0,-0.0219999999999984,8778.0,54225.0,below,1.0
8766.0,-0.0159999999999982,8784.0,58.80000000000001,below,1.0
9648.0,-0.0240000000000009,9.66,63375.0,below,1.0
8942.0,-0.0240000000000009,8956.0,57.0,below,1.0
-0.0139999999999993,-0.0240000000000009,9712.0,63.05000000000001,below,1.0
8964.0,-0.0219999999999984,8978.0,57225.0,below,1.0
10.04,-0.0259999999999998,10.04,71.64999999999999,below,0.0
-0.0079999999999991,0.7480000000000011,9166.0,74725.0,below,1.0
9288.0,-0.0219999999999984,9.3,67.05000000000001,below,1.0
-0.0120000000000004,-0.0199999999999995,9558.0,69.7,below,1.0
8936.0,-0.0199999999999995,8948.0,67.52499999999999,below,1.0
8676.0,-0.0219999999999984,8688.0,61375.0,below,0.0
9472.0,-0.0240000000000009,9.48,68.12499999999999,below,0.0
-0.009999999999998,-0.0199999999999995,9.48,63.94999999999999,below,1.0
8704.0,-0.0240000000000009,8718.0,55.1,below,1.0
9118.0,-0.0219999999999984,9128.0,62575.0,below,1.0
8238.0,-0.0240000000000009,8248.0,49.45,below,1.0
8528.0,-0.0199999999999995,8542.0,55.77499999999999,below,1.0
9482.0,-0.0219999999999984,9496.0,65.35,below,1.0
8258.0,-0.0180000000000006,8.27,62.14999999999999,below,1.0
8122.0,-0.0240000000000009,8134.0,58.0,below,1.0
8988.0,-0.0240000000000009,8998.0,48.75,below,1.0
9.29,-0.0199999999999995,9304.0,66.25000000000001,below,1.0
-0.0259999999999998,-0.0259999999999998,8168.0,49075.0,below,1.0
-0.0040000000000013,1824.0,8068.0,76275.0,below,1.0
8262.0,-0.0240000000000009,8.27,57.60000000000001,below,0.0
8726.0,-0.0139999999999993,8744.0,58.400000000000006,below,1.0
8636.0,-0.0219999999999984,8.65,52.42500000000001,below,1.0
9.73,-0.0240000000000009,9738.0,67.75,below,0.0
8352.0,-0.0180000000000006,8364.0,57.60000000000001,below,1.0
8.58,-0.0219999999999984,8.59,55.02499999999999,below,1.0
-0.0219999999999984,-0.0259999999999998,8526.0,56.69999999999999,below,1.0
8382.0,-0.0219999999999984,8394.0,56325.0,below,1.0
8964.0,-0.0240000000000009,8976.0,62.25,below,0.0
9796.0,-0.0199999999999995,9.81,57.89999999999999,below,1.0
9224.0,-0.0219999999999984,9238.0,59.2,below,1.0
8408.0,-0.0240000000000009,8418.0,55325.0,below,1.0
-0.0079999999999991,1622.0,8366.0,76.2,below,1.0
8966.0,-0.0159999999999982,8984.0,58.525000000000006,below,1.0
9432.0,-0.0240000000000009,9444.0,57.80000000000001,below,1.0
8.54,-0.0180000000000006,8554.0,63.79999999999998,below,1.0
8966.0,-0.0240000000000009,8978.0,63.72500000000001,below,0.0
9.51,-0.0240000000000009,9528.0,52.89999999999999,below,1.0
-0.009999999999998,-0.0259999999999998,4642.0,44925.0,below,0.0
9.29,-0.0219999999999984,9302.0,60.2,below,1.0
-0.0139999999999993,-0.0139999999999993,8506.0,65.14999999999999,below,1.0
8632.0,-0.0199999999999995,8646.0,61375.0,below,1.0
9804.0,-0.0259999999999998,9808.0,67.65,below,0.0
9188.0,-0.0219999999999984,9.2,59.60000000000001,below,1.0
-0.0139999999999993,-0.0139999999999993,8506.0,65.14999999999999,below,1.0
8.58,-0.0240000000000009,8592.0,55075.0,below,1.0
8956.0,-0.0120000000000004,8972.0,60.72500000000001,below,1.0
8968.0,-0.0259999999999998,8.98,59.89999999999999,below,1.0
9718.0,-0.0240000000000009,9728.0,65025.0,above,0.0
9718.0,-0.0240000000000009,9728.0,65025.0,below,0.0
9456.0,-0.0219999999999984,9464.0,66.55,below,0.0
8.83,-0.0199999999999995,8842.0,59.07500000000002,below,1.0
-0.0240000000000009,-0.0219999999999984,8142.0,54.45,below,1.0
9104.0,-0.0139999999999993,9.12,62375.0,below,1.0
9558.0,-0.0199999999999995,9566.0,67.75,below,0.0
9244.0,-0.0199999999999995,9256.0,66.17500000000001,below,1.0
9568.0,-0.0139999999999993,9.59,60375.0,below,1.0
8336.0,-0.0259999999999998,8348.0,42225.0,below,1.0
9834.0,-0.0219999999999984,9838.0,71.35000000000001,below,0.0
10022.0,-0.0199999999999995,10028.0,62.20000000000002,below,1.0
8452.0,-0.0219999999999984,8466.0,53.42499999999998,below,1.0
-0.0079999999999991,-0.0159999999999982,9176.0,72.32499999999999,below,1.0
8158.0,-0.0180000000000006,8.17,64.6,below,1.0
9.68,-0.0199999999999995,9692.0,66.85000000000001,below,1.0
9336.0,-0.0259999999999998,9348.0,57.60000000000001,below,1.0
9.31,-0.0199999999999995,9328.0,58.82499999999999,below,1.0
-0.0139999999999993,0.3819999999999997,8266.0,70.8,below,1.0
8722.0,-0.0199999999999995,8736.0,55.67500000000001,below,1.0
8792.0,-0.0159999999999982,8.81,57375.0,below,1.0
9784.0,-0.0180000000000006,9796.0,71125.0,below,1.0
9326.0,-0.0139999999999993,9346.0,59.60000000000001,below,1.0
9316.0,-0.0240000000000009,9328.0,57125.0,below,1.0
-0.0139999999999993,0.5620000000000012,9486.0,73.32499999999999,below,1.0
8344.0,-0.0199999999999995,8358.0,53.49999999999999,below,1.0
9078.0,-0.0180000000000006,9092.0,61.94999999999999,below,1.0
8704.0,-0.0240000000000009,8714.0,59575.0,below,0.0
-0.009999999999998,1404.0,8942.0,74.42500000000001,below,1.0
8.27,-0.0219999999999984,8284.0,61.400000000000006,below,1.0
9062.0,-0.0219999999999984,9074.0,54.62499999999999,below,1.0
8346.0,-0.0199999999999995,8.36,47425.0,below,1.0
9.24,-0.0240000000000009,9254.0,56.47500000000001,below,1.0
-0.009999999999998,2122.0,7.960000000000001,75.29999999999998,below,1.0
-0.0120000000000004,1.5620000000000012,9834.0,52.47500000000001,below,1.0
9928.0,-0.0219999999999984,9938.0,68.97500000000001,below,1.0
9118.0,-0.0240000000000009,9.13,62.07499999999999,below,1.0
9094.0,-0.0199999999999995,9106.0,58.60000000000001,below,1.0
8136.0,-0.0159999999999982,8146.0,62.05000000000001,below,1.0
8608.0,-0.0159999999999982,8624.0,57.400000000000006,below,1.0
9922.0,-0.0219999999999984,9.93,70.10000000000001,below,1.0
8932.0,-0.0219999999999984,8948.0,53.35000000000001,below,1.0
9452.0,-0.0259999999999998,9462.0,65.65,below,1.0
8828.0,-0.0240000000000009,8.84,55325.0,below,1.0
-0.009999999999998,2144.0,8032.0,73.85,below,1.0
-0.0079999999999991,-0.0180000000000006,10046.0,71775.0,below,1.0
8366.0,-0.0240000000000009,8378.0,56.69999999999999,below,1.0
9004.0,-0.0240000000000009,9.01,55.1,below,0.0
9.86,-0.0199999999999995,9.87,69.35,below,1.0
9608.0,-0.0199999999999995,9.62,64.25,below,1.0
9376.0,-0.0199999999999995,9388.0,62675.0,below,1.0
8274.0,-0.0240000000000009,8284.0,55.89999999999999,below,1.0
8.3,-0.0219999999999984,8.31,60175.0,below,1.0
8632.0,-0.0180000000000006,8646.0,62.14999999999999,below,1.0
9.25,-0.0199999999999995,9262.0,67.45000000000002,below,1.0
8.36,-0.0240000000000009,8.37,54.02499999999999,below,1.0
8.23,-0.0219999999999984,8242.0,54.2,below,1.0
8616.0,-0.0240000000000009,8626.0,57.89999999999999,below,1.0
9122.0,-0.0259999999999998,9136.0,62.3,below,1.0
8284.0,-0.0199999999999995,8298.0,51725.0,below,1.0
8558.0,-0.0219999999999984,8574.0,49.02499999999999,below,1.0
8212.0,-0.0180000000000006,8226.0,56.35,below,1.0
8388.0,-0.0219999999999984,8404.0,51325.0,below,1.0
-0.0120000000000004,0.7259999999999991,8698.0,73.95,below,1.0
8.82,-0.0180000000000006,8832.0,63.99999999999999,below,1.0
9398.0,-0.0219999999999984,9412.0,58.80000000000001,below,1.0
8828.0,-0.0139999999999993,8846.0,59.400000000000006,below,1.0
9868.0,-0.0139999999999993,9.88,63.85000000000001,below,1.0
9.05,-0.0199999999999995,9068.0,56.525000000000006,below,1.0
8618.0,-0.0180000000000006,8.63,64775.0,below,1.0
8456.0,-0.0199999999999995,8474.0,54725.0,below,1.0
9082.0,-0.0240000000000009,9094.0,55.89999999999999,below,1.0
9696.0,-0.0180000000000006,9712.0,70.64999999999999,below,1.0
8158.0,-0.0259999999999998,8.17,56425.0,below,1.0
8.54,-0.0219999999999984,8552.0,60.07499999999999,below,1.0
9.76,-0.0139999999999993,9778.0,61475.0,below,1.0
8594.0,-0.0219999999999984,8606.0,62.07499999999999,below,1.0
9044.0,-0.0240000000000009,9056.0,49.95,below,1.0
-0.009999999999998,2.443999999999999,7528.0,68.97500000000001,below,1.0
8274.0,-0.0240000000000009,8284.0,55.89999999999999,above,0.0
9.23,-0.0240000000000009,9242.0,60.7,below,1.0
-0.0139999999999993,-0.0219999999999984,8682.0,60.400000000000006,below,1.0
8746.0,-0.0240000000000009,8756.0,55.82499999999999,below,1.0
8.29,-0.0199999999999995,8304.0,58975.0,below,1.0
-0.0120000000000004,-0.0240000000000009,9628.0,54.525000000000006,below,1.0
9612.0,-0.0219999999999984,9626.0,67.27499999999999,below,1.0
8.31,-0.0199999999999995,8324.0,59.07500000000002,below,1.0
8622.0,-0.0199999999999995,8636.0,54125.0,below,1.0
8.21,-0.0219999999999984,8224.0,47725.0,below,1.0
9238.0,-0.0219999999999984,9.25,65625.0,below,1.0
8.16,-0.0240000000000009,8168.0,58.60000000000001,below,0.0
8884.0,-0.0219999999999984,8894.0,68.55,below,0.0
-0.0120000000000004,-0.0219999999999984,9.38,62.87499999999999,below,1.0
9588.0,-0.0180000000000006,9.61,58.0,below,1.0
-0.0060000000000002,2.460000000000001,7.550000000000001,69075.0,below,1.0
8.36,-0.0259999999999998,8372.0,51.22500000000001,below,1.0
8948.0,-0.0199999999999995,8962.0,56.54999999999998,below,1.0
8306.0,-0.0219999999999984,8318.0,60.2,below,1.0
9.25,-0.0259999999999998,9264.0,63.3,below,1.0
8.99,-0.0259999999999998,9002.0,60.87499999999999,below,0.0
-0.0159999999999982,-0.0240000000000009,9.31,62.92500000000001,below,0.0
8158.0,-0.0180000000000006,8.17,64.6,above,0.0
9184.0,-0.0219999999999984,9198.0,65.45,below,1.0
9.34,-0.0159999999999982,9.36,59.275000000000006,below,1.0
-0.0079999999999991,1.4540000000000006,9444.0,74025.0,below,1.0
-0.0139999999999993,-0.0139999999999993,8506.0,65.14999999999999,below,1.0
-0.0139999999999993,-0.0139999999999993,8506.0,65.14999999999999,below,1.0
9366.0,-0.0180000000000006,9382.0,59.775000000000006,below,1.0
9114.0,-0.0219999999999984,9124.0,66.25000000000001,below,1.0
9192.0,-0.0159999999999982,9204.0,69.12499999999999,below,1.0
-0.009999999999998,-0.0219999999999984,9302.0,66725.0,below,1.0
9.48,-0.0219999999999984,9494.0,64.45,below,1.0
9646.0,-0.0159999999999982,9664.0,60575.0,below,1.0
8622.0,-0.0159999999999982,8.64,58.07500000000002,below,1.0
9258.0,-0.0219999999999984,9272.0,60.55,below,1.0
-0.0120000000000004,-0.0219999999999984,9298.0,57.3,below,1.0
9726.0,-0.0240000000000009,9736.0,64.07499999999999,below,1.0
9648.0,-0.0180000000000006,9.66,68.17500000000001,below,1.0
8.42,-0.0120000000000004,8.44,59975.0,below,1.0
-0.0139999999999993,-0.0279999999999986,3426.0,17375.0,below,1.0
8158.0,-0.0180000000000006,8.17,64.6,below,1.0
8952.0,-0.0199999999999995,8.97,56.0,below,1.0
-0.009999999999998,2064.0,8366.0,76275.0,below,1.0
8.65,-0.0199999999999995,8664.0,57.80000000000001,below,1.0
8158.0,-0.0180000000000006,8.17,64.6,below,1.0
-0.009999999999998,2.2,8202.0,74825.0,below,1.0
-0.0139999999999993,-0.0240000000000009,9.72,56.62499999999999,below,1.0
8604.0,-0.0259999999999998,8616.0,54325.0,below,1.0
8482.0,-0.0219999999999984,8498.0,50.8,below,1.0
8866.0,-0.0240000000000009,8878.0,56975.0,below,1.0
8.65,-0.0240000000000009,8.66,52.95,below,1.0
8234.0,-0.0180000000000006,8248.0,63875.0,below,1.0
8634.0,-0.0219999999999984,8644.0,57.3,below,1.0
9.12,-0.0199999999999995,9132.0,58.14999999999999,below,1.0
-0.009999999999998,2414.0,7.529999999999999,68.75,below,1.0
8736.0,-0.0120000000000004,8.75,62.07499999999999,below,1.0
-0.0060000000000002,1.466000000000001,9538.0,77.35000000000001,below,1.0
9704.0,-0.0240000000000009,9716.0,62375.0,below,1.0
8142.0,-0.0219999999999984,8152.0,59375.0,below,1.0
9152.0,-0.0240000000000009,9164.0,57.1,below,1.0
9116.0,-0.0199999999999995,9.13,63575.0,below,1.0
9634.0,-0.0219999999999984,9644.0,63875.0,below,1.0
9762.0,-0.0180000000000006,9774.0,68.97500000000001,below,1.0
-0.0120000000000004,0.4559999999999995,8948.0,53.89999999999999,below,1.0
-0.0240000000000009,-0.0240000000000009,8082.0,56.2,below,1.0
8994.0,-0.0219999999999984,9006.0,57.525000000000006,below,1.0
8988.0,-0.0180000000000006,9002.0,58.67500000000001,below,1.0
8628.0,-0.0199999999999995,8642.0,60.80000000000001,below,1.0
10088.0,-0.0240000000000009,10086.0,69.64999999999999,below,0.0
8202.0,-0.0199999999999995,8214.0,53.77499999999999,below,1.0
-0.0079999999999991,-0.0180000000000006,9914.0,71.50000000000001,below,1.0
8124.0,-0.0219999999999984,8138.0,55.2,below,1.0
-0.009999999999998,0.6559999999999988,9.48,75025.0,below,0.0
9472.0,-0.0259999999999998,9.48,66.85000000000001,below,0.0
9538.0,-0.0240000000000009,9.55,63.35,below,1.0
8.52,-0.0180000000000006,8536.0,61.94999999999999,below,1.0
8126.0,-0.0240000000000009,8136.0,50725.0,below,1.0
9148.0,-0.0240000000000009,9162.0,55125.0,below,1.0
8.91,-0.0180000000000006,8922.0,63.97500000000001,below,1.0
10.07,-0.0199999999999995,10.07,72.95,below,1.0
8158.0,-0.0180000000000006,8.17,64.6,below,1.0
9338.0,-0.0240000000000009,9348.0,56.400000000000006,below,1.0
8392.0,-0.0259999999999998,8.4,58.1,below,0.0
8836.0,-0.0240000000000009,8848.0,56.1,below,1.0
10084.0,-0.0199999999999995,10082.0,72.15,below,1.0
9066.0,-0.0240000000000009,9.07,59375.0,below,0.0
9456.0,-0.0199999999999995,9474.0,59.3,below,1.0
8404.0,-0.0219999999999984,8414.0,54.82499999999999,below,1.0
9.51,-0.0240000000000009,9522.0,66775.0,below,1.0
8754.0,-0.0159999999999982,8768.0,57.1,below,1.0
8524.0,-0.0240000000000009,8536.0,52.3,below,1.0
9.74,-0.0219999999999984,9752.0,65.5,below,1.0
8196.0,-0.0219999999999984,8208.0,56.82499999999999,below,1.0
8.68,-0.0199999999999995,8696.0,52.57499999999999,below,1.0
8586.0,-0.0180000000000006,8604.0,56.94999999999999,below,1.0
-0.0139999999999993,-0.0259999999999998,9706.0,64.75,below,0.0
8162.0,-0.0219999999999984,8172.0,57.275000000000006,below,1.0
8624.0,-0.0259999999999998,8632.0,56.275000000000006,below,0.0
9242.0,-0.0240000000000009,9256.0,56125.0,below,1.0
9928.0,-0.0240000000000009,9936.0,59.2,below,1.0
-0.0079999999999991,2.0279999999999987,8938.0,74.57499999999999,below,1.0
8244.0,-0.0219999999999984,8256.0,59625.0,below,1.0
9816.0,-0.0219999999999984,9826.0,61.25,below,1.0
9524.0,-0.0199999999999995,9542.0,59.275000000000006,below,1.0
8586.0,-0.0199999999999995,8602.0,57.525000000000006,below,1.0
8478.0,-0.0180000000000006,8492.0,60375.0,below,1.0
9106.0,-0.0180000000000006,9.12,61.000000000000014,below,1.0
9.89,-0.0180000000000006,9902.0,70.85,below,1.0
9492.0,-0.0120000000000004,9506.0,63575.0,below,1.0
8.74,-0.0199999999999995,8752.0,63675.0,below,1.0
-0.009999999999998,2154.0,8034.0,73825.0,below,1.0
9426.0,-0.0199999999999995,9438.0,66.85000000000001,below,1.0
8252.0,-0.0199999999999995,8268.0,53.400000000000006,below,1.0
-0.0079999999999991,2.2220000000000013,8196.0,74.57499999999999,below,1.0
8268.0,-0.0240000000000009,8276.0,56.02499999999999,below,0.0
9.32,-0.0240000000000009,9332.0,65725.0,below,1.0
8.69,-0.0219999999999984,8704.0,48725.0,below,1.0
8284.0,-0.0199999999999995,8294.0,56.80000000000001,below,1.0
9108.0,-0.0219999999999984,9.12,59.3,below,1.0
8178.0,-0.0219999999999984,8192.0,60475.0,below,1.0
8146.0,-0.0199999999999995,8162.0,54.80000000000001,below,1.0
10014.0,-0.0259999999999998,10016.0,55.47500000000001,below,0.0
9938.0,-0.0199999999999995,9948.0,66.85000000000001,below,1.0
-0.009999999999998,1.629999999999999,8376.0,76375.0,below,1.0
-0.0279999999999986,-0.0219999999999984,8052.0,54.62499999999999,below,1.0
9.37,-0.0139999999999993,9.39,61.97500000000001,below,1.0
9002.0,-0.0240000000000009,9014.0,53.3,below,1.0
9326.0,-0.0259999999999998,9338.0,67575.0,below,1.0
8226.0,-0.0159999999999982,8.24,63.125000000000014,below,1.0
-0.0079999999999991,2.0500000000000007,8348.0,76.29999999999998,below,1.0
9.22,-0.0199999999999995,9234.0,65.75,below,1.0
-0.0279999999999986,-0.0219999999999984,8.04,49.55000000000001,below,1.0
8094.0,-0.0240000000000009,8102.0,51.35000000000001,below,1.0
9444.0,-0.0180000000000006,9.46,54.525000000000006,below,1.0
8834.0,-0.0240000000000009,8846.0,55.45,below,1.0
8478.0,-0.0180000000000006,8494.0,56.875000000000014,below,1.0
9874.0,-0.0199999999999995,9882.0,72.64999999999999,below,1.0
8.49,-0.0219999999999984,8502.0,60.55,below,0.0
8604.0,-0.0279999999999986,8616.0,47.45,below,1.0
9782.0,-0.0219999999999984,9792.0,61.5,below,1.0
-0.0120000000000004,-0.0259999999999998,9668.0,69.27499999999999,below,1.0
10174.0,-0.0199999999999995,10168.0,74175.0,below,1.0
8416.0,-0.0259999999999998,8.43,57575.0,below,1.0
9476.0,-0.0180000000000006,9498.0,58.60000000000001,below,1.0
9298.0,-0.0240000000000009,9312.0,60375.0,below,1.0
-0.0120000000000004,-0.0199999999999995,9744.0,68575.0,below,1.0
9126.0,-0.0240000000000009,9136.0,65.07499999999999,below,1.0
-0.0139999999999993,-0.0139999999999993,8506.0,65.14999999999999,below,1.0
9.49,-0.0199999999999995,9506.0,52725.0,below,1.0
9584.0,-0.0199999999999995,9594.0,69.95,below,1.0
10.02,-0.0180000000000006,10026.0,63.35,below,1.0
9794.0,-0.0240000000000009,9802.0,62475.0,below,1.0
-0.0060000000000002,1.481999999999999,9714.0,76.22500000000001,below,1.0
9712.0,-0.0219999999999984,9722.0,71.05,below,1.0
8406.0,-0.0180000000000006,8416.0,63.35,below,0.0
-0.0199999999999995,-0.0159999999999982,8.33,55375.0,below,1.0
8924.0,-0.0240000000000009,8936.0,54125.0,below,1.0
9924.0,-0.0219999999999984,9932.0,61475.0,below,1.0
8528.0,-0.0219999999999984,8542.0,48.32499999999999,below,1.0
9268.0,-0.0219999999999984,9284.0,65.92499999999998,below,1.0
8676.0,-0.0199999999999995,8.69,65.85000000000001,below,1.0
9672.0,-0.0259999999999998,9682.0,64.8,below,1.0
9408.0,-0.0180000000000006,9428.0,59625.0,below,1.0
9742.0,-0.0240000000000009,9754.0,59375.0,below,1.0
32.0,-0.0139999999999993,8852.0,61.25,below,1.0
9882.0,-0.0219999999999984,9.89,72.05,below,1.0
8168.0,-0.0199999999999995,8178.0,62675.0,below,0.0
8662.0,-0.0180000000000006,8674.0,60.55,below,1.0
-0.0120000000000004,-0.0219999999999984,9164.0,67.52499999999999,below,0.0
-0.0079999999999991,1.498000000000001,9632.0,76.42500000000001,below,1.0
-0.0060000000000002,2.469999999999999,7.51,68.85,below,1.0
8294.0,-0.0180000000000006,8306.0,59.14999999999999,below,1.0
8642.0,-0.0240000000000009,8656.0,55.89999999999999,below,1.0
8844.0,-0.0199999999999995,8.86,56.72500000000001,below,1.0
8886.0,-0.0240000000000009,8898.0,59.07500000000002,below,1.0
9384.0,-0.0120000000000004,9402.0,63.775000000000006,below,1.0
-0.0060000000000002,1.2560000000000002,8.4,76.2,below,1.0
9726.0,-0.0240000000000009,9738.0,67.95,below,1.0
8952.0,-0.0199999999999995,8968.0,55225.0,below,1.0
8086.0,-0.0199999999999995,8.1,59175.0,below,1.0
8814.0,-0.0219999999999984,8826.0,53.89999999999999,below,1.0
-0.0120000000000004,-0.0240000000000009,9922.0,68.65,below,1.0
8238.0,-0.0240000000000009,8248.0,49.45,below,1.0
9044.0,-0.0219999999999984,9058.0,52375.0,below,1.0
-0.0139999999999993,-0.0199999999999995,8646.0,65.85000000000001,below,1.0
8836.0,-0.0139999999999993,8854.0,59975.0,below,1.0
9146.0,-0.0199999999999995,9158.0,61.97500000000001,below,1.0
8326.0,-0.0240000000000009,8338.0,52.67500000000001,below,1.0
8084.0,-0.0240000000000009,8096.0,56075.0,below,1.0
8362.0,-0.0240000000000009,8376.0,58.60000000000001,below,1.0
8496.0,-0.0219999999999984,8.51,61.3,below,1.0
9.03,-0.0240000000000009,9042.0,58.80000000000001,below,1.0
8.57,-0.0199999999999995,8586.0,55.72500000000001,below,1.0
9328.0,-0.0159999999999982,9348.0,58.0,below,1.0
9216.0,-0.0219999999999984,9232.0,63.27499999999999,below,1.0
8224.0,-0.0139999999999993,8.24,57975.0,below,1.0
8676.0,-0.0199999999999995,8696.0,55.67500000000001,below,1.0
8788.0,-0.0219999999999984,8804.0,60.07499999999999,below,1.0
9938.0,-0.0240000000000009,9948.0,64.97500000000001,below,1.0
9528.0,-0.0159999999999982,9548.0,58.72500000000001,below,1.0
-0.009999999999998,0.7880000000000003,9524.0,76025.0,below,1.0
-0.0079999999999991,1.6180000000000003,8.18,76.64999999999999,below,1.0
9072.0,-0.0240000000000009,9086.0,56975.0,below,1.0
-0.009999999999998,-0.0139999999999993,9368.0,71.44999999999999,below,1.0
8238.0,-0.0219999999999984,8252.0,53.60000000000001,below,1.0
-0.0040000000000013,1.9280000000000008,7.896000000000001,76.6,below,1.0
8716.0,-0.0180000000000006,8736.0,56.45,below,1.0
9658.0,-0.0180000000000006,9668.0,63.02499999999999,below,1.0
8898.0,-0.0259999999999998,8.91,60375.0,below,1.0
8782.0,-0.0159999999999982,8798.0,56.60000000000001,below,1.0
9014.0,-0.0199999999999995,9026.0,65.95,below,1.0
8222.0,-0.0240000000000009,8.23,56925.0,below,0.0
9718.0,-0.0180000000000006,9.73,69.64999999999999,below,1.0
9694.0,-0.0159999999999982,9706.0,56.0,below,1.0
8.14,-0.0259999999999998,8.15,46475.0,below,1.0
-0.0139999999999993,-0.0139999999999993,8506.0,65.14999999999999,below,1.0
9686.0,-0.0240000000000009,9696.0,64775.0,below,1.0
-0.009999999999998,-0.0180000000000006,10034.0,53.77499999999999,below,1.0
8184.0,-0.0139999999999993,8204.0,57.5,below,1.0
8864.0,-0.0219999999999984,8874.0,59.87499999999999,below,1.0
8.24,-0.0240000000000009,8252.0,56.0,below,1.0
-0.0180000000000006,-0.0139999999999993,8526.0,56.89999999999999,below,1.0
-0.0079999999999991,-0.0199999999999995,9.87,72.15,below,1.0
10144.0,0.0,10138.0,57.05,below,1.0
9178.0,-0.0219999999999984,9184.0,68.85,below,0.0
8.97,-0.0159999999999982,8984.0,67.32499999999999,below,1.0
9.1,-0.0199999999999995,9114.0,57.775000000000006,below,1.0
-0.009999999999998,0.7300000000000004,8706.0,73825.0,below,1.0
8754.0,-0.0199999999999995,8762.0,56.74999999999999,below,1.0
8918.0,-0.0219999999999984,8932.0,54225.0,below,1.0
-0.0159999999999982,-0.0259999999999998,9458.0,67825.0,below,0.0
8212.0,-0.0199999999999995,8224.0,55.2,below,1.0
8732.0,-0.0240000000000009,8738.0,60.3,below,0.0
8678.0,-0.0199999999999995,8692.0,63.72500000000001,below,1.0
8386.0,-0.0199999999999995,8402.0,55.89999999999999,below,1.0
8908.0,-0.0240000000000009,8922.0,60.1,below,1.0
8234.0,-0.0219999999999984,8252.0,52.35000000000001,below,1.0
9698.0,-0.0180000000000006,9716.0,57.80000000000001,below,1.0
8684.0,-0.0219999999999984,8696.0,60475.0,below,1.0
8662.0,-0.0219999999999984,8676.0,65.27499999999999,below,1.0
9.55,-0.0240000000000009,9.56,67825.0,below,0.0
9134.0,-0.0219999999999984,9146.0,58.0,below,1.0
8692.0,-0.0219999999999984,8706.0,55.69999999999999,below,1.0
8282.0,-0.0240000000000009,8294.0,47.55,below,1.0
9348.0,-0.0240000000000009,9356.0,67.55,below,1.0
8698.0,-0.0219999999999984,8.71,55.85,below,1.0
9.05,-0.0219999999999984,9.06,60.27499999999999,below,1.0
9896.0,-0.0240000000000009,9906.0,66.05000000000001,below,1.0
8136.0,-0.0180000000000006,8148.0,53725.0,below,1.0
-0.0060000000000002,1.7040000000000006,8124.0,75.49999999999999,below,1.0
8158.0,-0.0180000000000006,8.17,64.6,above,0.0
9044.0,-0.0199999999999995,9056.0,66.75,below,1.0
8658.0,-0.0199999999999995,8.67,57.2,below,1.0
9264.0,-0.0219999999999984,9278.0,64575.0,below,1.0
-0.0120000000000004,0.6879999999999988,8664.0,74075.0,below,1.0
8.8,-0.0240000000000009,8812.0,58.5,below,1.0
-0.0139999999999993,0.8239999999999998,8762.0,71825.0,below,1.0
8962.0,-0.0240000000000009,8.97,68.35,below,0.0
9808.0,-0.0259999999999998,9812.0,69.8,below,0.0
-0.0180000000000006,-0.0240000000000009,9062.0,62.3,below,1.0
8746.0,-0.0199999999999995,8762.0,55.275000000000006,below,1.0
0.0300000000000011,-0.0219999999999984,8.13,57.47500000000001,below,1.0
8596.0,-0.0240000000000009,8.61,49.650000000000006,below,1.0
8814.0,-0.0219999999999984,8826.0,58175.0,below,1.0
9214.0,-0.0240000000000009,9226.0,57.0,below,1.0
9094.0,-0.0300000000000011,9106.0,43.22500000000001,below,1.0
9.97,-0.0240000000000009,9976.0,65.99999999999999,below,1.0
9768.0,-0.0240000000000009,9.78,69575.0,below,1.0
8426.0,-0.0159999999999982,8442.0,55.69999999999999,below,1.0
9718.0,-0.0240000000000009,9728.0,65025.0,below,0.0
9608.0,-0.0159999999999982,9626.0,59.60000000000001,below,1.0
-0.0159999999999982,-0.0219999999999984,8808.0,61.3,below,1.0
9496.0,-0.0199999999999995,9514.0,60.55,below,1.0
9.99,-0.0199999999999995,9996.0,72.35000000000001,below,1.0
9042.0,-0.0240000000000009,9054.0,55225.0,below,1.0
9354.0,-0.0240000000000009,9366.0,62675.0,below,1.0
8648.0,-0.0219999999999984,8662.0,56.89999999999999,below,1.0
8702.0,-0.0180000000000006,8716.0,64.72500000000001,below,1.0
8196.0,-0.0199999999999995,8.21,61475.0,below,1.0
8558.0,-0.0199999999999995,8576.0,62575.0,below,1.0
-0.0079999999999991,1968.0,8622.0,73475.0,below,1.0
8274.0,-0.0240000000000009,8284.0,55.89999999999999,below,1.0
-0.0159999999999982,-0.0219999999999984,9922.0,70.24999999999999,below,1.0
8458.0,-0.0219999999999984,8474.0,51.67500000000001,below,1.0
9354.0,-0.0199999999999995,9368.0,67.65,below,1.0
8202.0,-0.0180000000000006,8218.0,63675.0,below,1.0
8482.0,-0.0219999999999984,8494.0,56.62499999999999,below,1.0
8098.0,-0.0240000000000009,8108.0,56425.0,below,1.0
-0.0219999999999984,-0.0120000000000004,8128.0,65.12500000000001,below,1.0
9138.0,-0.0180000000000006,9158.0,61.07499999999999,below,1.0
8158.0,-0.0180000000000006,8.17,64.6,below,1.0
8468.0,-0.0240000000000009,8.48,53.3,below,1.0
-0.0120000000000004,-0.0219999999999984,10074.0,68025.0,below,1.0
8966.0,-0.0219999999999984,8982.0,51.22500000000001,below,1.0
9732.0,-0.0259999999999998,9742.0,54.525000000000006,below,1.0
9228.0,-0.0219999999999984,9.24,57.02499999999999,below,1.0
8272.0,-0.0240000000000009,8.28,50.22500000000001,below,1.0
9336.0,-0.0199999999999995,9346.0,65625.0,below,1.0
9164.0,-0.0180000000000006,9.18,56.5,below,1.0
8338.0,-0.0139999999999993,8354.0,64.65,below,1.0
9.78,-0.0219999999999984,9792.0,65.65,below,1.0
8072.0,-0.0199999999999995,8088.0,54.47500000000001,below,1.0
8.69,-0.0159999999999982,8706.0,63.25,below,1.0
9468.0,-0.0219999999999984,9482.0,58.1,below,1.0
8692.0,-0.0199999999999995,8702.0,61.45,below,1.0
-0.0139999999999993,-0.0199999999999995,9334.0,64.95,below,1.0
9056.0,-0.0240000000000009,9066.0,57.80000000000001,below,1.0
8738.0,-0.0240000000000009,8748.0,52.77499999999999,below,1.0
8294.0,-0.0219999999999984,8306.0,53.2,below,1.0
9026.0,-0.0159999999999982,9046.0,57.2,below,1.0
-0.0180000000000006,-0.0219999999999984,8966.0,53.60000000000001,below,1.0
8.37,-0.0180000000000006,8386.0,54.80000000000001,below,1.0
8554.0,-0.0199999999999995,8566.0,64775.0,below,1.0
-0.0060000000000002,1.3539999999999992,9.44,74.85,below,1.0
-0.0079999999999991,2.2379999999999995,8196.0,75.42500000000001,below,1.0
8158.0,-0.0180000000000006,8.17,64.6,below,1.0
8202.0,-0.0199999999999995,8216.0,54.1,below,1.0
-0.0120000000000004,-0.0199999999999995,9668.0,59.67499999999998,below,1.0
9306.0,-0.0159999999999982,9324.0,60.45,below,1.0
8684.0,-0.0199999999999995,8698.0,67.25000000000001,below,1.0
8158.0,-0.0180000000000006,8.17,64.6,below,1.0
-0.0120000000000004,-0.0219999999999984,9746.0,64.65,below,1.0
-0.0139999999999993,-0.0139999999999993,8506.0,65.14999999999999,below,1.0
9074.0,-0.0180000000000006,9088.0,65.92499999999998,below,1.0
9042.0,-0.0159999999999982,9056.0,61.87499999999999,below,1.0
8.93,-0.0120000000000004,8944.0,62.775000000000006,below,1.0
9044.0,-0.0219999999999984,9058.0,61.45,below,1.0
8978.0,-0.0219999999999984,8994.0,58.67500000000001,below,1.0
-0.0219999999999984,-0.0219999999999984,8542.0,50925.0,below,1.0
9696.0,-0.0219999999999984,9.7,69.24999999999999,below,0.0
8.45,-0.0219999999999984,8464.0,51.05,below,1.0
9.32,-0.0180000000000006,9.34,56.3,below,1.0
9676.0,-0.0199999999999995,9686.0,55.60000000000001,below,1.0
8228.0,-0.0219999999999984,8.24,57.60000000000001,below,1.0
9792.0,-0.0219999999999984,9802.0,68925.0,below,1.0
10.16,-0.0159999999999982,10156.0,74.35000000000001,below,1.0
8.2,-0.0180000000000006,8216.0,62475.0,below,1.0
8856.0,-0.0159999999999982,8.87,61.07499999999999,below,1.0
8244.0,-0.0199999999999995,8258.0,51.1,below,1.0
9342.0,-0.0199999999999995,9356.0,56.5,below,1.0
9212.0,-0.0219999999999984,9226.0,59.2,below,1.0
8722.0,-0.0199999999999995,8736.0,55.0,below,1.0
8166.0,-0.0180000000000006,8.18,60.650000000000006,below,1.0
9528.0,-0.0240000000000009,9.54,59.5,below,1.0
9.37,-0.0139999999999993,9.39,59.67499999999998,below,1.0
8432.0,-0.0180000000000006,8446.0,62.05000000000001,below,1.0
9284.0,-0.0139999999999993,9302.0,59.89999999999999,below,1.0
10108.0,-0.0180000000000006,10108.0,74.2,below,1.0
-0.0180000000000006,-0.0199999999999995,8578.0,60.27499999999999,below,1.0
-0.0259999999999998,-0.0219999999999984,8084.0,53.150000000000006,below,1.0
-0.009999999999998,0.3159999999999989,8822.0,73925.0,below,0.0
8238.0,-0.0240000000000009,8252.0,54.02499999999999,below,1.0
8504.0,-0.0240000000000009,8516.0,56.47500000000001,below,1.0
8326.0,-0.0199999999999995,8338.0,54.82499999999999,below,1.0
10014.0,-0.0219999999999984,10.02,71.15,below,1.0
9154.0,-0.0159999999999982,9172.0,58.55,below,1.0
8386.0,-0.0219999999999984,8398.0,60975.0,below,1.0
8382.0,-0.0240000000000009,8392.0,57375.0,below,1.0
8362.0,-0.0240000000000009,8368.0,58.275000000000006,below,0.0
8.65,-0.0159999999999982,8664.0,64.72500000000001,below,1.0
-0.0139999999999993,-0.0139999999999993,8506.0,65.14999999999999,below,1.0
8446.0,-0.0219999999999984,8458.0,56.525000000000006,below,1.0
9718.0,-0.0240000000000009,9728.0,65025.0,below,0.0
8808.0,-0.0180000000000006,8818.0,62.400000000000006,below,1.0
8516.0,-0.0240000000000009,8528.0,51.8,below,1.0
8158.0,-0.0180000000000006,8.17,64.6,below,1.0
9894.0,-0.0219999999999984,9904.0,71.32499999999999,below,1.0
9516.0,-0.0240000000000009,9528.0,63175.0,below,1.0
10046.0,-0.0199999999999995,10044.0,72.42500000000001,below,1.0
8.98,-0.0259999999999998,8994.0,60.14999999999999,below,1.0
8888.0,-0.0219999999999984,8902.0,59.80000000000001,below,1.0
10082.0,-0.0219999999999984,10.08,72875.0,below,1.0
9396.0,-0.0279999999999986,9406.0,55.400000000000006,below,1.0
8232.0,-0.0159999999999982,8248.0,55.400000000000006,below,1.0
8216.0,-0.0180000000000006,8.23,53.69999999999999,below,1.0
8438.0,-0.0219999999999984,8.45,53.57499999999999,below,1.0
9328.0,-0.0219999999999984,9346.0,52925.0,below,1.0
8832.0,-0.0159999999999982,8.85,68.95,below,1.0
-0.0240000000000009,-0.0180000000000006,8068.0,58975.0,below,1.0
8206.0,-0.0180000000000006,8222.0,62675.0,below,1.0
9926.0,-0.0199999999999995,9936.0,66675.0,below,1.0
8192.0,-0.0219999999999984,8206.0,58425.0,below,1.0
9624.0,-0.0159999999999982,9632.0,69.52499999999999,below,1.0
-0.0060000000000002,2.5760000000000005,8046.0,74.05,below,1.0
8762.0,-0.0219999999999984,8774.0,54725.0,below,1.0
9046.0,-0.0199999999999995,9.06,56.525000000000006,below,1.0
-0.0139999999999993,-0.0139999999999993,8506.0,65.14999999999999,below,1.0
8214.0,-0.0199999999999995,8226.0,53.8,below,1.0
-0.0139999999999993,-0.0199999999999995,9332.0,59575.0,below,1.0
8794.0,-0.0240000000000009,8806.0,53.275000000000006,below,1.0
8114.0,-0.0219999999999984,8126.0,58.5,below,1.0
8528.0,-0.0219999999999984,8538.0,55.525000000000006,below,1.0
9332.0,-0.0159999999999982,9352.0,59.775000000000006,below,1.0
8648.0,-0.0219999999999984,8.66,53.60000000000001,below,1.0
8.2,-0.0240000000000009,8212.0,56.77499999999999,below,1.0
-0.0079999999999991,0.6359999999999992,8624.0,76.89999999999999,below,1.0
8.39,-0.0219999999999984,8402.0,60375.0,below,1.0
9778.0,-0.0219999999999984,9788.0,67.75,below,1.0
-0.0079999999999991,2.2300000000000004,8182.0,74.70000000000002,below,1.0
8244.0,-0.0259999999999998,8252.0,57.69999999999999,below,0.0
8304.0,-0.0219999999999984,8316.0,50.8,below,1.0
9.8,-0.0199999999999995,9814.0,70.35,below,1.0
8844.0,-0.0199999999999995,8856.0,60.3,below,1.0
9516.0,-0.0240000000000009,9526.0,60175.0,below,1.0
8482.0,-0.0219999999999984,8494.0,54.42499999999998,below,1.0
-0.0139999999999993,-0.0139999999999993,8506.0,65.14999999999999,below,1.0
-0.0079999999999991,2426.0,7544.0,67.32499999999999,below,1.0
8.88,-0.0159999999999982,8.9,58.92500000000001,below,1.0
8538.0,-0.0240000000000009,8.55,58.85000000000001,below,1.0
9.9,-0.0240000000000009,9.91,60.525000000000006,below,1.0
-0.0139999999999993,-0.0180000000000006,8536.0,62575.0,below,1.0
9252.0,-0.0180000000000006,9268.0,57.69999999999999,below,1.0
9694.0,-0.0259999999999998,9704.0,67425.0,below,0.0
9204.0,-0.0199999999999995,9216.0,64875.0,below,1.0
9114.0,-0.0219999999999984,9126.0,61.25,below,1.0
8548.0,-0.0219999999999984,8558.0,51.82500000000002,below,1.0
8.49,-0.0219999999999984,8502.0,55325.0,below,1.0
8476.0,-0.0199999999999995,8486.0,57.69999999999999,below,1.0
8824.0,-0.0219999999999984,8836.0,54075.0,below,1.0
8.14,-0.0240000000000009,8.15,49.95,below,1.0
9.55,-0.0259999999999998,9556.0,65225.0,below,0.0
9586.0,-0.0120000000000004,9598.0,65.8,below,1.0
8.98,-0.0180000000000006,8994.0,64.17500000000001,below,1.0
10116.0,-0.0139999999999993,10114.0,74.52499999999999,below,1.0
9554.0,-0.0199999999999995,9.57,53.82499999999999,below,1.0
8144.0,-0.0219999999999984,8154.0,53.525000000000006,below,1.0
9336.0,-0.0219999999999984,9354.0,53975.0,below,1.0
9698.0,-0.0199999999999995,9708.0,68.65,below,1.0
8.61,-0.0199999999999995,8626.0,57.0,below,1.0
8476.0,-0.0300000000000011,8488.0,42.77499999999999,below,1.0
9376.0,-0.0180000000000006,9394.0,57425.0,below,1.0
9638.0,-0.0259999999999998,9646.0,68.45000000000002,below,0.0
8682.0,-0.0139999999999993,8.7,60325.0,below,1.0
9018.0,-0.0180000000000006,9034.0,57.80000000000001,below,1.0
9508.0,-0.0240000000000009,9516.0,66725.0,below,0.0
-0.0120000000000004,-0.0219999999999984,9842.0,73025.0,below,1.0
8852.0,-0.0180000000000006,8868.0,56.400000000000006,below,1.0
8446.0,-0.0259999999999998,8462.0,51725.0,below,1.0
9526.0,-0.0219999999999984,9538.0,58.2,below,1.0
9162.0,-0.0199999999999995,9172.0,62.87499999999999,below,1.0
-0.009999999999998,-0.0199999999999995,9738.0,72.24999999999999,below,1.0
10046.0,-0.0240000000000009,10046.0,71875.0,below,0.0
8.54,-0.0159999999999982,8558.0,59.275000000000006,below,1.0
9718.0,-0.0240000000000009,9.73,66.12499999999999,below,1.0
8604.0,-0.0259999999999998,8618.0,45.1,below,1.0
9702.0,-0.0219999999999984,9714.0,61175.0,below,1.0
-0.0060000000000002,2.4960000000000004,7602.0,69725.0,below,1.0
8208.0,-0.0180000000000006,8224.0,56575.0,below,1.0
8.84,-0.0240000000000009,8.85,66.12499999999999,below,0.0
9268.0,-0.0199999999999995,9288.0,55.69999999999999,below,1.0
-0.0120000000000004,-0.0240000000000009,10.02,64.55,below,1.0
9438.0,-0.0219999999999984,9454.0,53.8,below,1.0
8128.0,-0.0240000000000009,8138.0,53.400000000000006,below,1.0
8158.0,-0.0240000000000009,8168.0,51.025000000000006,below,1.0
-0.009999999999998,0.6080000000000005,9552.0,75675.0,below,1.0
9248.0,-0.0199999999999995,9264.0,67.65,below,1.0
8958.0,-0.0199999999999995,8972.0,52.400000000000006,below,1.0
2.3640000000000008,1.216000000000001,9.74,65425.0,below,1.0
8234.0,-0.0219999999999984,8.24,63175.0,below,0.0
9668.0,-0.0240000000000009,9678.0,63.14999999999999,below,1.0
8926.0,-0.0199999999999995,8938.0,56375.0,below,1.0
8.75,-0.0199999999999995,8762.0,58.775000000000006,below,1.0
8602.0,-0.0219999999999984,8.61,57.60000000000001,below,0.0
9182.0,-0.0180000000000006,9.2,57.94999999999999,below,1.0
8412.0,-0.0219999999999984,8424.0,53.8,below,1.0
9398.0,-0.0240000000000009,9408.0,57.69999999999999,below,1.0
8.64,-0.0219999999999984,8652.0,56.60000000000001,below,1.0
-0.0079999999999991,2.225999999999999,8198.0,75.62500000000001,below,1.0
8152.0,-0.0240000000000009,8162.0,57.1,below,1.0
8238.0,-0.0240000000000009,8248.0,49.45,above,0.0
9436.0,-0.0259999999999998,9446.0,59.60000000000001,below,1.0
8.95,-0.0240000000000009,8964.0,61575.0,below,1.0
-0.0159999999999982,0.1159999999999996,8592.0,58.60000000000001,below,1.0
9.17,-0.0219999999999984,9178.0,67.8,below,1.0
8804.0,-0.0219999999999984,8816.0,56.89999999999999,below,1.0
-0.009999999999998,-0.0159999999999982,9204.0,56.0,below,1.0
8362.0,-0.0180000000000006,8376.0,61.000000000000014,below,1.0
9348.0,-0.0219999999999984,9.36,65575.0,below,1.0
8342.0,-0.0219999999999984,8356.0,48125.0,below,1.0
9682.0,-0.0159999999999982,9698.0,61575.0,below,1.0
-0.009999999999998,0.7680000000000007,9422.0,76.35000000000001,below,1.0
-0.0139999999999993,-0.0139999999999993,8506.0,65.14999999999999,below,1.0
9186.0,-0.0279999999999986,9.2,53.1,below,1.0
8.65,-0.0240000000000009,8662.0,53325.0,below,1.0
9402.0,-0.0180000000000006,9418.0,55.67500000000001,below,1.0
9556.0,-0.0219999999999984,9568.0,61375.0,below,1.0
8274.0,-0.0240000000000009,8284.0,55.89999999999999,below,1.0
-0.0060000000000002,2014.0,8854.0,74825.0,below,1.0
-0.0219999999999984,-0.0180000000000006,8176.0,62.27499999999999,below,1.0
9802.0,-0.0219999999999984,9812.0,63.19999999999999,below,1.0
9902.0,-0.0259999999999998,9912.0,58.67500000000001,below,1.0
8268.0,-0.0240000000000009,8274.0,58.2,below,0.0
9508.0,-0.0240000000000009,9522.0,59175.0,below,1.0
9594.0,-0.0180000000000006,9608.0,59.7,below,1.0
-0.0139999999999993,-0.0139999999999993,8506.0,65.14999999999999,below,1.0
8.34,-0.0219999999999984,8354.0,60.94999999999999,below,1.0
9324.0,-0.0219999999999984,9332.0,69025.0,below,0.0
8822.0,-0.0240000000000009,8.83,61375.0,below,0.0
-0.0079999999999991,1.7140000000000004,8.82,75.49999999999999,below,1.0
8926.0,-0.0180000000000006,8944.0,57.1,below,1.0
9298.0,-0.0199999999999995,9312.0,64.9,below,1.0
-0.009999999999998,0.2759999999999998,10078.0,65.95,below,1.0
9514.0,-0.0159999999999982,9528.0,66.05000000000001,below,1.0
8302.0,-0.0219999999999984,8308.0,63175.0,below,0.0
8476.0,-0.0159999999999982,8.49,61.775000000000006,below,1.0
8776.0,-0.0219999999999984,8786.0,55.02499999999999,below,1.0
-0.0139999999999993,-0.0139999999999993,8506.0,65.14999999999999,below,1.0
9964.0,-0.0240000000000009,9966.0,71925.0,below,0.0
-0.0079999999999991,2.071999999999999,8416.0,75.42500000000001,below,1.0
0.1820000000000003,-0.0180000000000006,8072.0,58.94999999999999,below,1.0
-0.0139999999999993,-0.0139999999999993,8506.0,65.14999999999999,below,1.0
9206.0,-0.0199999999999995,9224.0,55.62499999999999,below,1.0
8294.0,-0.0219999999999984,8306.0,55.0,below,1.0
-0.0040000000000013,2212.0,8124.0,76.77499999999999,below,1.0
9.6,-0.0199999999999995,9614.0,62375.0,below,1.0
9408.0,-0.0180000000000006,9422.0,67.35,below,1.0
8396.0,-0.0199999999999995,8408.0,60.27499999999999,below,1.0
9594.0,-0.0240000000000009,9604.0,55.80000000000001,below,1.0
8906.0,-0.0240000000000009,8916.0,64225.0,below,1.0
9874.0,-0.0219999999999984,9878.0,71.55,below,1.0
8332.0,-0.0199999999999995,8346.0,55.60000000000001,below,1.0
8164.0,-0.0199999999999995,8178.0,61.80000000000001,below,1.0
8.8,-0.0219999999999984,8816.0,61625.0,below,1.0
8956.0,-0.0199999999999995,8974.0,56.69999999999999,below,1.0
-0.009999999999998,-0.0139999999999993,10.0,74325.0,below,1.0
9784.0,-0.0240000000000009,9792.0,64575.0,below,1.0
9266.0,-0.0180000000000006,9.28,67.52499999999999,below,1.0
8798.0,-0.0259999999999998,8812.0,58625.0,below,1.0
10022.0,-0.0180000000000006,10024.0,71025.0,below,1.0
8.13,-0.0219999999999984,8142.0,55.82499999999999,below,1.0
8574.0,-0.0199999999999995,8588.0,60.7,below,1.0
9216.0,-0.0199999999999995,9228.0,64875.0,below,1.0
8886.0,-0.0159999999999982,8902.0,67025.0,below,1.0
9882.0,-0.0219999999999984,9.89,70.7,below,1.0
9068.0,-0.0120000000000004,9084.0,68.32499999999999,below,1.0
8988.0,-0.0240000000000009,8998.0,53.8,below,1.0
9762.0,-0.0240000000000009,9772.0,58.1,below,1.0
8352.0,-0.0199999999999995,8366.0,52.525000000000006,below,1.0
9672.0,-0.0199999999999995,9688.0,54925.0,below,1.0
8.24,-0.0259999999999998,8256.0,56975.0,below,1.0
9.59,-0.0199999999999995,9604.0,68.75,below,1.0
9414.0,-0.0219999999999984,9426.0,66.55,below,1.0
9846.0,-0.0219999999999984,9858.0,63.07499999999999,below,1.0
8582.0,-0.0240000000000009,8594.0,56.275000000000006,below,1.0
8294.0,-0.0199999999999995,8312.0,49.7,below,1.0
9686.0,-0.0240000000000009,9698.0,63.39999999999999,below,1.0
8638.0,-0.0219999999999984,8648.0,61.45,below,1.0
9.94,-0.0180000000000006,9948.0,68675.0,below,1.0
9608.0,-0.0219999999999984,9.62,66775.0,below,1.0
8796.0,-0.0199999999999995,8812.0,61.97500000000001,below,1.0
8438.0,-0.0259999999999998,8448.0,58.72500000000001,below,1.0
8.99,-0.0199999999999995,9.0,67.05000000000001,below,0.0
9718.0,-0.0240000000000009,9728.0,65025.0,below,0.0
9824.0,-0.0219999999999984,9838.0,53.275000000000006,below,1.0
8886.0,-0.0240000000000009,8.9,55.82499999999999,below,1.0
8286.0,-0.0120000000000004,8304.0,62225.0,below,1.0
-0.0060000000000002,1926.0,7898.0,76.6,below,1.0
-0.0079999999999991,2.0919999999999987,8186.0,75.4,below,1.0
-0.0040000000000013,0.6939999999999991,8446.0,81875.0,below,1.0
2.5180000000000007,4.0,10142.0,56.1,above,1.0
9432.0,-0.0159999999999982,9446.0,64.19999999999999,below,1.0
9808.0,-0.0219999999999984,9.82,64375.0,below,1.0
8.54,-0.0240000000000009,8.55,52.82500000000002,below,1.0
8306.0,-0.0219999999999984,8318.0,62.45,below,1.0
9.4,-0.0219999999999984,9412.0,58.0,below,1.0
-0.0120000000000004,0.1580000000000012,9.4,72.95,below,0.0
9.42,-0.0139999999999993,9436.0,59.67499999999998,below,1.0
9148.0,-0.0159999999999982,9166.0,57.82499999999999,below,1.0
8124.0,-0.0240000000000009,8134.0,50.95,below,1.0
8452.0,-0.0240000000000009,8464.0,53.0,below,1.0
8.47,-0.0219999999999984,8486.0,60.05,below,1.0
9.69,-0.0219999999999984,9.7,57.25,below,1.0
9.77,-0.0219999999999984,9786.0,59125.0,below,1.0
9162.0,-0.0180000000000006,9.18,57.54999999999998,below,1.0
9012.0,-0.0159999999999982,9032.0,59.775000000000006,below,1.0
9268.0,-0.0219999999999984,9286.0,62825.0,below,1.0
-0.0139999999999993,-0.0219999999999984,9654.0,55175.0,below,1.0
8156.0,-0.0219999999999984,8166.0,57.82499999999999,below,1.0
8538.0,-0.0240000000000009,8.55,55.80000000000001,below,1.0
9488.0,-0.0199999999999995,9502.0,67.25000000000001,below,1.0
8262.0,-0.0219999999999984,8272.0,53.45,below,1.0
8.91,-0.0159999999999982,8.92,66.25000000000001,below,1.0
8.79,-0.0159999999999982,8806.0,68.37500000000001,below,1.0
8824.0,-0.0139999999999993,8.84,68825.0,below,1.0
9.64,-0.0240000000000009,9652.0,63.775000000000006,below,1.0
9736.0,-0.0240000000000009,9744.0,69.35,below,0.0
8956.0,-0.0259999999999998,8964.0,66.65,below,0.0
-0.0079999999999991,1154.0,9.42,75.15,below,1.0
8962.0,-0.0240000000000009,8972.0,62.7,below,1.0
9132.0,-0.0259999999999998,9144.0,58.775000000000006,below,1.0
9476.0,-0.0219999999999984,9486.0,60.55,below,1.0
8274.0,-0.0240000000000009,8284.0,55.89999999999999,below,1.0
8.85,-0.0199999999999995,8864.0,65.55,below,1.0
-0.009999999999998,-0.0219999999999984,9962.0,69.22500000000001,below,1.0
-0.0079999999999991,1.7420000000000009,7.49,69825.0,below,1.0
8296.0,-0.0240000000000009,8308.0,54.3,below,1.0
9604.0,-0.0219999999999984,9616.0,67.15,below,1.0
9192.0,-0.0180000000000006,9206.0,68.65,below,1.0
8658.0,-0.0180000000000006,8674.0,55.275000000000006,below,1.0
9124.0,-0.0159999999999982,9138.0,58.80000000000001,below,1.0
9452.0,-0.0240000000000009,9464.0,61.87499999999999,below,1.0
8694.0,-0.0139999999999993,8706.0,63.14999999999999,below,1.0
8158.0,-0.0180000000000006,8.17,64.6,below,1.0
-0.0060000000000002,1.6039999999999992,8224.0,75.29999999999998,below,1.0
9356.0,-0.0199999999999995,9368.0,60.27499999999999,below,1.0
9.52,-0.0219999999999984,9532.0,63.14999999999999,below,1.0
-0.0139999999999993,-0.0139999999999993,8506.0,65.14999999999999,below,1.0
8.12,-0.0240000000000009,8.13,51725.0,below,1.0
-0.0120000000000004,-0.0240000000000009,9704.0,72.17499999999998,below,0.0
9888.0,-0.0219999999999984,9898.0,68.35,below,1.0
9596.0,-0.0259999999999998,9608.0,66825.0,below,1.0
8496.0,-0.0240000000000009,8.51,60.75,below,1.0
8468.0,-0.0219999999999984,8482.0,61.55,below,1.0
-0.0139999999999993,-0.0139999999999993,8506.0,65.14999999999999,below,1.0
8.92,-0.0240000000000009,8936.0,57.0,below,1.0
-0.0079999999999991,2224.0,8.16,75.57499999999999,below,1.0
8626.0,-0.0199999999999995,8642.0,55.525000000000006,below,1.0
9088.0,-0.0240000000000009,9.1,54.77499999999999,below,1.0
-0.0120000000000004,-0.0219999999999984,9374.0,61675.0,below,1.0
8.56,-0.0199999999999995,8576.0,54725.0,below,1.0
-0.009999999999998,-0.0219999999999984,9378.0,51.85,below,1.0
8808.0,-0.0199999999999995,8818.0,66.14999999999999,below,0.0
9182.0,-0.0199999999999995,9196.0,67.19999999999999,below,1.0
-0.0259999999999998,-0.0240000000000009,8116.0,60.3,below,1.0
8192.0,-0.0199999999999995,8206.0,53.95,below,1.0
8548.0,-0.0240000000000009,8558.0,57.1,below,1.0
8158.0,-0.0180000000000006,8.17,64.6,above,0.0
9448.0,-0.0219999999999984,9464.0,55.47500000000001,below,1.0
9.02,-0.0219999999999984,9032.0,58.0,below,1.0
8598.0,-0.0240000000000009,8612.0,56.0,below,1.0
-0.0139999999999993,-0.0139999999999993,8506.0,65.14999999999999,below,1.0
9164.0,-0.0240000000000009,9178.0,59.000000000000014,below,1.0
8876.0,-0.0159999999999982,8.89,57.775000000000006,below,1.0
9666.0,-0.0199999999999995,9678.0,68.22500000000001,below,1.0
-0.0139999999999993,-0.0139999999999993,8506.0,65.14999999999999,above,0.0
9674.0,-0.0240000000000009,9684.0,61675.0,below,1.0
9592.0,-0.0240000000000009,9.6,67625.0,below,0.0
9324.0,-0.0219999999999984,9336.0,60.2,below,1.0
8528.0,-0.0219999999999984,8542.0,55.3,below,1.0
-0.0079999999999991,0.0739999999999998,9.66,71.9,below,0.0
9444.0,-0.0159999999999982,9456.0,64375.0,below,1.0
9438.0,-0.0240000000000009,9446.0,65625.0,below,0.0
-0.0120000000000004,1.0579999999999998,9848.0,68.25000000000001,below,1.0
8336.0,-0.0219999999999984,8352.0,51.275000000000006,below,1.0
9932.0,-0.0240000000000009,9.93,68.55,below,0.0
-0.009999999999998,0.5700000000000003,8682.0,73.95,below,1.0
8554.0,-0.0199999999999995,8566.0,63.25,below,1.0
8604.0,-0.0240000000000009,8616.0,55.82499999999999,below,1.0
9082.0,-0.0139999999999993,9102.0,57.80000000000001,below,1.0
-0.0139999999999993,-0.0139999999999993,8982.0,55.3,below,1.0
9462.0,-0.0219999999999984,9478.0,60.02499999999999,below,1.0
9634.0,-0.0199999999999995,9.65,58175.0,below,1.0
8.94,-0.0199999999999995,8956.0,62.45,below,1.0
8802.0,-0.0199999999999995,8816.0,56.72500000000001,below,1.0
9256.0,-0.0259999999999998,9268.0,59.89999999999999,below,1.0
9.59,-0.0259999999999998,9602.0,66.75,below,1.0
8952.0,-0.0139999999999993,8972.0,60.07499999999999,below,1.0
-0.009999999999998,-0.0199999999999995,5.571999999999999,52.67500000000001,below,1.0
9392.0,-0.0240000000000009,9404.0,61425.0,below,1.0
9986.0,-0.0219999999999984,9992.0,71.05,below,1.0
9528.0,-0.0240000000000009,9538.0,66875.0,below,1.0
9408.0,-0.0199999999999995,9424.0,56.74999999999999,below,1.0
8.17,-0.0240000000000009,8182.0,51325.0,below,1.0
-0.0079999999999991,2016.0,8852.0,72725.0,below,1.0
8754.0,-0.0219999999999984,8768.0,62.05000000000001,below,1.0
8464.0,-0.0219999999999984,8476.0,61475.0,below,1.0
8314.0,-0.0240000000000009,8326.0,56.80000000000001,below,1.0
9796.0,-0.0219999999999984,9806.0,67.65,below,1.0
9708.0,-0.0240000000000009,9718.0,69.27499999999999,below,1.0
8414.0,-0.0259999999999998,8426.0,51325.0,below,1.0
8268.0,-0.0219999999999984,8.28,54.82499999999999,below,1.0
8.53,-0.0159999999999982,8544.0,63.85000000000001,below,1.0
8.48,-0.0240000000000009,8486.0,62.6,below,0.0
9718.0,-0.0240000000000009,9.73,63.55,below,1.0
9146.0,-0.0219999999999984,9158.0,65.65,below,1.0
9146.0,2.748000000000001,10116.0,68.22500000000001,above,1.0
9766.0,-0.0199999999999995,9778.0,59.1,below,1.0
9284.0,-0.0180000000000006,9298.0,60.000000000000014,below,1.0
8306.0,-0.0159999999999982,8324.0,57.2,below,1.0
8674.0,-0.0180000000000006,8.69,57.2,below,1.0
8598.0,-0.0259999999999998,8606.0,61425.0,below,0.0
-0.0139999999999993,-0.0219999999999984,8956.0,61575.0,below,0.0
-0.0159999999999982,-0.0219999999999984,8.96,51.77499999999999,below,1.0
8288.0,-0.0159999999999982,8306.0,56.1,below,1.0
9052.0,-0.0219999999999984,9066.0,59.7,below,1.0
8448.0,-0.0240000000000009,8.46,56.72500000000001,below,1.0
-0.0159999999999982,-0.0199999999999995,9112.0,54.42499999999998,below,1.0
8374.0,-0.0199999999999995,8.39,61.87499999999999,below,1.0
9478.0,-0.0219999999999984,9492.0,67.05000000000001,below,1.0
9488.0,-0.0219999999999984,9.5,65.92499999999998,below,1.0
10062.0,-0.0199999999999995,10062.0,72.75,below,1.0
9342.0,-0.0180000000000006,9356.0,68.15,below,1.0
8628.0,-0.0219999999999984,8.64,59.7,below,1.0
-0.0120000000000004,-0.0219999999999984,9456.0,57.3,below,1.0
9674.0,-0.0240000000000009,9.69,67775.0,below,1.0
8598.0,-0.0199999999999995,8612.0,62.75,below,1.0
8726.0,-0.0159999999999982,8744.0,55.62499999999999,below,1.0
10016.0,-0.0240000000000009,10016.0,67.65,below,1.0
8704.0,-0.0219999999999984,8716.0,59.89999999999999,below,1.0
-0.0079999999999991,2138.0,8018.0,73975.0,below,1.0
9.27,-0.0259999999999998,9272.0,70.85,below,0.0
8.97,-0.0219999999999984,8986.0,64.75,below,1.0
9078.0,-0.0199999999999995,9.09,63.85000000000001,below,1.0
8572.0,-0.0240000000000009,8584.0,58975.0,below,1.0
9222.0,-0.0180000000000006,9234.0,67.45000000000002,below,1.0
8956.0,-0.0199999999999995,8.97,67.32499999999999,below,1.0
8124.0,-0.0240000000000009,8134.0,56925.0,below,1.0
9822.0,-0.0240000000000009,9834.0,72.42500000000001,below,1.0
9.81,-0.0180000000000006,9828.0,61.60000000000001,below,1.0
8586.0,-0.0199999999999995,8602.0,54.400000000000006,below,1.0
9056.0,-0.0180000000000006,9072.0,66.14999999999999,below,1.0
8364.0,-0.0240000000000009,8376.0,56.69999999999999,below,1.0
8274.0,-0.0240000000000009,8284.0,55.89999999999999,below,1.0
9812.0,-0.0199999999999995,9824.0,72.17499999999998,below,1.0
9324.0,-0.0240000000000009,9332.0,65475.0,below,0.0
9742.0,-0.0240000000000009,9752.0,63.650000000000006,below,1.0
-0.0060000000000002,2.0120000000000005,8846.0,75325.0,below,1.0
9.86,-0.0219999999999984,9.87,69.64999999999999,below,1.0
9282.0,-0.0259999999999998,9294.0,60.05,below,1.0
-0.0040000000000013,1.9320000000000004,7.91,76.49999999999999,below,1.0
8.43,-0.0199999999999995,8442.0,62.27499999999999,below,0.0
8312.0,-0.0180000000000006,8328.0,55.3,below,1.0
8908.0,-0.0180000000000006,8924.0,56.72500000000001,below,1.0
10046.0,-0.0180000000000006,10052.0,72.22500000000001,below,1.0
9268.0,-0.0219999999999984,9282.0,65.27499999999999,below,1.0
8.18,-0.0219999999999984,8194.0,53.1,below,1.0
8624.0,-0.0219999999999984,8638.0,62.45,below,1.0
8848.0,-0.0240000000000009,8862.0,59.94999999999999,below,1.0
8274.0,-0.0240000000000009,8284.0,55.89999999999999,below,1.0
-0.0159999999999982,-0.0240000000000009,8872.0,57.650000000000006,below,1.0
8.42,-0.0199999999999995,8434.0,54.89999999999999,below,1.0
8292.0,-0.0240000000000009,8308.0,50.025000000000006,below,1.0
8592.0,-0.0180000000000006,8.61,52.525000000000006,below,1.0
9588.0,-0.0219999999999984,9602.0,67.07499999999999,below,1.0
9106.0,-0.0279999999999986,9118.0,53.8,below,1.0
8516.0,-0.0219999999999984,8528.0,63325.0,below,1.0
-0.009999999999998,-0.0199999999999995,9338.0,66.95,below,0.0
8834.0,-0.0219999999999984,8846.0,59575.0,below,1.0
8196.0,-0.0279999999999986,8206.0,45.95,below,1.0
8418.0,-0.0240000000000009,8432.0,53875.0,below,1.0
-0.0040000000000013,0.6980000000000004,9544.0,77.69999999999999,below,1.0
8132.0,-0.0180000000000006,8148.0,55325.0,below,1.0
-0.0079999999999991,-0.0159999999999982,9938.0,73.70000000000002,below,1.0
9282.0,-0.0180000000000006,9.3,57.1,below,1.0
8302.0,-0.0199999999999995,8316.0,56.0,below,1.0
8.56,-0.0199999999999995,8574.0,57375.0,below,1.0
9042.0,-0.0199999999999995,9058.0,55.60000000000001,below,1.0
8.33,-0.0180000000000006,8342.0,56.69999999999999,below,1.0
9464.0,-0.0219999999999984,9478.0,66.75,below,1.0
9208.0,-0.0199999999999995,9222.0,67775.0,below,1.0
8.65,-0.0139999999999993,8668.0,59.60000000000001,below,1.0
8.82,-0.0180000000000006,8834.0,56.5,below,1.0
9.59,-0.0180000000000006,9608.0,57.80000000000001,below,1.0
-0.0279999999999986,-0.0219999999999984,8106.0,54.42499999999998,below,1.0
9.61,-0.0259999999999998,9624.0,60.27499999999999,below,1.0
8642.0,-0.0199999999999995,8654.0,60.775000000000006,below,1.0
8786.0,-0.0219999999999984,8798.0,56.3,below,1.0
8238.0,-0.0240000000000009,8248.0,49.45,below,1.0
8562.0,-0.0219999999999984,8576.0,59.07500000000002,below,1.0
8784.0,-0.0120000000000004,8806.0,59.45,below,1.0
8758.0,-0.0240000000000009,8.77,54.82499999999999,below,1.0
9344.0,-0.0199999999999995,9354.0,67775.0,below,1.0
9144.0,-0.0199999999999995,9.16,56.45,below,1.0
9.6,-0.0219999999999984,9612.0,65575.0,below,1.0
8452.0,-0.0180000000000006,8468.0,57.69999999999999,below,1.0
9898.0,-0.0219999999999984,9904.0,65.25000000000001,below,1.0
-0.0040000000000013,0.652000000000001,8422.0,81.65,below,1.0
-0.0139999999999993,0.1780000000000008,9804.0,72.24999999999999,below,1.0
-0.0199999999999995,-0.0240000000000009,8932.0,51.25,below,1.0
8778.0,-0.0219999999999984,8788.0,55.400000000000006,below,1.0
8482.0,-0.0219999999999984,8494.0,58.05,below,1.0
9178.0,-0.0219999999999984,9192.0,58.1,below,1.0
-0.0060000000000002,1.86,8842.0,75.0,below,1.0
8084.0,-0.0180000000000006,8.1,55.55000000000001,below,1.0
-0.0139999999999993,-0.0219999999999984,9.16,60975.0,below,1.0
8942.0,-0.0139999999999993,8954.0,64.55,below,1.0
8208.0,-0.0219999999999984,8218.0,58425.0,below,1.0
8156.0,-0.0240000000000009,8164.0,64.05000000000001,below,0.0
8518.0,-0.0240000000000009,8.53,59475.0,below,1.0
-0.0120000000000004,-0.0219999999999984,7102.0,48825.0,below,1.0
10018.0,-0.0240000000000009,10022.0,66.25000000000001,below,1.0
9378.0,-0.0219999999999984,9392.0,63.45,below,1.0
8772.0,-0.0219999999999984,8784.0,56225.0,below,1.0
9.09,-0.0240000000000009,9094.0,50.37499999999999,below,0.0
9.83,-0.0199999999999995,9846.0,61.900000000000006,below,1.0
-0.0139999999999993,-0.0139999999999993,8506.0,65.14999999999999,below,1.0
9746.0,-0.0199999999999995,9762.0,55.62499999999999,below,1.0
9504.0,-0.0219999999999984,9516.0,61.45,below,1.0
9082.0,-0.0259999999999998,9092.0,55075.0,below,1.0
9.67,-0.0219999999999984,9.68,68725.0,below,1.0
8616.0,-0.0219999999999984,8628.0,57075.0,below,1.0
8.61,-0.0199999999999995,8622.0,64575.0,below,1.0
8598.0,-0.0240000000000009,8.61,55.525000000000006,below,1.0
-0.009999999999998,0.0,10082.0,60.000000000000014,below,1.0
9148.0,-0.0219999999999984,9164.0,55.89999999999999,below,1.0
9422.0,-0.0199999999999995,9.44,54.77499999999999,below,1.0
9.83,-0.0219999999999984,9.84,63.775000000000006,below,1.0
8742.0,-0.0259999999999998,8756.0,58.5,below,1.0
8762.0,-0.0259999999999998,8774.0,56325.0,below,1.0
8412.0,-0.0219999999999984,8424.0,53.77499999999999,below,1.0
-0.0040000000000013,2.0279999999999987,8868.0,76025.0,below,1.0
9678.0,-0.0180000000000006,9.69,70.44999999999999,below,1.0
8446.0,-0.0240000000000009,8456.0,55.650000000000006,below,1.0
9172.0,-0.0219999999999984,9184.0,67025.0,below,1.0
8866.0,-0.0259999999999998,8872.0,45.3,below,0.0
9116.0,-0.0219999999999984,9128.0,59475.0,below,1.0
9478.0,-0.0199999999999995,9494.0,45.22500000000001,below,1.0
9588.0,-0.0219999999999984,9.6,69.15,below,1.0
9702.0,-0.0199999999999995,9712.0,69625.0,below,1.0
-0.0120000000000004,-0.0139999999999993,9126.0,57425.0,below,1.0
8826.0,-0.0240000000000009,8838.0,57.0,below,1.0
9138.0,-0.0199999999999995,9156.0,58.775000000000006,below,1.0
-0.0180000000000006,-0.0240000000000009,8.6,60.85000000000001,below,1.0
9172.0,-0.0219999999999984,9186.0,66725.0,below,1.0
9168.0,-0.0240000000000009,9182.0,57.400000000000006,below,1.0
8546.0,-0.0219999999999984,8562.0,50325.0,below,1.0
8396.0,-0.0259999999999998,8406.0,50.55000000000001,below,1.0
9276.0,-0.0180000000000006,9292.0,56.02499999999999,below,1.0
9568.0,-0.0180000000000006,9582.0,68.45000000000002,below,1.0
-0.009999999999998,1.8320000000000007,8944.0,73.35000000000001,below,1.0
-0.0259999999999998,-0.0219999999999984,8176.0,53.35000000000001,below,1.0
9462.0,-0.0219999999999984,9476.0,61.900000000000006,below,1.0
8194.0,-0.0240000000000009,8204.0,53.3,below,1.0
8.72,-0.0199999999999995,8.74,52325.0,below,1.0
8.23,-0.0159999999999982,8248.0,57.650000000000006,below,1.0
9322.0,-0.0219999999999984,9334.0,67.35,below,1.0
8784.0,-0.0219999999999984,8802.0,51725.0,below,1.0
8698.0,-0.0259999999999998,8.71,53.8,below,1.0
9946.0,-0.0259999999999998,9954.0,72.50000000000001,below,0.0
10.17,-0.0240000000000009,10162.0,60.87499999999999,below,1.0
9182.0,-0.0219999999999984,9196.0,55.82499999999999,below,1.0
8898.0,-0.0139999999999993,8916.0,57.74999999999999,below,1.0
8746.0,-0.0219999999999984,8758.0,65.97500000000001,below,1.0
8534.0,-0.009999999999998,8556.0,60.1,below,1.0
9608.0,-0.0180000000000006,9622.0,69925.0,below,1.0
8994.0,-0.0219999999999984,9012.0,53375.0,below,1.0
9426.0,-0.0199999999999995,9436.0,66.85000000000001,below,1.0
-0.0060000000000002,2.437999999999999,7.51,68.95,below,1.0
-0.0139999999999993,-0.0219999999999984,9194.0,65.07499999999999,below,1.0
9796.0,-0.0240000000000009,9.81,68.55,below,1.0
9896.0,-0.0240000000000009,9908.0,63.19999999999999,below,1.0
9.49,-0.0240000000000009,9504.0,60.3,below,1.0
8634.0,-0.0219999999999984,8646.0,55.47500000000001,below,1.0
9378.0,-0.0259999999999998,9386.0,62.27499999999999,below,0.0
-0.0139999999999993,-0.0199999999999995,9338.0,66475.0,below,1.0
9964.0,-0.0199999999999995,9976.0,72075.0,below,1.0
8.49,-0.0240000000000009,8502.0,55325.0,below,1.0
8288.0,-0.0219999999999984,8304.0,58.5,below,1.0
8886.0,-0.0240000000000009,8894.0,59.45,below,0.0
10098.0,-0.0199999999999995,10098.0,69.64999999999999,below,1.0
9396.0,-0.0240000000000009,9406.0,64.97500000000001,below,1.0
9446.0,-0.0199999999999995,9458.0,67.05000000000001,below,1.0
9292.0,-0.0219999999999984,9306.0,60.87499999999999,below,1.0
8522.0,-0.0219999999999984,8534.0,54.42499999999998,below,1.0
8.35,-0.0240000000000009,8.36,56.80000000000001,below,1.0
9134.0,-0.0219999999999984,9146.0,64.17500000000001,below,1.0
8548.0,-0.0159999999999982,8566.0,58.275000000000006,below,1.0
8612.0,-0.0240000000000009,8622.0,56.02499999999999,below,1.0
9454.0,-0.0199999999999995,9472.0,56.60000000000001,below,1.0
-0.0120000000000004,-0.0240000000000009,9.97,63425.0,below,1.0
8488.0,-0.0240000000000009,8.5,55225.0,below,1.0
-0.0180000000000006,-0.0159999999999982,8338.0,57575.0,below,1.0
9672.0,-0.0199999999999995,9688.0,63.07499999999999,below,1.0
8966.0,-0.0180000000000006,8.98,66625.0,below,1.0
9.2,-0.0219999999999984,9212.0,54.525000000000006,below,1.0
8238.0,-0.0240000000000009,8248.0,49.45,below,1.0
9438.0,-0.0219999999999984,9.45,66.17500000000001,below,1.0
9156.0,-0.0259999999999998,9.17,57.875000000000014,below,1.0
9528.0,-0.0219999999999984,9538.0,62.900000000000006,below,1.0
8.61,-0.0219999999999984,8624.0,57075.0,below,1.0
8694.0,-0.0259999999999998,8706.0,57.400000000000006,below,1.0
-0.0079999999999991,1.2899999999999991,8.19,75075.0,below,1.0
8566.0,-0.0199999999999995,8.58,55.69999999999999,below,1.0
8242.0,-0.0219999999999984,8254.0,53.62499999999999,below,1.0
9.04,-0.0240000000000009,9054.0,62.79999999999998,below,1.0
-0.0060000000000002,0.7040000000000006,8488.0,81.15,below,1.0
9258.0,-0.0240000000000009,9.27,57.775000000000006,below,1.0
9884.0,-0.0219999999999984,9888.0,70.64999999999999,below,0.0
-0.0040000000000013,1.4420000000000002,7.890000000000001,74.42500000000001,below,1.0
9656.0,-0.0219999999999984,9666.0,64775.0,below,1.0
9456.0,-0.0180000000000006,9.47,66.92499999999998,below,1.0
9348.0,-0.0219999999999984,9364.0,53975.0,below,1.0
8158.0,-0.0180000000000006,8.17,64.6,below,1.0
8906.0,-0.0240000000000009,8916.0,54.57499999999999,below,1.0
9296.0,-0.0180000000000006,9308.0,67.15,below,1.0
9102.0,-0.0219999999999984,9114.0,58.25,below,1.0
8968.0,-0.0199999999999995,8986.0,55.525000000000006,below,1.0
9252.0,-0.0240000000000009,9266.0,61.60000000000001,below,1.0
9398.0,-0.0240000000000009,9412.0,62.25,below,1.0
10106.0,-0.0219999999999984,10.1,67.05000000000001,below,1.0
8226.0,-0.0219999999999984,8236.0,54225.0,below,1.0
9318.0,-0.0199999999999995,9334.0,67.8,below,1.0
8.93,-0.0159999999999982,8946.0,61.35,below,1.0
9356.0,-0.0159999999999982,9376.0,58.02499999999999,below,1.0
9918.0,-0.0180000000000006,9.93,65.10000000000001,below,1.0
-0.0079999999999991,1.6080000000000003,8762.0,73.55000000000001,below,1.0
8634.0,-0.0159999999999982,8654.0,59175.0,below,1.0
-0.0139999999999993,-0.0139999999999993,8506.0,65.14999999999999,below,1.0
9322.0,-0.0159999999999982,9336.0,61.05000000000001,below,1.0
9274.0,-0.0219999999999984,9288.0,58.1,below,1.0
-0.0079999999999991,2006.0,8812.0,74.25,below,1.0
8892.0,-0.0240000000000009,8904.0,57.1,below,1.0
9022.0,-0.0180000000000006,9.04,57.94999999999999,below,1.0
8198.0,-0.0219999999999984,8206.0,56.60000000000001,below,1.0
9104.0,-0.0240000000000009,9112.0,69.22500000000001,below,0.0
8786.0,-0.0259999999999998,8798.0,49125.0,below,1.0
-0.0279999999999986,-0.0180000000000006,8036.0,61.87499999999999,below,1.0
9852.0,-0.0259999999999998,9.86,62.900000000000006,below,1.0
9718.0,-0.0240000000000009,9728.0,65025.0,below,0.0
8524.0,-0.0219999999999984,8534.0,53375.0,below,1.0
-0.0079999999999991,1.184000000000001,9466.0,72.75,below,1.0
9812.0,-0.0259999999999998,9818.0,70.30000000000001,below,0.0
9596.0,-0.0199999999999995,9608.0,68025.0,below,1.0
9724.0,-0.0259999999999998,9732.0,69675.0,below,1.0
8116.0,-0.0240000000000009,8126.0,54925.0,below,1.0
9098.0,-0.0219999999999984,9112.0,58.45,below,1.0
9.57,-0.0159999999999982,9584.0,59375.0,below,1.0
9082.0,-0.0199999999999995,9096.0,64.19999999999999,below,1.0
-0.009999999999998,-0.0139999999999993,10.07,59575.0,below,1.0
-0.0060000000000002,1952.0,7.981999999999999,75125.0,below,1.0
8534.0,-0.0199999999999995,8548.0,62.775000000000006,below,1.0
-0.009999999999998,1.3260000000000003,7914.0,74.30000000000001,below,1.0
8376.0,-0.0199999999999995,8388.0,55425.0,below,1.0
9768.0,-0.0219999999999984,9.78,68.22500000000001,below,1.0
9478.0,-0.0180000000000006,9494.0,68.6,below,1.0
10138.0,-0.0219999999999984,10132.0,59.85000000000001,below,1.0
9.88,-0.0240000000000009,9888.0,69.10000000000001,below,1.0
9658.0,-0.0180000000000006,9.67,68075.0,below,1.0
-0.0240000000000009,-0.0240000000000009,8434.0,51.82500000000002,below,1.0
8516.0,-0.0240000000000009,8528.0,53.8,below,1.0
-0.0120000000000004,0.7240000000000002,8694.0,73975.0,below,1.0
9406.0,-0.0219999999999984,9418.0,54.55000000000001,below,1.0
-0.0120000000000004,-0.0219999999999984,10096.0,70.24999999999999,below,1.0
9292.0,-0.0240000000000009,9304.0,64.85000000000001,below,1.0
9598.0,-0.0159999999999982,9612.0,72.75,below,1.0
8.25,-0.0159999999999982,8266.0,56.94999999999999,below,1.0
10084.0,-0.0180000000000006,10.08,70.44999999999999,below,1.0
-0.0079999999999991,2.065999999999999,8372.0,76175.0,below,1.0
9478.0,-0.0199999999999995,9492.0,67.97500000000001,below,1.0
8696.0,-0.0219999999999984,8714.0,57.1,below,1.0
-0.009999999999998,-0.0199999999999995,9762.0,73.35000000000001,below,1.0
-0.0279999999999986,-0.0219999999999984,7958.0,59.87499999999999,below,1.0
9184.0,-0.0219999999999984,9198.0,63.35,below,1.0
8436.0,-0.0240000000000009,8448.0,59.67499999999998,below,1.0
8638.0,-0.0180000000000006,8652.0,59.94999999999999,below,1.0
-0.0040000000000013,1.9499999999999995,7.933999999999999,75.89999999999999,below,1.0
8588.0,-0.0199999999999995,8602.0,61.07499999999999,below,1.0
-0.0120000000000004,0.1559999999999988,9912.0,61.775000000000006,below,1.0
8.49,-0.0180000000000006,8508.0,55.89999999999999,below,1.0
8642.0,-0.0240000000000009,8652.0,58.14999999999999,below,1.0
9.5,-0.0259999999999998,9512.0,64425.0,below,1.0
-0.0079999999999991,1.8219999999999992,7648.0,73.32499999999999,below,1.0
8198.0,-0.0199999999999995,8214.0,61.775000000000006,below,1.0
-0.009999999999998,-0.0180000000000006,9722.0,54325.0,below,1.0
8284.0,-0.0199999999999995,8298.0,57.45,below,1.0
8332.0,-0.0240000000000009,8344.0,53.42499999999998,below,1.0
-0.0120000000000004,-0.0219999999999984,10088.0,70625.0,below,1.0
9078.0,-0.0219999999999984,9.09,59.7,below,1.0
9904.0,-0.0219999999999984,9916.0,55.02499999999999,below,1.0
8906.0,-0.0139999999999993,8.92,65.05000000000001,below,1.0
9614.0,-0.0219999999999984,9628.0,62.775000000000006,below,1.0
8158.0,-0.0180000000000006,8.17,64.6,below,1.0
9774.0,-0.0240000000000009,9784.0,66.85000000000001,below,1.0
8172.0,-0.0219999999999984,8184.0,51975.0,below,1.0
8534.0,-0.0139999999999993,8.55,59475.0,below,1.0
8836.0,-0.0259999999999998,8846.0,65.85000000000001,below,0.0
8.73,-0.0219999999999984,8744.0,55.69999999999999,below,1.0
8376.0,-0.0219999999999984,8388.0,55.275000000000006,below,1.0
8812.0,-0.0219999999999984,8826.0,57.02499999999999,below,1.0
9636.0,-0.0159999999999982,9654.0,62.1,below,1.0
-0.0120000000000004,0.7720000000000002,8416.0,74.15,below,1.0
9.6,-0.0259999999999998,9612.0,58.60000000000001,below,1.0
-0.0120000000000004,0.6859999999999999,8664.0,74.2,below,1.0
9572.0,-0.0159999999999982,9586.0,57.67500000000001,below,1.0
8296.0,-0.0240000000000009,8306.0,53.2,below,1.0
10104.0,-0.0199999999999995,10102.0,66.52499999999999,below,0.0
8.4,-0.0240000000000009,8.41,57225.0,below,1.0
-0.0139999999999993,-0.0139999999999993,8506.0,65.14999999999999,below,1.0
8404.0,-0.0199999999999995,8.42,56.3,below,1.0
9266.0,-0.0159999999999982,9284.0,58.2,below,1.0
8344.0,-0.0240000000000009,8354.0,58.0,below,1.0
9916.0,-0.0219999999999984,9924.0,57.0,below,1.0
8594.0,-0.0199999999999995,8604.0,60175.0,below,1.0
9632.0,-0.0219999999999984,9644.0,64.92500000000001,below,1.0
8668.0,-0.0180000000000006,8684.0,65475.0,below,1.0
8328.0,-0.0219999999999984,8342.0,61.60000000000001,below,1.0
8874.0,-0.0240000000000009,8886.0,55.1,below,1.0
8432.0,-0.0219999999999984,8442.0,51325.0,below,1.0
8946.0,-0.0240000000000009,8958.0,60.35,below,1.0
8608.0,-0.0159999999999982,8626.0,57325.0,below,1.0
8584.0,-0.0240000000000009,8596.0,57.1,below,1.0
8.46,-0.0219999999999984,8.47,65.45,below,0.0
9184.0,-0.0219999999999984,9202.0,55.85,below,1.0
8956.0,-0.0240000000000009,8.97,53.77499999999999,below,1.0
9226.0,-0.0199999999999995,9242.0,57.3,below,1.0
8706.0,-0.0219999999999984,8.72,61.85000000000001,below,1.0
-0.0139999999999993,-0.0219999999999984,9472.0,56.67500000000001,below,1.0
9.29,-0.0219999999999984,9302.0,57.72500000000001,below,1.0
-0.009999999999998,-0.0159999999999982,9188.0,64.07499999999999,below,1.0
-0.0060000000000002,1.6340000000000003,7.91,76.8,below,1.0
9108.0,-0.0219999999999984,9124.0,53.2,below,1.0
-0.0159999999999982,-0.0120000000000004,8792.0,53.89999999999999,below,1.0
-0.0139999999999993,-0.0139999999999993,8506.0,65.14999999999999,below,1.0
9538.0,-0.0219999999999984,9.55,65.39999999999999,below,1.0
8998.0,-0.0240000000000009,9012.0,52975.0,below,1.0
9232.0,-0.0159999999999982,9.25,58.07500000000002,below,1.0
8608.0,-0.0219999999999984,8.62,61.97500000000001,below,1.0
8426.0,-0.0199999999999995,8438.0,59.1,below,1.0
0.0,-0.0219999999999984,8094.0,53.62499999999999,below,1.0
9192.0,-0.0219999999999984,9204.0,63.97500000000001,below,1.0
8302.0,-0.0199999999999995,8312.0,57.69999999999999,below,1.0
-0.0199999999999995,-0.0240000000000009,8574.0,57.3,below,0.0
8806.0,-0.0219999999999984,8816.0,57425.0,below,1.0
8606.0,-0.0199999999999995,8618.0,59.02499999999999,below,1.0
8172.0,-0.0180000000000006,8188.0,62425.0,below,1.0
9.23,-0.0180000000000006,9248.0,59.2,below,1.0
8726.0,-0.0139999999999993,8742.0,57.82499999999999,below,1.0
8964.0,-0.0219999999999984,8976.0,61.97500000000001,below,1.0
9622.0,-0.0240000000000009,9634.0,61.60000000000001,below,1.0
9.32,-0.0199999999999995,9332.0,62175.0,below,1.0
9954.0,-0.0199999999999995,9.96,70.5,below,1.0
8392.0,-0.0240000000000009,8406.0,50.2,below,1.0
9.4,-0.0199999999999995,9416.0,56.35,below,1.0
8.23,-0.0159999999999982,8248.0,58.94999999999999,below,1.0
9472.0,-0.0180000000000006,9484.0,61.87499999999999,below,1.0
9.72,-0.0199999999999995,9736.0,62.900000000000006,below,1.0
8238.0,-0.0240000000000009,8248.0,49.45,above,0.0
9774.0,-0.0180000000000006,9.79,61475.0,below,1.0
9784.0,-0.0219999999999984,9792.0,70.35,below,1.0
9276.0,-0.0199999999999995,9.29,58625.0,below,1.0
9848.0,-0.0180000000000006,9858.0,72.42500000000001,below,1.0
-0.009999999999998,2.062000000000001,7808.0,75.49999999999999,below,1.0
-0.0079999999999991,1.768000000000001,9.33,73.55000000000001,below,1.0
9088.0,-0.0159999999999982,9102.0,61.1,below,1.0
8778.0,-0.0219999999999984,8788.0,53.2,below,1.0
8426.0,-0.0219999999999984,8438.0,58.3,below,1.0
9422.0,-0.0180000000000006,9436.0,68.55,below,1.0
8594.0,-0.0219999999999984,8608.0,57.67500000000001,below,1.0
-0.0019999999999988,2.065999999999999,8142.0,75.75,below,1.0
-0.009999999999998,-0.0180000000000006,10.19,70.85,below,1.0
-0.0060000000000002,2.0599999999999987,7.85,75.25,below,1.0
8.53,-0.0199999999999995,8544.0,64.14999999999999,below,1.0
8258.0,-0.0180000000000006,8.27,60375.0,below,1.0
8098.0,-0.0219999999999984,8.11,56125.0,below,1.0
9838.0,-0.0199999999999995,9.85,52.625000000000014,below,1.0
8326.0,-0.0219999999999984,8336.0,54.0,below,1.0
-0.0240000000000009,-0.0219999999999984,8.13,57.74999999999999,below,1.0
9.74,-0.0180000000000006,9758.0,58.0,below,1.0
8.3,-0.0180000000000006,8316.0,65.07499999999999,below,1.0
9338.0,-0.0180000000000006,9.36,60.1,below,1.0
8.34,-0.0240000000000009,8.35,51.625000000000014,below,1.0
9738.0,-0.0219999999999984,9.75,68.15,below,1.0
-0.0139999999999993,-0.0139999999999993,8506.0,65.14999999999999,below,1.0
9768.0,-0.0120000000000004,9786.0,61575.0,below,1.0
9742.0,-0.0259999999999998,9754.0,68.15,below,1.0
8726.0,-0.0219999999999984,8736.0,55975.0,below,1.0
8534.0,-0.0240000000000009,8544.0,67.5,below,1.0
9048.0,-0.0240000000000009,9062.0,60325.0,below,1.0
8758.0,-0.0240000000000009,8768.0,56.150000000000006,below,1.0
8512.0,-0.0259999999999998,8518.0,60.07499999999999,below,0.0
10032.0,-0.0219999999999984,10042.0,70.15,below,1.0
9.14,-0.0240000000000009,9152.0,60475.0,below,1.0
9018.0,-0.0240000000000009,9026.0,68.95,below,0.0
8486.0,-0.0240000000000009,8494.0,59.35,below,0.0
-0.0120000000000004,-0.0240000000000009,9908.0,56.67500000000001,below,1.0
-0.009999999999998,-0.0199999999999995,10144.0,71.50000000000001,below,1.0
8338.0,-0.0219999999999984,8.35,63575.0,below,1.0
9.18,-0.0219999999999984,9.19,66.45,below,1.0
8156.0,-0.0259999999999998,8166.0,55375.0,below,1.0
9502.0,-0.0199999999999995,9512.0,61.35,below,1.0
8.75,-0.0139999999999993,8768.0,59.60000000000001,below,1.0
9.07,-0.0259999999999998,9078.0,60.05,below,0.0
8376.0,-0.0219999999999984,8388.0,60.02499999999999,below,1.0
8.46,-0.0199999999999995,8476.0,64.65,below,1.0
8192.0,-0.0219999999999984,8204.0,62225.0,below,1.0
-0.009999999999998,0.7259999999999991,8656.0,74.64999999999999,below,1.0
-0.0079999999999991,0.588000000000001,8.6,78.19999999999999,below,1.0
8566.0,-0.0159999999999982,8584.0,60225.0,below,1.0
9.46,-0.0199999999999995,9476.0,46.42500000000001,below,1.0
8.14,-0.0219999999999984,8152.0,57.775000000000006,below,1.0
9.62,-0.0219999999999984,9632.0,65.97500000000001,below,1.0
9142.0,-0.0219999999999984,9154.0,60.67499999999998,below,1.0
-0.0139999999999993,-0.0139999999999993,8506.0,65.14999999999999,above,0.0
8374.0,-0.0219999999999984,8386.0,55.5,below,1.0
9.44,-0.0159999999999982,9456.0,57.0,below,1.0
8118.0,-0.0219999999999984,8128.0,55425.0,below,1.0
8468.0,-0.0219999999999984,8.48,54.02499999999999,below,1.0
9488.0,-0.0199999999999995,9502.0,67825.0,below,1.0
10188.0,-0.0240000000000009,10184.0,62475.0,below,1.0
8288.0,-0.0199999999999995,8.3,55.02499999999999,below,1.0
8088.0,-0.0180000000000006,8098.0,52725.0,below,1.0
9198.0,-0.0240000000000009,9.21,56.5,below,1.0
8394.0,-0.0219999999999984,8408.0,53.42499999999998,below,1.0
-0.009999999999998,2.242000000000001,8206.0,75.22500000000001,below,1.0
8988.0,-0.0219999999999984,9002.0,54.62499999999999,below,1.0
-0.0079999999999991,2.126000000000001,8014.0,73.9,below,1.0
9.46,-0.0219999999999984,9.47,67775.0,below,1.0
9026.0,-0.0180000000000006,9044.0,57575.0,below,1.0
9186.0,-0.0240000000000009,9.2,65.14999999999999,below,1.0
9094.0,-0.0300000000000011,9104.0,40075.0,below,1.0
9624.0,-0.0219999999999984,9.63,66.95,below,0.0
9372.0,-0.0159999999999982,9386.0,68725.0,below,1.0
9348.0,-0.0259999999999998,9.36,59.3,below,1.0
10204.0,-0.0240000000000009,10192.0,72.44999999999999,below,0.0
-0.0040000000000013,1.8000000000000007,7.843999999999999,75275.0,below,1.0
9694.0,-0.0199999999999995,9708.0,69.64999999999999,below,1.0
8.32,-0.0219999999999984,8334.0,58375.0,below,1.0
9336.0,-0.0240000000000009,9348.0,65.8,below,1.0
8306.0,-0.0199999999999995,8.32,51.22500000000001,below,1.0
10194.0,-0.0139999999999993,10194.0,67475.0,below,1.0
8.86,-0.0159999999999982,8878.0,58.3,below,1.0
8742.0,-0.0180000000000006,8758.0,56.0,below,1.0
10004.0,-0.0259999999999998,10006.0,71875.0,below,1.0
8.14,-0.0219999999999984,8148.0,56225.0,below,1.0
9296.0,-0.0159999999999982,9318.0,59.80000000000001,below,1.0
10216.0,-0.0219999999999984,10208.0,72.39999999999999,below,0.0
-0.009999999999998,2026.0,8884.0,74.22500000000001,below,1.0
8554.0,-0.0219999999999984,8568.0,56.400000000000006,below,1.0
9844.0,-0.0240000000000009,9852.0,69.75,below,1.0
9278.0,-0.0199999999999995,9.29,66.39999999999999,below,1.0
9052.0,-0.0240000000000009,9064.0,55225.0,below,1.0
9938.0,-0.0240000000000009,9946.0,63575.0,below,1.0
8576.0,-0.0199999999999995,8.59,56925.0,below,1.0
8704.0,-0.0219999999999984,8716.0,57625.0,below,1.0
9048.0,-0.0240000000000009,9.06,57425.0,below,1.0
9.32,-0.0219999999999984,9332.0,66.9,below,1.0
8448.0,-0.0199999999999995,8.46,64.45,below,1.0
9.97,-0.0240000000000009,9978.0,63375.0,below,1.0
10106.0,-0.0159999999999982,10106.0,55.69999999999999,below,1.0
10156.0,-0.0259999999999998,10.15,69.95,below,0.0
-0.0180000000000006,-0.0199999999999995,8422.0,63.650000000000006,below,1.0
8.41,-0.0219999999999984,8422.0,53875.0,below,1.0
9.43,-0.0240000000000009,9442.0,63.19999999999999,below,1.0
8602.0,-0.0219999999999984,8618.0,53.82499999999999,below,1.0
-0.0120000000000004,-0.0219999999999984,9556.0,68.5,below,1.0
8248.0,-0.0199999999999995,8266.0,55.35000000000001,below,1.0
8158.0,-0.0180000000000006,8.17,64.6,above,0.0
9108.0,-0.0219999999999984,9124.0,52.1,below,1.0
-0.0060000000000002,2.0180000000000007,7.710000000000001,74.22500000000001,below,1.0
8.18,-0.0240000000000009,8188.0,57.400000000000006,below,1.0
8.17,-0.0219999999999984,8182.0,54.42499999999998,below,1.0
8334.0,-0.0159999999999982,8344.0,65225.0,below,1.0
-0.0079999999999991,2022.0,8.91,73625.0,below,1.0
8482.0,-0.0240000000000009,8494.0,52.49999999999999,below,1.0
-0.009999999999998,-0.0180000000000006,9.87,71125.0,below,1.0
10074.0,-0.0240000000000009,10078.0,69075.0,below,0.0
8.57,-0.0240000000000009,8582.0,62.94999999999999,below,1.0
9706.0,-0.0199999999999995,9718.0,68925.0,below,1.0
9092.0,-0.0240000000000009,9102.0,62.25,below,1.0
8408.0,-0.0139999999999993,8426.0,65825.0,below,1.0
8352.0,-0.0240000000000009,8362.0,53125.0,below,1.0
8648.0,-0.0259999999999998,8662.0,59.000000000000014,below,1.0
8334.0,-0.0219999999999984,8348.0,48125.0,below,1.0
8396.0,-0.0219999999999984,8408.0,53.3,below,1.0
9124.0,-0.0199999999999995,9134.0,67625.0,below,1.0
-0.0139999999999993,-0.0279999999999986,7208.0,50.29999999999998,below,1.0
9064.0,-0.0199999999999995,9072.0,61.94999999999999,below,0.0
9268.0,-0.0240000000000009,9.28,54.60000000000001,below,1.0
9176.0,-0.0259999999999998,9182.0,66575.0,below,0.0
-0.0219999999999984,-0.0240000000000009,8282.0,54.42499999999998,below,1.0
8826.0,-0.0199999999999995,8.84,55.35000000000001,below,1.0
9616.0,-0.0219999999999984,9626.0,66.45,below,1.0
8482.0,-0.0180000000000006,8496.0,61.20000000000002,below,1.0
10156.0,-0.0159999999999982,10154.0,70025.0,below,1.0
-0.0139999999999993,-0.0199999999999995,9326.0,67.15,below,1.0
8564.0,-0.0259999999999998,8.57,68575.0,below,0.0
8592.0,-0.0240000000000009,8604.0,53.8,below,1.0
9018.0,-0.0159999999999982,9038.0,57.35,below,1.0
9342.0,-0.0199999999999995,9358.0,62.94999999999999,below,1.0
8656.0,-0.0199999999999995,8674.0,57.80000000000001,below,1.0
9.61,-0.0219999999999984,9.62,64.14999999999999,below,1.0
9718.0,-0.0240000000000009,9728.0,65025.0,below,0.0
9068.0,-0.0199999999999995,9084.0,55.0,below,1.0
9738.0,-0.0259999999999998,9.75,52325.0,below,1.0
-0.009999999999998,-0.0219999999999984,9914.0,70.85,below,1.0
8076.0,-0.0219999999999984,8088.0,56.85,below,1.0
9122.0,-0.0199999999999995,9134.0,57.60000000000001,below,1.0
9.77,-0.0219999999999984,9782.0,64225.0,below,1.0
9.25,-0.0199999999999995,9262.0,65.65,below,1.0
9388.0,-0.0219999999999984,9404.0,62.87499999999999,below,1.0
8722.0,-0.0180000000000006,8.74,67225.0,below,1.0
9682.0,-0.0159999999999982,9694.0,67775.0,below,1.0
-0.0079999999999991,-0.0159999999999982,9.77,67.05000000000001,below,1.0
-0.0120000000000004,-0.0180000000000006,9918.0,70.24999999999999,below,1.0
8224.0,-0.0180000000000006,8238.0,54.02499999999999,below,1.0
8.59,-0.0240000000000009,8602.0,48.97500000000001,below,1.0
9.71,-0.0240000000000009,9726.0,61475.0,below,1.0
9724.0,-0.0240000000000009,9732.0,72.2,below,0.0
9328.0,-0.0219999999999984,9.34,64.99999999999999,below,1.0
-0.0139999999999993,-0.0279999999999986,9.38,62.55,below,0.0
8366.0,-0.0219999999999984,8378.0,57.89999999999999,below,1.0
9.17,-0.0219999999999984,9184.0,64775.0,below,1.0
9092.0,-0.0219999999999984,9106.0,58.0,below,1.0
-0.0120000000000004,-0.0159999999999982,9646.0,59.2,below,1.0
8966.0,-0.0139999999999993,8984.0,64.97500000000001,below,1.0
8648.0,-0.0219999999999984,8664.0,57.400000000000006,below,1.0
10.06,-0.0199999999999995,10058.0,72.85,below,1.0
9636.0,-0.0240000000000009,9648.0,62.99999999999999,below,1.0
9774.0,-0.0219999999999984,9786.0,63.79999999999998,below,1.0
8.45,-0.0139999999999993,8468.0,59225.0,below,1.0
-0.0139999999999993,-0.0199999999999995,9086.0,60.27499999999999,below,1.0
8274.0,-0.0240000000000009,8284.0,55.89999999999999,below,1.0
8.89,-0.0180000000000006,8904.0,59.000000000000014,below,1.0
8744.0,-0.0219999999999984,8756.0,57.5,below,1.0
-0.0139999999999993,-0.0240000000000009,9912.0,64.99999999999999,below,1.0
9268.0,-0.0240000000000009,9.28,64.07499999999999,below,1.0
8482.0,-0.0240000000000009,8494.0,55.875000000000014,below,1.0
8152.0,-0.0199999999999995,8164.0,52.55000000000001,below,1.0
8244.0,-0.0199999999999995,8256.0,67225.0,below,1.0
-0.0120000000000004,-0.0199999999999995,9718.0,56175.0,below,1.0
9662.0,-0.0219999999999984,9674.0,62.27499999999999,below,1.0
9.44,-0.0199999999999995,9454.0,68725.0,below,1.0
9278.0,-0.0180000000000006,9294.0,62.7,below,1.0
8756.0,-0.0219999999999984,8768.0,60.55,below,1.0
9672.0,-0.0240000000000009,9682.0,62.400000000000006,below,1.0
-0.009999999999998,0.7160000000000011,8674.0,74.2,below,1.0
9564.0,-0.0219999999999984,9576.0,63425.0,below,1.0
8158.0,-0.0180000000000006,8.17,64.6,below,1.0
9688.0,-0.0219999999999984,9704.0,62.99999999999999,below,1.0
-0.0079999999999991,-0.0180000000000006,9.54,68825.0,below,1.0
9.73,-0.0240000000000009,9736.0,69.22500000000001,below,0.0
9924.0,-0.0259999999999998,9934.0,70.22500000000001,below,1.0
9.23,-0.0159999999999982,9248.0,60.14999999999999,below,1.0
8336.0,-0.0219999999999984,8.35,53.2,below,1.0
8.64,-0.0240000000000009,8652.0,50825.0,below,1.0
9932.0,-0.0219999999999984,9.94,69.55,below,1.0
8128.0,-0.0219999999999984,8138.0,53.35000000000001,below,1.0
8496.0,-0.0180000000000006,8512.0,56.5,below,1.0
8888.0,-0.0240000000000009,8.9,53.0,below,1.0
9802.0,-0.0159999999999982,9818.0,60475.0,below,1.0
9244.0,-0.0259999999999998,9252.0,65.85000000000001,below,0.0
8556.0,-0.0240000000000009,8.56,60.2,below,0.0
9.76,-0.0240000000000009,9.77,63675.0,below,1.0
9.63,-0.0180000000000006,9.65,58.72500000000001,below,1.0
8516.0,-0.0219999999999984,8528.0,59.07500000000002,below,1.0
9512.0,-0.0199999999999995,9526.0,60.07499999999999,below,1.0
-0.009999999999998,1.5459999999999994,9486.0,77.35000000000001,below,1.0
9182.0,-0.0199999999999995,9196.0,57.2,below,1.0
9692.0,-0.0240000000000009,9704.0,64.39999999999999,below,1.0
-0.0079999999999991,-0.0180000000000006,9716.0,57.875000000000014,below,1.0
8278.0,-0.0240000000000009,8288.0,55.72500000000001,below,1.0
9556.0,-0.0120000000000004,9576.0,62.75,below,1.0
8.4,-0.0139999999999993,8416.0,65.05000000000001,below,1.0
8.13,-0.0259999999999998,8.14,48625.0,below,1.0
8604.0,-0.0240000000000009,8616.0,56225.0,below,1.0
-0.0040000000000013,2014.0,8848.0,74075.0,below,1.0
8288.0,-0.0219999999999984,8298.0,54.525000000000006,below,1.0
8.63,-0.0139999999999993,8646.0,58.5,below,1.0
9744.0,-0.0199999999999995,9762.0,57.875000000000014,below,1.0
8.94,-0.0199999999999995,8956.0,52.77499999999999,below,1.0
8634.0,-0.0199999999999995,8.65,62.75,below,1.0
8612.0,-0.0219999999999984,8624.0,56.2,below,1.0
9924.0,-0.0199999999999995,9932.0,70825.0,below,1.0
8356.0,-0.0120000000000004,8376.0,61625.0,below,1.0
8138.0,-0.0180000000000006,8156.0,54.69999999999999,below,1.0
9192.0,-0.0199999999999995,9.21,57.3,below,1.0
9.16,-0.0219999999999984,9176.0,54.80000000000001,below,1.0
-0.0139999999999993,-0.0240000000000009,9.8,65.5,below,0.0
9.48,-0.0199999999999995,9492.0,61.97500000000001,below,1.0
8912.0,-0.0120000000000004,8934.0,59.775000000000006,below,1.0
-0.0120000000000004,-0.0240000000000009,9758.0,54.60000000000001,below,1.0
-0.0079999999999991,1.934000000000001,7968.0,74.6,below,1.0
9004.0,-0.0219999999999984,9018.0,60.775000000000006,below,1.0
9458.0,-0.0240000000000009,9.47,65.97500000000001,below,1.0
8668.0,-0.0219999999999984,8682.0,51125.0,below,1.0
8616.0,-0.0219999999999984,8626.0,58.89999999999999,below,1.0
9.42,-0.0180000000000006,9432.0,68025.0,below,1.0
9064.0,-0.0240000000000009,9078.0,55.55000000000001,below,1.0
9204.0,-0.0259999999999998,9214.0,59.45,below,0.0
8768.0,-0.0240000000000009,8782.0,59.3,below,1.0
8.86,-0.0219999999999984,8.87,60.27499999999999,below,0.0
-0.0079999999999991,2.1080000000000005,7.949999999999999,75.64999999999999,below,1.0
8.77,-0.0199999999999995,8782.0,63.125000000000014,below,1.0
8.09,-0.0180000000000006,8104.0,54.42499999999998,below,1.0
10.14,-0.0139999999999993,10136.0,70.95,below,1.0
9104.0,-0.0159999999999982,9.12,60.400000000000006,below,1.0
8968.0,-0.0219999999999984,8984.0,55325.0,below,1.0
9724.0,-0.0180000000000006,9738.0,54.82499999999999,below,1.0
-0.0079999999999991,2.437999999999999,7608.0,70.04999999999998,below,1.0
8374.0,-0.0199999999999995,8.39,52.47500000000001,below,1.0
9058.0,-0.0159999999999982,9078.0,58.07500000000002,below,1.0
10104.0,-0.0159999999999982,10.1,70125.0,below,1.0
9.09,-0.0199999999999995,9108.0,56.72500000000001,below,1.0
9626.0,-0.0219999999999984,9638.0,67.8,below,1.0
9718.0,-0.0240000000000009,9728.0,65025.0,below,0.0
8156.0,-0.0240000000000009,8168.0,51.49999999999999,below,1.0
10096.0,-0.0199999999999995,10096.0,52.42500000000001,below,1.0
9204.0,-0.0180000000000006,9.22,57575.0,below,1.0
9518.0,-0.0219999999999984,9536.0,51.525000000000006,below,1.0
8.58,-0.0240000000000009,8592.0,51.69999999999999,below,1.0
9.22,-0.0180000000000006,9238.0,57.3,below,1.0
9684.0,-0.0199999999999995,9702.0,59.80000000000001,below,1.0
8978.0,-0.0219999999999984,8988.0,56975.0,below,1.0
8674.0,-0.0219999999999984,8688.0,51.22500000000001,below,1.0
-0.009999999999998,2.1419999999999995,6878.0,71.2,below,1.0
9274.0,-0.0180000000000006,9294.0,58225.0,below,1.0
-0.0120000000000004,0.7059999999999995,9226.0,72275.0,below,1.0
8.42,-0.0159999999999982,8434.0,56.94999999999999,below,1.0
8354.0,-0.0199999999999995,8366.0,58575.0,below,1.0
8534.0,-0.0240000000000009,8548.0,53725.0,below,1.0
9018.0,-0.0219999999999984,9036.0,51.89999999999999,below,1.0
8564.0,-0.0219999999999984,8578.0,62575.0,below,1.0
-0.0120000000000004,-0.0240000000000009,9612.0,63.02499999999999,below,0.0
8158.0,-0.0180000000000006,8.17,64.6,below,1.0
-0.0060000000000002,2.0760000000000005,7894.0,74.55000000000001,below,1.0
8158.0,-0.0180000000000006,8.17,64.6,below,1.0
8102.0,-0.0180000000000006,8.12,56.72500000000001,below,1.0
9718.0,-0.0240000000000009,9728.0,65025.0,below,0.0
8.44,-0.0219999999999984,8452.0,57.92500000000001,below,1.0
9186.0,-0.0259999999999998,9.2,62.5,below,1.0
9294.0,-0.0259999999999998,9.31,64.07499999999999,below,1.0
8262.0,-0.0240000000000009,8272.0,61475.0,below,0.0
10058.0,-0.0199999999999995,10.06,73925.0,below,1.0
-0.0180000000000006,-0.0240000000000009,8622.0,57.400000000000006,below,0.0
9828.0,-0.0219999999999984,9842.0,50825.0,below,1.0
-0.0159999999999982,-0.0199999999999995,8708.0,65.14999999999999,below,1.0
8758.0,-0.0259999999999998,8.77,60.400000000000006,below,1.0
8468.0,-0.0219999999999984,8482.0,62.92500000000001,below,1.0
8966.0,-0.0240000000000009,8974.0,61.55,below,0.0
8458.0,-0.0199999999999995,8472.0,64.27499999999999,below,1.0
9.45,-0.0180000000000006,9466.0,59.2,below,1.0
8.06,-0.0219999999999984,8.07,57.69999999999999,below,1.0
9636.0,-0.0199999999999995,9646.0,68.97500000000001,below,1.0
8422.0,-0.0219999999999984,8436.0,53.750000000000014,below,1.0
9352.0,-0.0259999999999998,9364.0,62.775000000000006,below,1.0
8552.0,-0.0240000000000009,8562.0,51.275000000000006,below,1.0
9896.0,-0.0180000000000006,9904.0,63.14999999999999,below,1.0
8126.0,-0.0199999999999995,8138.0,57.60000000000001,below,1.0
8748.0,-0.0219999999999984,8752.0,61375.0,below,0.0
-0.0159999999999982,-0.0259999999999998,9402.0,60175.0,below,1.0
9.63,-0.0199999999999995,9642.0,69.24999999999999,below,1.0
9166.0,-0.0180000000000006,9184.0,56975.0,below,1.0
9306.0,-0.0240000000000009,9316.0,65.9,below,1.0
9.81,-0.0159999999999982,9824.0,60.92500000000001,below,1.0
8974.0,-0.0240000000000009,8988.0,58175.0,below,1.0
9568.0,-0.0240000000000009,9576.0,67425.0,below,0.0
8.3,-0.0219999999999984,8314.0,53975.0,below,1.0
9686.0,-0.0199999999999995,9706.0,57225.0,below,1.0
-0.0120000000000004,-0.0139999999999993,8.78,64.7,below,1.0
9.78,-0.0219999999999984,9.79,60.000000000000014,below,1.0
9314.0,-0.0219999999999984,9326.0,57.2,below,1.0
8.78,-0.0219999999999984,8794.0,57.525000000000006,below,1.0
9256.0,-0.0259999999999998,9264.0,59.85000000000001,below,0.0
9376.0,-0.0219999999999984,9388.0,66375.0,below,1.0
8.28,-0.0199999999999995,8292.0,59.05,below,1.0
8.38,-0.0240000000000009,8392.0,57225.0,below,1.0
8786.0,-0.0199999999999995,8804.0,57.69999999999999,below,1.0
9232.0,-0.0219999999999984,9.24,62.85000000000001,below,0.0
9.87,-0.0259999999999998,9876.0,71.75,below,0.0
10034.0,-0.0219999999999984,10038.0,72.35000000000001,below,1.0
8462.0,-0.0219999999999984,8474.0,55.1,below,1.0
-0.0139999999999993,-0.0139999999999993,8506.0,65.14999999999999,above,0.0
9862.0,-0.0199999999999995,9872.0,59.2,below,1.0
8384.0,-0.0180000000000006,8.4,54375.0,below,1.0
10.0,-0.0120000000000004,10008.0,70.55,below,1.0
9836.0,-0.0159999999999982,9846.0,70625.0,below,1.0
9.32,-0.0120000000000004,9338.0,62.27499999999999,below,1.0
8522.0,-0.0180000000000006,8542.0,57.0,below,1.0
9006.0,-0.0180000000000006,9026.0,55.69999999999999,below,1.0
8482.0,-0.0240000000000009,8494.0,50.150000000000006,below,1.0
9508.0,-0.0199999999999995,9524.0,52.69999999999999,below,1.0
9034.0,-0.0199999999999995,9046.0,62175.0,below,1.0
8648.0,-0.0180000000000006,8662.0,56.0,below,1.0
9.1,-0.0180000000000006,9116.0,58.5,below,1.0
9178.0,-0.0219999999999984,9.19,57375.0,below,1.0
9594.0,-0.0159999999999982,9.61,61.14999999999999,below,1.0
9896.0,-0.0259999999999998,9.9,69.27499999999999,below,0.0
8396.0,-0.0199999999999995,8.41,54.47500000000001,below,1.0
10068.0,-0.0259999999999998,10064.0,70.57500000000002,below,1.0
-0.0079999999999991,2.4220000000000006,7.603999999999999,70.64999999999999,below,1.0
-0.0120000000000004,2266.0,7.226000000000001,72.75,below,1.0
9634.0,-0.0219999999999984,9648.0,60.000000000000014,below,1.0
9.13,-0.0159999999999982,9.15,60.7,below,1.0
8132.0,-0.0199999999999995,8144.0,59.775000000000006,below,1.0
8112.0,-0.0219999999999984,8122.0,56125.0,below,1.0
9232.0,-0.0199999999999995,9.25,50125.0,below,1.0
8094.0,-0.0240000000000009,8104.0,52.8,below,1.0
-0.0120000000000004,-0.0219999999999984,9868.0,59.5,below,1.0
9146.0,-0.0159999999999982,9158.0,68875.0,below,1.0
-0.0060000000000002,1.9860000000000009,8766.0,73.10000000000001,below,1.0
8848.0,-0.0180000000000006,8866.0,56.875000000000014,below,1.0
9188.0,-0.0199999999999995,9202.0,63.900000000000006,below,1.0
8842.0,-0.0240000000000009,8856.0,57.69999999999999,below,1.0
8.58,-0.0199999999999995,8592.0,63175.0,below,1.0
9702.0,-0.0180000000000006,9714.0,70.44999999999999,below,1.0
8.52,-0.0219999999999984,8534.0,61175.0,below,1.0
9646.0,-0.0259999999999998,9656.0,66.55,below,1.0
9486.0,-0.0199999999999995,9.5,57.400000000000006,below,1.0
9.62,-0.0240000000000009,9632.0,61.20000000000002,below,1.0
-0.0120000000000004,-0.0240000000000009,10106.0,66675.0,below,1.0
9054.0,-0.0219999999999984,9064.0,54.80000000000001,below,1.0
9954.0,-0.0199999999999995,9.96,57.89999999999999,below,1.0
9.28,-0.0199999999999995,9294.0,59.07500000000002,below,1.0
9.75,-0.0259999999999998,9.76,69725.0,below,1.0
9462.0,-0.0259999999999998,9472.0,66.25000000000001,below,1.0
-0.0060000000000002,-0.0139999999999993,9738.0,71.2,below,1.0
-0.0139999999999993,-0.0139999999999993,8506.0,65.14999999999999,below,1.0
9.84,-0.0219999999999984,9.85,61.92500000000001,below,1.0
9828.0,-0.0219999999999984,9.84,68.97500000000001,below,1.0
8968.0,-0.0240000000000009,8976.0,68.65,below,0.0
8.19,-0.0180000000000006,8208.0,51075.0,below,1.0
8.49,-0.0219999999999984,8506.0,54925.0,below,1.0
8.78,-0.0159999999999982,8796.0,57975.0,below,1.0
8504.0,-0.0199999999999995,8516.0,65.25000000000001,below,1.0
9492.0,-0.0240000000000009,9.5,61.20000000000002,below,1.0
9902.0,-0.0219999999999984,9.91,70.52499999999999,below,1.0
9718.0,-0.0240000000000009,9728.0,65025.0,below,0.0
8324.0,-0.0180000000000006,8.34,56.5,below,1.0
8176.0,-0.0199999999999995,8188.0,60575.0,below,1.0
8146.0,-0.0219999999999984,8158.0,61675.0,below,1.0
9728.0,-0.0199999999999995,9742.0,66.45,below,1.0
9738.0,-0.0279999999999986,9748.0,59.89999999999999,below,1.0
8528.0,-0.0219999999999984,8538.0,53.95,below,1.0
9.81,-0.0199999999999995,9816.0,73.77499999999999,below,1.0
9546.0,-0.0240000000000009,9558.0,63825.0,below,1.0
9718.0,-0.0240000000000009,9728.0,65025.0,above,0.0
8308.0,-0.0219999999999984,8318.0,57975.0,below,0.0
8.77,-0.0240000000000009,8778.0,67.07499999999999,below,0.0
9474.0,-0.0180000000000006,9.49,56.77499999999999,below,1.0
-0.0139999999999993,-0.0199999999999995,9478.0,63575.0,below,1.0
8204.0,-0.0219999999999984,8216.0,52.69999999999999,below,1.0
8622.0,-0.0240000000000009,8634.0,56.69999999999999,below,1.0
-0.0079999999999991,2.062000000000001,7.864000000000001,75025.0,below,1.0
9742.0,-0.0180000000000006,9.76,57425.0,below,1.0
9.29,-0.0180000000000006,9308.0,58.60000000000001,below,1.0
8984.0,-0.0259999999999998,8996.0,54.82499999999999,below,1.0
9118.0,-0.0219999999999984,9132.0,61575.0,below,1.0
8.85,-0.0199999999999995,8864.0,64.55,below,1.0
9284.0,-0.0219999999999984,9302.0,52.42500000000001,below,1.0
9.36,-0.0199999999999995,9376.0,56925.0,below,1.0
-0.009999999999998,2.1239999999999988,7962.0,75025.0,below,1.0
9116.0,-0.0240000000000009,9.13,64.27499999999999,below,1.0
9826.0,-0.0240000000000009,9836.0,66.07499999999999,below,1.0
8.1,-0.0219999999999984,8112.0,51.49999999999999,below,1.0
-0.0240000000000009,-0.0180000000000006,8026.0,54.80000000000001,below,1.0
9406.0,-0.0240000000000009,9418.0,61.87499999999999,below,1.0
8628.0,-0.0159999999999982,8644.0,58.775000000000006,below,1.0
9082.0,-0.0139999999999993,9102.0,60.5,below,1.0
8316.0,-0.0219999999999984,8328.0,57.47500000000001,below,1.0
8758.0,-0.0199999999999995,8.77,61.05000000000001,below,1.0
9844.0,-0.0219999999999984,9.85,70.55,below,0.0
8474.0,-0.0139999999999993,8492.0,57975.0,below,1.0
8206.0,-0.0259999999999998,8216.0,52.35000000000001,below,1.0
8668.0,-0.0120000000000004,8.69,57.60000000000001,below,1.0
9722.0,-0.0199999999999995,9.73,68.12499999999999,below,1.0
-0.0139999999999993,-0.0180000000000006,9336.0,55.400000000000006,below,1.0
9.57,-0.0199999999999995,9582.0,71.15,below,1.0
-0.009999999999998,1.379999999999999,8758.0,74025.0,below,1.0
9024.0,-0.0219999999999984,9.04,63575.0,below,1.0
8.36,-0.0219999999999984,8372.0,49425.0,below,1.0
9184.0,-0.0199999999999995,9.2,59.000000000000014,below,1.0
-0.0120000000000004,484.0,8684.0,74.30000000000001,below,1.0
8.1,-0.0139999999999993,8.12,56.67500000000001,below,1.0
9.56,-0.0199999999999995,9572.0,66.75,below,1.0
8.77,-0.0180000000000006,8788.0,56.94999999999999,below,1.0
-0.0079999999999991,2014.0,8762.0,74.05,below,1.0
9048.0,-0.0219999999999984,9062.0,58.07500000000002,below,1.0
-0.0240000000000009,-0.0219999999999984,8284.0,58.60000000000001,below,1.0
9908.0,-0.0199999999999995,9914.0,72125.0,below,1.0
8326.0,-0.0159999999999982,8344.0,57.69999999999999,below,1.0
9406.0,-0.0240000000000009,9.42,59225.0,below,1.0
8298.0,-0.0240000000000009,8308.0,56.47500000000001,below,1.0
9.67,-0.0219999999999984,9682.0,56325.0,below,1.0
8898.0,-0.0159999999999982,8916.0,58.275000000000006,below,1.0
8186.0,-0.0219999999999984,8.2,57.82499999999999,below,1.0
8948.0,-0.0219999999999984,8.96,54.85,below,1.0
9584.0,-0.0259999999999998,9594.0,58.85000000000001,below,1.0
8628.0,-0.0240000000000009,8638.0,54.400000000000006,below,1.0
-0.0139999999999993,-0.0139999999999993,8506.0,65.14999999999999,above,0.0
-0.0139999999999993,-0.0139999999999993,8506.0,65.14999999999999,below,1.0
9196.0,-0.0219999999999984,9208.0,66.75,below,1.0
9.8,-0.0199999999999995,9816.0,54975.0,below,1.0
8.51,-0.0240000000000009,8524.0,57325.0,below,1.0
8396.0,-0.0240000000000009,8406.0,54725.0,below,1.0
8438.0,-0.0219999999999984,8.45,58.5,below,1.0
9986.0,-0.0139999999999993,9996.0,67.05000000000001,below,1.0
-0.009999999999998,2006.0,8752.0,74.2,below,1.0
9436.0,-0.0159999999999982,9456.0,61.25,below,1.0
-0.009999999999998,1.6260000000000012,8872.0,73.25,below,1.0
8864.0,-0.0199999999999995,8.88,60575.0,below,1.0
10132.0,-0.0180000000000006,10134.0,72725.0,below,1.0
9924.0,-0.0199999999999995,9.93,72.44999999999999,below,1.0
8732.0,-0.0180000000000006,8.75,58.0,below,1.0
8924.0,-0.0219999999999984,8.94,57.45,below,1.0
-0.0120000000000004,-0.0219999999999984,9788.0,71.2,above,0.0
9302.0,-0.0240000000000009,9316.0,56.400000000000006,below,1.0
-0.009999999999998,-0.0219999999999984,9722.0,69.44999999999999,below,1.0
9054.0,-0.0240000000000009,9068.0,48.0,below,1.0
8646.0,-0.0219999999999984,8.66,55325.0,below,1.0
8.72,-0.0199999999999995,8734.0,67.7,below,1.0
9234.0,-0.0240000000000009,9248.0,62.85000000000001,below,1.0
8.69,-0.0240000000000009,8704.0,52.400000000000006,below,1.0
9786.0,-0.0180000000000006,9.8,63175.0,below,1.0
9294.0,-0.0199999999999995,9306.0,69.44999999999999,below,1.0
8924.0,-0.0199999999999995,8936.0,66.85000000000001,below,1.0
8.5,-0.0219999999999984,8512.0,60.27499999999999,below,1.0
8462.0,-0.0219999999999984,8474.0,55.2,below,1.0
9718.0,-0.0240000000000009,9728.0,65025.0,below,0.0
9794.0,-0.0219999999999984,9806.0,53.750000000000014,below,1.0
9542.0,-0.0219999999999984,9558.0,56.875000000000014,below,1.0
8494.0,-0.0219999999999984,8502.0,56.650000000000006,below,1.0
-0.0120000000000004,0.2279999999999997,9586.0,60.82499999999999,below,1.0
9474.0,-0.0180000000000006,9484.0,61.80000000000001,below,1.0
8654.0,-0.0120000000000004,8676.0,59175.0,below,1.0
-0.0079999999999991,-0.0199999999999995,10034.0,59.7,below,1.0
-0.009999999999998,-0.0199999999999995,9.94,54.89999999999999,below,1.0
9594.0,-0.0159999999999982,9606.0,69.8,below,1.0
-0.0139999999999993,-0.0139999999999993,8506.0,65.14999999999999,below,1.0
8.77,-0.0199999999999995,8784.0,57.69999999999999,below,1.0
9522.0,-0.0259999999999998,9528.0,67.12499999999999,below,0.0
8.94,-0.0219999999999984,8954.0,60.2,below,1.0
9.38,-0.0180000000000006,9.39,67.15,below,1.0
9246.0,-0.0139999999999993,9262.0,63825.0,below,1.0
9718.0,-0.0240000000000009,9728.0,65025.0,below,0.0
8.91,-0.0199999999999995,8928.0,54975.0,below,1.0
-0.0079999999999991,2.216000000000001,8186.0,74825.0,below,1.0
8166.0,-0.0240000000000009,8176.0,48825.0,below,1.0
9.78,-0.0240000000000009,9.79,64.85000000000001,below,1.0
8792.0,-0.0240000000000009,8.8,58.5,below,0.0
8298.0,-0.0240000000000009,8308.0,54.57499999999999,below,1.0
-0.0180000000000006,-0.0180000000000006,8436.0,60.25,below,1.0
-0.0159999999999982,0.7300000000000004,8712.0,73.64999999999999,below,1.0
8208.0,-0.0199999999999995,8222.0,54.150000000000006,below,1.0
9848.0,-0.0240000000000009,9854.0,72.35000000000001,below,0.0
8.14,-0.0219999999999984,8154.0,50.69999999999999,below,1.0
9718.0,-0.0240000000000009,9728.0,65025.0,below,0.0
9776.0,-0.0259999999999998,9784.0,69.27499999999999,below,1.0
8182.0,-0.0199999999999995,8196.0,59.94999999999999,below,1.0
8784.0,-0.0159999999999982,8804.0,62575.0,below,1.0
8172.0,-0.0180000000000006,8188.0,56.5,below,1.0
8558.0,-0.0199999999999995,8572.0,58325.0,below,1.0
8732.0,-0.0159999999999982,8.75,57.1,below,1.0
8368.0,-0.0159999999999982,8382.0,65.65,below,1.0
10.15,-0.0180000000000006,10146.0,73025.0,below,1.0
9928.0,-0.0219999999999984,9936.0,70775.0,below,1.0
8.91,-0.0199999999999995,8926.0,53.82499999999999,below,1.0
-0.009999999999998,1.998000000000001,8748.0,74175.0,below,1.0
8274.0,-0.0240000000000009,8284.0,50825.0,below,1.0
9364.0,-0.0199999999999995,9378.0,67.9,below,1.0
9304.0,-0.0240000000000009,9314.0,66.35,below,1.0
-0.0139999999999993,-0.0139999999999993,8506.0,65.14999999999999,below,1.0
-0.0159999999999982,-0.0240000000000009,9392.0,70.0,below,0.0
8896.0,-0.0240000000000009,8.91,63.650000000000006,below,1.0
-0.0240000000000009,-0.0139999999999993,8116.0,64.95,below,1.0
9718.0,-0.0240000000000009,9728.0,65025.0,below,0.0
8268.0,-0.0219999999999984,8.28,54.525000000000006,below,1.0
-0.0199999999999995,-0.0199999999999995,8662.0,55.525000000000006,below,1.0
8.65,-0.0180000000000006,8666.0,57.0,below,1.0
-0.0060000000000002,2006.0,8806.0,75275.0,below,1.0
9.71,-0.0159999999999982,9726.0,61.94999999999999,below,1.0
9288.0,-0.0180000000000006,9298.0,62575.0,below,1.0
9076.0,-0.0180000000000006,9092.0,58.875000000000014,below,1.0
8546.0,-0.0120000000000004,8566.0,67.0,below,1.0
-0.0120000000000004,-0.0139999999999993,8916.0,58.74999999999999,below,1.0
-0.009999999999998,1808.0,7.93,74675.0,below,1.0
-0.0120000000000004,0.7880000000000003,9522.0,75925.0,below,1.0
9248.0,-0.0180000000000006,9268.0,58.72500000000001,below,1.0
8.18,-0.0180000000000006,8196.0,60.85000000000001,below,1.0
-0.009999999999998,-0.0199999999999995,6.965999999999999,57.400000000000006,below,1.0
9584.0,-0.0259999999999998,9596.0,64.45,below,1.0
9.52,-0.0199999999999995,9.53,68925.0,below,1.0
8214.0,-0.0240000000000009,8226.0,53225.0,below,1.0
9184.0,-0.0180000000000006,9196.0,67.35,below,1.0
9102.0,-0.0240000000000009,9112.0,62.97500000000001,below,1.0
8.95,-0.0240000000000009,8958.0,66.19999999999999,below,0.0
9.61,-0.0139999999999993,9622.0,70825.0,below,1.0
8504.0,-0.0240000000000009,8514.0,50.400000000000006,below,1.0
-0.0139999999999993,-0.0139999999999993,8506.0,65.14999999999999,above,0.0
9726.0,-0.0199999999999995,9742.0,54225.0,below,1.0
8468.0,-0.0240000000000009,8482.0,53.150000000000006,below,1.0
-0.009999999999998,-0.0199999999999995,9806.0,63425.0,below,1.0
8798.0,-0.0219999999999984,8.81,58125.0,below,1.0
8362.0,-0.0199999999999995,8374.0,55225.0,below,1.0
8.67,-0.0219999999999984,8684.0,62.79999999999998,below,1.0
9.09,-0.0199999999999995,9106.0,57.67500000000001,below,1.0
8226.0,-0.0259999999999998,8238.0,50.1,below,1.0
8508.0,-0.0219999999999984,8516.0,59.82499999999999,below,0.0
9246.0,-0.0219999999999984,9258.0,64.35,below,1.0
8274.0,-0.0240000000000009,8284.0,55.89999999999999,below,1.0
9472.0,-0.0219999999999984,9488.0,61.80000000000001,below,1.0
9312.0,-0.0219999999999984,9326.0,56.47500000000001,below,1.0
8404.0,-0.0199999999999995,8.42,57075.0,below,1.0
8356.0,-0.0199999999999995,8372.0,54.89999999999999,below,1.0
-0.0120000000000004,0.7839999999999989,9542.0,76.0,below,1.0
9492.0,-0.0159999999999982,9506.0,68025.0,below,1.0
-0.0139999999999993,-0.0139999999999993,8506.0,65.14999999999999,above,0.0
8.84,-0.0139999999999993,8.86,57.775000000000006,below,1.0
8238.0,-0.0240000000000009,8248.0,49.45,below,1.0
9972.0,-0.0240000000000009,9976.0,71825.0,below,0.0
9216.0,-0.0219999999999984,9224.0,57.80000000000001,below,1.0
9212.0,-0.0219999999999984,9228.0,50.42500000000001,below,1.0
-0.0159999999999982,-0.0240000000000009,8954.0,54.89999999999999,below,1.0
8666.0,-0.0159999999999982,8682.0,63.14999999999999,below,1.0
9626.0,-0.0199999999999995,9642.0,59.275000000000006,below,1.0
8734.0,-0.0240000000000009,8746.0,58625.0,below,1.0
9046.0,-0.0159999999999982,9064.0,58.02499999999999,below,1.0
8158.0,-0.0259999999999998,8164.0,58.3,below,0.0
8716.0,-0.0240000000000009,8726.0,56.02499999999999,below,1.0
-0.0139999999999993,-0.0139999999999993,8506.0,65.14999999999999,below,1.0
9.93,-0.0180000000000006,9.94,72.10000000000001,below,1.0
-0.009999999999998,-0.0199999999999995,9422.0,71.42500000000001,below,0.0
-0.0139999999999993,-0.0240000000000009,9738.0,55.62499999999999,below,1.0
8572.0,-0.0219999999999984,8586.0,51725.0,below,1.0
8212.0,-0.0240000000000009,8222.0,51.6,below,1.0
9492.0,-0.0199999999999995,9504.0,66.65,below,1.0
-0.0079999999999991,2.140000000000001,8.18,75725.0,below,1.0
9598.0,-0.0259999999999998,9.61,67.05000000000001,below,1.0
9752.0,-0.0240000000000009,9764.0,58.94999999999999,below,1.0
8.58,-0.0199999999999995,8594.0,55.150000000000006,below,1.0
9.7,-0.0199999999999995,9.71,67.75,below,1.0
-0.0159999999999982,-0.0159999999999982,8542.0,55.72500000000001,below,1.0
-0.0079999999999991,2.2040000000000006,8146.0,75.49999999999999,below,1.0
8286.0,-0.0139999999999993,8302.0,65625.0,below,1.0
8942.0,-0.0240000000000009,8956.0,55.72500000000001,below,1.0
8182.0,-0.0240000000000009,8192.0,50.6,below,1.0
8834.0,-0.0219999999999984,8846.0,56975.0,below,1.0
9196.0,-0.0199999999999995,9214.0,58.1,below,1.0
9.84,-0.0240000000000009,9.85,66.3,below,1.0
9.27,-0.0219999999999984,9286.0,58.0,below,1.0
9152.0,-0.0219999999999984,9164.0,61.775000000000006,below,1.0
8632.0,-0.0180000000000006,8648.0,63.94999999999999,below,1.0
9.65,-0.0219999999999984,9662.0,63.19999999999999,below,1.0
8268.0,-0.0219999999999984,8282.0,47925.0,below,1.0
8266.0,-0.0240000000000009,8278.0,55375.0,below,1.0
8468.0,-0.0199999999999995,8484.0,61575.0,below,1.0
9456.0,-0.0159999999999982,9474.0,58325.0,below,1.0
8618.0,-0.0180000000000006,8636.0,55.400000000000006,below,1.0
8934.0,-0.0240000000000009,8948.0,59475.0,below,1.0
8692.0,-0.0219999999999984,8706.0,50325.0,below,1.0
-0.0199999999999995,-0.0219999999999984,8626.0,60.80000000000001,below,1.0
-0.009999999999998,1.3200000000000005,7.939999999999999,74.9,below,1.0
-0.0060000000000002,2.193999999999999,7504.0,68.0,below,1.0
8158.0,-0.0180000000000006,8.17,64.6,above,0.0
8238.0,-0.0240000000000009,8248.0,49.45,below,1.0
9022.0,-0.0219999999999984,9034.0,56325.0,below,1.0
9246.0,-0.0199999999999995,9262.0,56.82499999999999,below,1.0
9.06,-0.0240000000000009,9.07,52.89999999999999,below,1.0
8512.0,-0.0240000000000009,8526.0,60.14999999999999,below,1.0
8928.0,-0.0240000000000009,8.94,53.85,below,1.0
8754.0,-0.0180000000000006,8772.0,57175.0,below,1.0
8568.0,-0.0199999999999995,8586.0,55.3,below,1.0
8456.0,-0.0180000000000006,8.47,53.60000000000001,below,1.0
9248.0,-0.0180000000000006,9264.0,67.65,below,1.0
8362.0,-0.0199999999999995,8378.0,49825.0,below,1.0
9678.0,-0.0219999999999984,9688.0,62.14999999999999,below,1.0
8832.0,-0.0219999999999984,8846.0,58.07500000000002,below,1.0
9546.0,-0.0219999999999984,9.56,65.25000000000001,below,1.0
8584.0,-0.0240000000000009,8596.0,56325.0,below,1.0
9.15,-0.0159999999999982,9162.0,62.94999999999999,below,1.0
9596.0,-0.0219999999999984,9608.0,67.65,below,1.0
8274.0,-0.0219999999999984,8286.0,55125.0,below,1.0
8602.0,-0.0139999999999993,8624.0,58.875000000000014,below,1.0
9732.0,-0.0180000000000006,9746.0,70125.0,below,1.0
-0.0079999999999991,1.2199999999999989,8882.0,73.35000000000001,below,1.0
-0.0079999999999991,0.6479999999999997,9.16,77.49999999999999,below,1.0
8.54,-0.0259999999999998,8546.0,66.14999999999999,below,0.0
9234.0,-0.0240000000000009,9248.0,56.80000000000001,below,1.0
-0.0159999999999982,-0.0240000000000009,8.94,63675.0,below,0.0
10192.0,2.056000000000001,10206.0,74825.0,above,1.0
8694.0,-0.0240000000000009,8708.0,52725.0,below,1.0
9356.0,-0.0199999999999995,9374.0,57325.0,below,1.0
9788.0,-0.0240000000000009,9794.0,68.32499999999999,below,0.0
9146.0,-0.0219999999999984,9.16,57.2,below,1.0
9126.0,-0.0199999999999995,9136.0,67.32499999999999,below,1.0
9342.0,-0.0219999999999984,9354.0,65.85000000000001,below,1.0
8596.0,-0.0219999999999984,8.61,54.60000000000001,below,1.0
9702.0,-0.0259999999999998,9714.0,62.85000000000001,below,1.0
8832.0,-0.0259999999999998,8842.0,51.25,below,1.0
9.87,-0.0219999999999984,9878.0,70825.0,below,1.0
8666.0,-0.0180000000000006,8.68,55075.0,below,1.0
9926.0,-0.0219999999999984,9934.0,64.75,below,1.0
-0.0079999999999991,1.5779999999999994,8.16,75.57499999999999,below,1.0
8492.0,-0.0240000000000009,8504.0,51.525000000000006,below,1.0
8274.0,-0.0240000000000009,8284.0,55.89999999999999,above,0.0
9106.0,-0.0259999999999998,9.11,50.400000000000006,below,0.0
8822.0,-0.0219999999999984,8838.0,58.7,below,1.0
8944.0,-0.0240000000000009,8958.0,54225.0,below,1.0
8284.0,-0.0219999999999984,8296.0,55325.0,below,1.0
9746.0,-0.0259999999999998,9756.0,67.8,below,1.0
9084.0,-0.0219999999999984,9096.0,56.25,below,1.0
8544.0,-0.0180000000000006,8.56,54.80000000000001,below,1.0
-0.0139999999999993,-0.0240000000000009,9324.0,63.1,below,1.0
9682.0,-0.0219999999999984,9698.0,58.0,below,1.0
9662.0,-0.0219999999999984,9672.0,61.92500000000001,below,1.0
8742.0,-0.0259999999999998,8752.0,47.7,below,1.0
8618.0,-0.0219999999999984,8.63,55.0,below,1.0
9958.0,-0.0139999999999993,9966.0,59.07500000000002,below,1.0
8364.0,-0.0199999999999995,8376.0,61.60000000000001,below,1.0
9802.0,-0.0139999999999993,9812.0,73.0,below,1.0
9894.0,-0.0259999999999998,9898.0,68.95,below,0.0
8.19,-0.0199999999999995,8202.0,57.92500000000001,below,1.0
9.22,-0.0139999999999993,9238.0,61.650000000000006,below,1.0
8334.0,-0.0219999999999984,8346.0,59.35,below,1.0
-0.0259999999999998,-0.0219999999999984,8052.0,57.54999999999998,below,1.0
9018.0,-0.0180000000000006,9036.0,59175.0,below,1.0
8592.0,-0.0240000000000009,8596.0,55.875000000000014,below,0.0
-0.0120000000000004,0.184000000000001,9724.0,65425.0,below,1.0
-0.0219999999999984,-0.0199999999999995,8274.0,53.8,below,1.0
9742.0,-0.0199999999999995,9752.0,66025.0,below,1.0
9596.0,-0.0199999999999995,9608.0,67.15,below,1.0
8718.0,-0.0199999999999995,8734.0,56.60000000000001,below,1.0
-0.0139999999999993,-0.0139999999999993,8506.0,65.14999999999999,below,1.0
9476.0,-0.0199999999999995,9494.0,56.69999999999999,below,1.0
8546.0,-0.0180000000000006,8562.0,55.1,below,1.0
-0.0120000000000004,-0.0219999999999984,10.08,58.1,below,1.0
-0.0120000000000004,0.7220000000000013,8688.0,74125.0,below,1.0
9438.0,-0.0259999999999998,9.45,66.32499999999999,below,1.0
9404.0,-0.0240000000000009,9416.0,62.5,below,1.0
9244.0,-0.0240000000000009,9254.0,58.775000000000006,below,1.0
9.81,-0.0240000000000009,9822.0,59.1,below,1.0
8592.0,-0.0199999999999995,8608.0,56.02499999999999,below,1.0
8838.0,-0.0219999999999984,8856.0,55.60000000000001,below,1.0
8324.0,-0.0199999999999995,8336.0,56.5,below,1.0
10.01,-0.0219999999999984,10.02,69.24999999999999,below,1.0
8724.0,-0.0219999999999984,8732.0,59475.0,below,0.0
-0.0219999999999984,-0.0219999999999984,8372.0,58.02499999999999,below,1.0
10016.0,-0.0219999999999984,10018.0,64475.0,below,1.0
8878.0,-0.0199999999999995,8894.0,63.85000000000001,below,1.0
8828.0,-0.0199999999999995,8842.0,65.3,below,1.0
8828.0,-0.0240000000000009,8.84,56.69999999999999,below,1.0
9446.0,-0.0219999999999984,9.46,66.85000000000001,below,1.0
8226.0,-0.0219999999999984,8244.0,48425.0,below,1.0
9294.0,-0.0219999999999984,9306.0,64.85000000000001,below,1.0
8974.0,-0.0259999999999998,8.99,59.35,below,1.0
-0.0120000000000004,2.1,6.757999999999999,70.85,below,1.0
-0.0139999999999993,-0.0139999999999993,8506.0,65.14999999999999,above,0.0
8274.0,-0.0240000000000009,8284.0,55.89999999999999,above,0.0
-0.0139999999999993,-0.0139999999999993,8506.0,65.14999999999999,below,1.0
8222.0,-0.0259999999999998,8236.0,55.400000000000006,below,1.0
8966.0,-0.0259999999999998,8972.0,54.80000000000001,below,0.0
8492.0,-0.0159999999999982,8512.0,56.1,below,1.0
9472.0,-0.0180000000000006,9486.0,69.6,below,1.0
-0.0139999999999993,-0.0240000000000009,9966.0,49.1,below,1.0
8158.0,-0.0180000000000006,8.17,64.6,below,1.0
8878.0,-0.0219999999999984,8892.0,60.400000000000006,below,1.0
8876.0,-0.0240000000000009,8888.0,55.650000000000006,below,1.0
9892.0,-0.0240000000000009,9888.0,73625.0,below,0.0
8.78,-0.0159999999999982,8796.0,57.2,below,1.0
8562.0,-0.0240000000000009,8574.0,58.89999999999999,below,1.0
8.61,-0.0219999999999984,8622.0,55.3,below,1.0
-0.0240000000000009,-0.0219999999999984,8164.0,58.875000000000014,below,1.0
8912.0,-0.0240000000000009,8926.0,43.72500000000001,below,1.0
8.08,-0.0240000000000009,8.09,52125.0,below,1.0
9514.0,-0.0279999999999986,9524.0,65625.0,below,1.0
9652.0,-0.0139999999999993,9672.0,62475.0,below,1.0
8238.0,-0.0219999999999984,8.25,56.89999999999999,below,1.0
8164.0,-0.0180000000000006,8176.0,63375.0,below,1.0
9614.0,-0.0159999999999982,9632.0,56925.0,below,1.0
9.57,-0.0199999999999995,9584.0,67.75,below,1.0
8882.0,-0.0219999999999984,8.89,62.7,below,0.0
9.97,-0.0259999999999998,9974.0,71.22500000000001,below,0.0
8926.0,-0.0219999999999984,8.94,62.94999999999999,below,1.0
-0.0079999999999991,1.7539999999999996,8952.0,76.6,below,1.0
8.36,-0.0139999999999993,8378.0,60375.0,below,1.0
8254.0,-0.0219999999999984,8266.0,53.64999999999999,below,1.0
9384.0,-0.0259999999999998,9398.0,61.20000000000002,below,1.0
-0.0079999999999991,0.7839999999999989,9558.0,75725.0,below,1.0
8178.0,-0.0279999999999986,8.19,45975.0,below,1.0
-0.0060000000000002,-0.0180000000000006,9696.0,65.17500000000001,below,1.0
10014.0,-0.0219999999999984,10014.0,62175.0,below,1.0
9098.0,-0.0139999999999993,9116.0,60.45,below,1.0
-0.0159999999999982,0.7680000000000007,9412.0,69.27499999999999,below,1.0
9.3,-0.0159999999999982,9314.0,68.55,below,1.0
8402.0,-0.0219999999999984,8412.0,61.07499999999999,below,1.0
8798.0,-0.0219999999999984,8.81,52.69999999999999,below,1.0
-0.0060000000000002,1.5099999999999998,8194.0,75.49999999999999,below,1.0
-0.0139999999999993,-0.0199999999999995,8.98,69.04999999999998,below,0.0
9274.0,-0.0180000000000006,9292.0,57.05,below,1.0
9.59,-0.0240000000000009,9602.0,60.3,below,1.0
9626.0,-0.0219999999999984,9636.0,62.27499999999999,below,1.0
-0.0139999999999993,-0.0199999999999995,9456.0,48.95,below,1.0
9.77,-0.0259999999999998,9782.0,60.2,below,1.0
9208.0,-0.0199999999999995,9.22,59175.0,below,1.0
8924.0,-0.0199999999999995,8.94,55925.0,below,1.0
9592.0,-0.0240000000000009,9602.0,66.12499999999999,below,1.0
9436.0,-0.0240000000000009,9.45,62375.0,below,1.0
9196.0,-0.0219999999999984,9202.0,63625.0,below,0.0
8636.0,-0.0199999999999995,8648.0,59.07500000000002,below,1.0
9644.0,-0.0199999999999995,9658.0,65375.0,below,1.0
8.35,-0.0199999999999995,8364.0,62.79999999999998,below,1.0
9528.0,-0.0219999999999984,9.54,60625.0,below,1.0
8698.0,-0.0199999999999995,8712.0,65.17500000000001,below,1.0
-0.0139999999999993,-0.0139999999999993,8506.0,65.14999999999999,below,1.0
-0.0139999999999993,0.1379999999999999,9.69,64375.0,below,1.0
8276.0,-0.0240000000000009,8286.0,51725.0,below,1.0
-0.0120000000000004,-0.0159999999999982,9.08,57.47500000000001,below,1.0
8532.0,-0.0240000000000009,8542.0,54225.0,below,1.0
8.91,-0.0240000000000009,8924.0,57.67500000000001,below,1.0
9034.0,-0.0219999999999984,9046.0,61.97500000000001,below,1.0
9.39,-0.0159999999999982,9404.0,70.52499999999999,below,1.0
8722.0,-0.0159999999999982,8742.0,55.875000000000014,below,1.0
9062.0,-0.0199999999999995,9074.0,65.85000000000001,below,1.0
8352.0,-0.0219999999999984,8366.0,61175.0,below,1.0
8082.0,-0.0199999999999995,8094.0,53.60000000000001,below,1.0
-0.0139999999999993,-0.0240000000000009,9678.0,59.80000000000001,below,1.0
8766.0,-0.0240000000000009,8.78,53125.0,below,1.0
8988.0,-0.0240000000000009,8998.0,57.25,below,1.0
8588.0,-0.0199999999999995,8.6,54.69999999999999,below,1.0
9572.0,-0.0180000000000006,9586.0,66875.0,below,1.0
9958.0,-0.0219999999999984,9.97,61225.0,below,1.0
9.87,-0.0219999999999984,9882.0,56.80000000000001,below,1.0
8.74,-0.0139999999999993,8756.0,62.6,below,1.0
9032.0,-0.0199999999999995,9044.0,65.97500000000001,below,1.0
9.6,-0.0199999999999995,9612.0,62.20000000000002,below,1.0
9766.0,-0.0240000000000009,9776.0,66.17500000000001,below,1.0
9.42,-0.0219999999999984,9.44,57.85,below,1.0
8952.0,-0.0199999999999995,8972.0,56975.0,below,1.0
8.85,-0.0219999999999984,8862.0,54.1,below,1.0
9858.0,-0.0199999999999995,9.87,73.44999999999999,below,1.0
8822.0,-0.0199999999999995,8836.0,61675.0,below,1.0
-0.0120000000000004,-0.0219999999999984,9866.0,60.07499999999999,below,1.0
8.4,-0.0180000000000006,8418.0,54.525000000000006,below,1.0
8256.0,-0.0139999999999993,8274.0,59.89999999999999,below,1.0
8.32,-0.0219999999999984,8336.0,61825.0,below,1.0
8438.0,-0.0199999999999995,8.45,54.02499999999999,below,1.0
9528.0,-0.0219999999999984,9542.0,66.55,below,1.0
-0.0079999999999991,1.524000000000001,9612.0,76.49999999999999,below,1.0
9224.0,-0.0180000000000006,9238.0,65.65,below,1.0
8148.0,-0.0139999999999993,8166.0,58375.0,below,1.0
9986.0,-0.0240000000000009,9988.0,69.32499999999999,below,0.0
8556.0,-0.0240000000000009,8568.0,56.25,below,1.0
8132.0,-0.0180000000000006,8148.0,54.60000000000001,below,1.0
9718.0,-0.0240000000000009,9728.0,65025.0,below,0.0
9212.0,-0.0199999999999995,9224.0,67.95,below,1.0
8838.0,-0.0219999999999984,8.85,65.95,below,1.0
8272.0,-0.0240000000000009,8284.0,49825.0,below,1.0
9.96,-0.0159999999999982,9968.0,56.650000000000006,below,1.0
9.73,-0.0219999999999984,9738.0,68575.0,below,0.0
8932.0,-0.0240000000000009,8944.0,53925.0,below,1.0
8776.0,-0.0219999999999984,8.79,64.85000000000001,below,1.0
8872.0,-0.0240000000000009,8.88,59475.0,below,0.0
-0.0139999999999993,-0.0219999999999984,9526.0,57.25,below,1.0
8938.0,-0.0199999999999995,8952.0,63.3,below,1.0
8312.0,-0.0199999999999995,8324.0,62475.0,below,1.0
9718.0,-0.0240000000000009,9728.0,65025.0,below,0.0
8.97,-0.0180000000000006,8984.0,65.75,below,1.0
8368.0,-0.0199999999999995,8382.0,61.97500000000001,below,1.0
8772.0,-0.0240000000000009,8.78,58.775000000000006,below,1.0
8.33,-0.0240000000000009,8342.0,52.22500000000001,below,1.0
8434.0,-0.0219999999999984,8448.0,53.8,below,1.0
8546.0,-0.0180000000000006,8554.0,59.35,below,0.0
9244.0,-0.0219999999999984,9258.0,66.65,below,1.0
9646.0,-0.0219999999999984,9654.0,69.27499999999999,below,0.0
9284.0,-0.0199999999999995,9302.0,57.80000000000001,below,1.0
8468.0,-0.0240000000000009,8.48,55.1,below,1.0
-0.0120000000000004,718.0,8668.0,74325.0,below,1.0
8144.0,-0.0240000000000009,8154.0,50.64999999999999,below,1.0
9408.0,-0.0180000000000006,9418.0,68.75,below,1.0
9256.0,-0.0199999999999995,9268.0,67625.0,below,1.0
-0.0139999999999993,-0.0240000000000009,9.81,55.1,below,1.0
-0.0139999999999993,-0.0240000000000009,9372.0,60.27499999999999,below,1.0
9732.0,-0.0240000000000009,9746.0,65.32500000000002,below,1.0
8446.0,-0.0219999999999984,8.46,53225.0,below,1.0
9734.0,-0.0199999999999995,9.75,54725.0,below,1.0
8354.0,-0.0199999999999995,8368.0,61125.0,below,1.0
9358.0,-0.0180000000000006,9.37,66.85000000000001,below,1.0
-0.0060000000000002,0.6920000000000002,8456.0,81.35,below,1.0
9502.0,-0.0240000000000009,9514.0,62325.0,below,1.0
9124.0,-0.0219999999999984,9.14,56.0,below,1.0
9464.0,-0.0180000000000006,9.48,69.15,below,1.0
8288.0,-0.0159999999999982,8308.0,55.77499999999999,below,1.0
-0.0240000000000009,-0.0219999999999984,8.32,60475.0,below,1.0
-0.0259999999999998,-0.0199999999999995,8142.0,53175.0,below,1.0
9198.0,-0.0199999999999995,9214.0,54.62499999999999,below,1.0
8316.0,-0.0180000000000006,8328.0,62.25,below,1.0
9478.0,-0.0199999999999995,9488.0,66625.0,below,1.0
8.53,-0.0219999999999984,8.54,57075.0,below,1.0
8.3,-0.0199999999999995,8316.0,51.82500000000002,below,1.0
-0.0159999999999982,-0.0240000000000009,9052.0,51.75,below,1.0
9136.0,-0.0199999999999995,9156.0,55.82499999999999,below,1.0
8532.0,-0.0180000000000006,8548.0,58.72500000000001,below,1.0
-0.0279999999999986,-0.0240000000000009,8.11,55.72500000000001,below,1.0
9228.0,-0.0259999999999998,9242.0,53.275000000000006,below,1.0
8.37,-0.0219999999999984,8384.0,63.07499999999999,below,1.0
9918.0,-0.0139999999999993,9934.0,62425.0,below,1.0
8662.0,-0.0219999999999984,8676.0,49725.0,below,1.0
8936.0,-0.0240000000000009,8948.0,57.525000000000006,below,1.0
8.16,-0.0199999999999995,8172.0,62.775000000000006,below,1.0
8828.0,-0.0199999999999995,8.84,61.1,below,1.0
8488.0,-0.0219999999999984,8498.0,54225.0,below,1.0
-0.0139999999999993,-0.0240000000000009,10118.0,56.47500000000001,below,1.0
8.93,-0.0199999999999995,8.94,63.35,below,1.0
9908.0,-0.0180000000000006,9914.0,72.22500000000001,below,1.0
8758.0,-0.0219999999999984,8.77,52.1,below,1.0
8698.0,-0.0219999999999984,8714.0,51175.0,below,1.0
8.33,-0.0139999999999993,8346.0,58.275000000000006,below,1.0
9976.0,-0.0180000000000006,9988.0,68.25000000000001,below,1.0
9396.0,-0.0240000000000009,9408.0,67.10000000000001,below,1.0
-0.0079999999999991,2.08,7946.0,74175.0,below,1.0
8798.0,-0.0180000000000006,8816.0,56075.0,below,1.0
8184.0,-0.0240000000000009,8198.0,52.2,below,1.0
-0.0060000000000002,1818.0,9402.0,74.15,below,1.0
9164.0,-0.0199999999999995,9174.0,69.24999999999999,below,1.0
8938.0,-0.0219999999999984,8.95,54.45,below,1.0
9.62,-0.0219999999999984,9622.0,73.32499999999999,below,0.0
9408.0,-0.0240000000000009,9.42,58.1,below,1.0
8472.0,-0.0180000000000006,8.49,57125.0,below,1.0
9368.0,-0.0199999999999995,9382.0,67.35,below,1.0
9822.0,-0.0219999999999984,9834.0,69.64999999999999,below,1.0
8644.0,-0.0219999999999984,8656.0,56.2,below,1.0
-0.0139999999999993,0.120000000000001,9624.0,70275.0,below,0.0
9.59,-0.0199999999999995,9.6,68.37500000000001,below,0.0
8676.0,-0.0279999999999986,8688.0,56.72500000000001,below,1.0
8.8,-0.0159999999999982,8818.0,59375.0,below,1.0
9784.0,-0.0219999999999984,9792.0,64575.0,below,1.0
8366.0,-0.0219999999999984,8378.0,54.400000000000006,below,1.0
9.64,-0.0240000000000009,9.65,62.5,below,1.0
9352.0,-0.0240000000000009,9358.0,66475.0,below,0.0
-0.0219999999999984,-0.0240000000000009,8.52,53.3,below,1.0
9724.0,-0.0180000000000006,9736.0,67.17500000000001,below,1.0
9914.0,-0.0199999999999995,9.92,72475.0,below,1.0
9884.0,-0.0199999999999995,9896.0,71.44999999999999,below,1.0
9802.0,-0.0199999999999995,9814.0,68.45000000000002,below,1.0
-0.0159999999999982,-0.0240000000000009,9388.0,49825.0,below,1.0
9052.0,-0.0219999999999984,9066.0,58125.0,below,1.0
8278.0,-0.0219999999999984,8288.0,53.8,below,1.0
9396.0,-0.0219999999999984,9414.0,57.80000000000001,below,1.0
9298.0,-0.0199999999999995,9316.0,58.67500000000001,below,1.0
8702.0,-0.0139999999999993,8718.0,70025.0,below,1.0
8158.0,-0.0180000000000006,8.17,64.6,below,1.0
-0.0139999999999993,-0.0240000000000009,9508.0,59.89999999999999,below,1.0
-0.0279999999999986,-0.0240000000000009,8134.0,58.07500000000002,below,0.0
9484.0,-0.0240000000000009,9496.0,65.75,below,1.0
8.66,-0.0219999999999984,8674.0,54075.0,below,1.0
8844.0,-0.0199999999999995,8854.0,54225.0,below,1.0
10078.0,-0.0219999999999984,10074.0,64.12500000000001,below,1.0
8268.0,-0.0199999999999995,8.28,56.62499999999999,below,1.0
-0.0120000000000004,-0.0219999999999984,9402.0,57.80000000000001,below,1.0
8508.0,-0.0199999999999995,8522.0,61.94999999999999,below,1.0
-0.0120000000000004,-0.0240000000000009,10134.0,72.55,below,0.0
8386.0,-0.0159999999999982,8402.0,63.55,below,1.0
9826.0,-0.0219999999999984,9836.0,65.25000000000001,below,1.0
-0.009999999999998,1.8200000000000005,9182.0,77.1,below,1.0
9.99,-0.0180000000000006,9996.0,59.45,below,1.0
8958.0,-0.0219999999999984,8972.0,57325.0,below,1.0
9.92,-0.0259999999999998,9.93,64475.0,below,1.0
-0.0120000000000004,0.7800000000000011,9548.0,76.29999999999998,below,1.0
9464.0,-0.0199999999999995,9482.0,55.02499999999999,below,1.0
8474.0,-0.0240000000000009,8.48,60.400000000000006,below,0.0
9824.0,-0.0219999999999984,9836.0,59.02499999999999,below,1.0
9.89,-0.0240000000000009,9898.0,70.44999999999999,below,1.0
8716.0,-0.0159999999999982,8734.0,58.7,below,1.0
9882.0,-0.0199999999999995,9.89,71.15,below,1.0
9454.0,-0.0180000000000006,9474.0,59125.0,below,1.0
8172.0,-0.0199999999999995,8186.0,59.35,below,1.0
8626.0,-0.0219999999999984,8636.0,59.60000000000001,below,1.0
9574.0,-0.0219999999999984,9584.0,69825.0,below,0.0
-0.0060000000000002,2.140000000000001,8012.0,73825.0,below,1.0
9306.0,-0.0199999999999995,9.32,64.27499999999999,below,1.0
9614.0,-0.0139999999999993,9628.0,71025.0,below,1.0
-0.0180000000000006,-0.0180000000000006,8672.0,53.8,below,1.0
8.71,-0.0240000000000009,8.72,53325.0,below,1.0
-0.0120000000000004,0.7140000000000004,8668.0,74.52499999999999,below,1.0
8148.0,-0.0240000000000009,8.16,51325.0,below,1.0
8608.0,-0.0199999999999995,8624.0,55375.0,below,1.0
9158.0,-0.0219999999999984,9168.0,67475.0,below,1.0
8424.0,-0.0199999999999995,8438.0,60.87499999999999,below,1.0
8208.0,-0.0259999999999998,8218.0,49.02499999999999,below,1.0
9394.0,-0.0219999999999984,9406.0,63575.0,below,1.0
9028.0,-0.0180000000000006,9044.0,60.45,below,1.0
9848.0,-0.0159999999999982,9862.0,62.650000000000006,below,1.0
8468.0,-0.0199999999999995,8.48,59.07500000000002,below,1.0
8762.0,-0.0219999999999984,8772.0,57175.0,below,1.0
-0.0120000000000004,-0.0219999999999984,8.83,58.875000000000014,below,1.0
8274.0,-0.0219999999999984,8288.0,52725.0,below,1.0
8204.0,-0.0139999999999993,8218.0,58975.0,below,1.0
8712.0,-0.0219999999999984,8724.0,59.2,below,1.0
9246.0,-0.0219999999999984,9258.0,66.3,below,1.0
8292.0,-0.0219999999999984,8306.0,50725.0,below,1.0
-0.0120000000000004,-0.0219999999999984,10.04,67.27499999999999,below,1.0
-0.0279999999999986,-0.0240000000000009,8034.0,52.42500000000001,below,1.0
8236.0,-0.0199999999999995,8248.0,61.07499999999999,below,1.0
-0.0060000000000002,2032.0,8902.0,73.05,below,1.0
8.71,-0.0199999999999995,8722.0,58.67500000000001,below,1.0
8182.0,-0.0219999999999984,8194.0,57.69999999999999,below,1.0
10138.0,1.7439999999999998,10154.0,71.15,above,1.0
8798.0,-0.0240000000000009,8812.0,53.69999999999999,below,1.0
8864.0,-0.0240000000000009,8874.0,59.60000000000001,below,1.0
8772.0,-0.0199999999999995,8786.0,62.07499999999999,below,1.0
9512.0,-0.0180000000000006,9.53,59375.0,below,1.0
9.86,-0.0219999999999984,9866.0,69825.0,below,1.0
-0.0139999999999993,-0.0139999999999993,8506.0,65.14999999999999,below,1.0
8314.0,-0.0219999999999984,8328.0,55425.0,below,1.0
9294.0,-0.0219999999999984,9.31,53.400000000000006,below,1.0
8158.0,-0.0240000000000009,8166.0,69.15,below,0.0
-0.0159999999999982,-0.0180000000000006,8708.0,54325.0,below,1.0
8314.0,-0.0240000000000009,8324.0,49625.0,below,1.0
8406.0,-0.0159999999999982,8422.0,56.47500000000001,below,1.0
8136.0,-0.0139999999999993,8.15,69625.0,below,1.0
9596.0,-0.0180000000000006,9616.0,60.75,below,1.0
9668.0,-0.0219999999999984,9678.0,63825.0,below,1.0
9602.0,-0.0199999999999995,9612.0,63.94999999999999,below,1.0
8118.0,-0.0180000000000006,8132.0,56.5,below,1.0
9062.0,-0.0199999999999995,9076.0,67.35,below,1.0
-0.0139999999999993,-0.0199999999999995,9.12,50.400000000000006,below,1.0
9984.0,-0.0259999999999998,9988.0,68.17500000000001,below,1.0
9412.0,-0.0259999999999998,9418.0,49.1,below,0.0
8152.0,-0.0199999999999995,8.17,55.35000000000001,below,1.0
8996.0,-0.0259999999999998,9008.0,48.55000000000001,below,1.0
9.04,-0.0259999999999998,9.05,61.97500000000001,below,0.0
8506.0,-0.0139999999999993,8524.0,59.525000000000006,below,1.0
-0.0139999999999993,-0.0139999999999993,8506.0,65.14999999999999,below,1.0
8158.0,-0.0180000000000006,8.17,64.6,below,1.0
8786.0,-0.0199999999999995,8806.0,53.62499999999999,below,1.0
8848.0,-0.0219999999999984,8.86,60.3,below,1.0
8436.0,-0.0259999999999998,8444.0,57975.0,below,0.0
9952.0,-0.0180000000000006,9958.0,56.400000000000006,below,1.0
8834.0,-0.0180000000000006,8852.0,56325.0,below,1.0
-0.0139999999999993,-0.0219999999999984,8994.0,63.3,below,1.0
8786.0,-0.0219999999999984,8794.0,58.650000000000006,below,0.0
9788.0,-0.0219999999999984,9806.0,57.72500000000001,below,1.0
9624.0,-0.0180000000000006,9644.0,58.67500000000001,below,1.0
8158.0,-0.0180000000000006,8.17,64.6,above,0.0
-0.0060000000000002,0.9580000000000002,9694.0,78.19999999999999,below,1.0
9006.0,-0.0199999999999995,9024.0,51.8,below,1.0
-0.0040000000000013,1942.0,7.9,76.57499999999999,below,1.0
8584.0,-0.0219999999999984,8598.0,55.750000000000014,below,1.0
8324.0,-0.0159999999999982,8338.0,56.3,below,1.0
-0.0159999999999982,-0.0219999999999984,9164.0,64675.0,below,1.0
8092.0,-0.0219999999999984,8104.0,56.82499999999999,below,1.0
9.51,-0.0300000000000011,9522.0,44.1,below,1.0
9.62,-0.0259999999999998,9.63,59.89999999999999,below,1.0
8.27,-0.0240000000000009,8284.0,49225.0,below,1.0
8242.0,-0.0159999999999982,8256.0,56.1,below,1.0
9608.0,-0.0120000000000004,9622.0,72.39999999999999,below,1.0
8554.0,-0.0199999999999995,8568.0,61.07499999999999,below,1.0
9194.0,-0.0180000000000006,9212.0,57.69999999999999,below,1.0
9.18,-0.0219999999999984,9192.0,59.92500000000001,below,1.0
9328.0,-0.0219999999999984,9.34,63175.0,below,1.0
8948.0,-0.0159999999999982,8964.0,57.80000000000001,below,1.0
9194.0,-0.0219999999999984,9206.0,66.65,below,1.0
9568.0,-0.0259999999999998,9.58,64.97500000000001,below,1.0
8102.0,-0.0199999999999995,8116.0,53.1,below,1.0
9802.0,-0.0240000000000009,9.81,63.7,below,1.0
-0.0120000000000004,0.1440000000000001,9604.0,70.75,below,0.0
8542.0,-0.0219999999999984,8556.0,56.02499999999999,below,1.0
8918.0,-0.0240000000000009,8928.0,54.1,below,1.0
9492.0,-0.0180000000000006,9.51,57.89999999999999,below,1.0
-0.0120000000000004,-0.0199999999999995,9428.0,70.39999999999999,below,1.0
8326.0,-0.0219999999999984,8338.0,54725.0,below,1.0
-0.0139999999999993,-0.0219999999999984,9228.0,56.400000000000006,below,1.0
9.99,-0.0219999999999984,9.99,70.64999999999999,below,1.0
-0.0139999999999993,-0.0139999999999993,8506.0,65.14999999999999,above,0.0
8306.0,-0.0240000000000009,8316.0,56.80000000000001,below,1.0
9.23,-0.0159999999999982,9246.0,57.14999999999999,below,1.0
-0.009999999999998,0.7480000000000011,9.53,75875.0,below,1.0
8352.0,-0.0259999999999998,8364.0,57.67500000000001,below,1.0
8756.0,-0.0199999999999995,8772.0,56.69999999999999,below,1.0
9036.0,-0.0240000000000009,9.05,57.0,below,1.0
8654.0,-0.0199999999999995,8672.0,54325.0,below,1.0
8116.0,-0.0259999999999998,8128.0,53725.0,below,1.0
9372.0,-0.0219999999999984,9384.0,55.400000000000006,below,1.0
9.62,-0.0240000000000009,9626.0,68.15,below,0.0
8204.0,-0.0219999999999984,8216.0,61.97500000000001,below,1.0
8086.0,-0.0240000000000009,8.1,57425.0,below,1.0
9424.0,-0.0240000000000009,9436.0,66.05000000000001,below,1.0
8502.0,-0.0219999999999984,8514.0,56.400000000000006,below,1.0
9.02,-0.0199999999999995,9036.0,56.47500000000001,below,1.0
8564.0,-0.0259999999999998,8574.0,58.775000000000006,below,0.0
-0.0139999999999993,-0.0139999999999993,8506.0,65.14999999999999,below,1.0
9162.0,-0.0159999999999982,9.18,59475.0,below,1.0
9.26,-0.0240000000000009,9274.0,56.69999999999999,below,1.0
9584.0,-0.0199999999999995,9604.0,57.80000000000001,below,1.0
8.5,-0.0219999999999984,8.51,65475.0,below,1.0
8.53,-0.0240000000000009,8542.0,54.2,below,1.0
8.93,-0.0180000000000006,8946.0,67.15,below,1.0
8408.0,-0.0240000000000009,8418.0,50.52499999999999,below,1.0
8238.0,-0.0240000000000009,8248.0,49.45,below,1.0
8.99,-0.0240000000000009,9.0,59975.0,below,1.0
8.73,-0.0259999999999998,8746.0,51.75,below,1.0
9468.0,-0.0259999999999998,9482.0,66.65,below,1.0
9272.0,-0.0180000000000006,9.29,51725.0,below,1.0
9.61,-0.0259999999999998,9616.0,65875.0,below,0.0
-0.0139999999999993,-0.0240000000000009,9.03,71.55,below,0.0
-0.009999999999998,-0.0199999999999995,10104.0,57375.0,below,1.0
9736.0,-0.0240000000000009,9746.0,62.775000000000006,below,1.0
9046.0,-0.0199999999999995,9058.0,61.07499999999999,below,1.0
9922.0,-0.0259999999999998,9.93,66.95,below,1.0
9.93,-0.0199999999999995,9.94,65.17500000000001,below,1.0
9.98,-0.0240000000000009,9984.0,66.95,below,1.0
8.09,-0.0219999999999984,8.1,57.0,below,1.0
8418.0,-0.0219999999999984,8424.0,69075.0,below,0.0
8586.0,-0.0219999999999984,8594.0,59225.0,below,0.0
8448.0,-0.0219999999999984,8.46,53.82499999999999,below,1.0
8342.0,-0.0180000000000006,8362.0,55.62499999999999,below,1.0
9578.0,-0.0219999999999984,9594.0,57.775000000000006,below,1.0
-0.0180000000000006,-0.0259999999999998,9022.0,50.29999999999998,below,1.0
9446.0,-0.0219999999999984,9458.0,65225.0,below,1.0
-0.0120000000000004,-0.0199999999999995,9216.0,68.15,below,1.0
9738.0,-0.0279999999999986,9744.0,56.400000000000006,below,0.0
8.39,-0.0219999999999984,8404.0,54.5,below,1.0
8634.0,-0.0240000000000009,8648.0,57425.0,below,1.0
-0.0120000000000004,-0.0219999999999984,10132.0,70925.0,below,1.0
-0.009999999999998,-0.0180000000000006,9826.0,56975.0,below,1.0
-0.0300000000000011,-0.0219999999999984,8.12,54225.0,below,1.0
8274.0,-0.0240000000000009,8284.0,55.89999999999999,below,1.0
9594.0,-0.0240000000000009,9608.0,67.15,below,1.0
9274.0,-0.0199999999999995,9288.0,56325.0,below,1.0
8.17,-0.0120000000000004,8184.0,64525.0,below,1.0
-0.0120000000000004,-0.0219999999999984,9.54,67.55,below,1.0
9906.0,-0.0199999999999995,9912.0,70.95,below,1.0
8694.0,-0.0219999999999984,8706.0,55.875000000000014,below,1.0
8.69,-0.0240000000000009,8702.0,55325.0,below,1.0
-0.009999999999998,-0.0199999999999995,8894.0,72.35000000000001,below,1.0
8712.0,-0.0199999999999995,8728.0,55.82499999999999,below,1.0
9054.0,-0.0199999999999995,9.07,57125.0,below,1.0
8244.0,-0.0240000000000009,8256.0,53725.0,below,1.0
9272.0,-0.0219999999999984,9288.0,53.64999999999999,below,1.0
9368.0,-0.0259999999999998,9.38,56325.0,below,1.0
-0.0159999999999982,-0.0180000000000006,8.36,64625.0,below,1.0
-0.0060000000000002,2458.0,7.571999999999999,68.75,below,1.0
-0.009999999999998,-0.0240000000000009,9844.0,68.32499999999999,below,0.0
9374.0,-0.0159999999999982,9392.0,59.14999999999999,below,1.0
8088.0,-0.0240000000000009,8098.0,54725.0,below,1.0
9582.0,-0.0240000000000009,9588.0,67.39999999999999,below,0.0
8308.0,-0.0180000000000006,8326.0,55325.0,below,1.0
9306.0,-0.0219999999999984,9312.0,66.6,below,0.0
8532.0,-0.0240000000000009,8544.0,55.650000000000006,below,1.0
-0.0159999999999982,-0.0139999999999993,8.4,65.27499999999999,below,1.0
-0.0180000000000006,-0.0219999999999984,8754.0,54975.0,below,1.0
8176.0,-0.0159999999999982,8.19,56.650000000000006,below,1.0
8392.0,-0.0240000000000009,8402.0,52.625000000000014,below,1.0
-0.0139999999999993,-0.0139999999999993,8506.0,65.14999999999999,below,1.0
9118.0,-0.0219999999999984,9132.0,54.150000000000006,below,1.0
9586.0,-0.0240000000000009,9594.0,66.7,below,0.0
9.85,-0.0159999999999982,9862.0,70725.0,below,1.0
9386.0,-0.0219999999999984,9402.0,56325.0,below,1.0
-0.0060000000000002,1.6999999999999993,7888.0,75.89999999999999,below,1.0
9668.0,-0.0219999999999984,9686.0,55.400000000000006,below,1.0
9.04,-0.0199999999999995,9052.0,60575.0,below,1.0
8216.0,-0.0199999999999995,8232.0,55.400000000000006,below,1.0
8314.0,-0.0139999999999993,8334.0,55.60000000000001,below,1.0
-0.0079999999999991,1802.0,9434.0,73925.0,below,1.0
-0.0120000000000004,-0.0159999999999982,8968.0,68.05000000000001,below,1.0
9698.0,-0.0240000000000009,9708.0,67.27499999999999,below,1.0
9.45,-0.0240000000000009,9462.0,58.60000000000001,below,1.0
9066.0,-0.0159999999999982,9082.0,67925.0,below,1.0
9.06,-0.0180000000000006,9078.0,58175.0,below,1.0
8112.0,-0.0240000000000009,8.12,49225.0,below,1.0
8554.0,-0.0159999999999982,8568.0,59.87499999999999,below,1.0
-0.0139999999999993,-0.0139999999999993,8506.0,65.14999999999999,below,1.0
-0.0120000000000004,-0.0199999999999995,9082.0,59.775000000000006,below,1.0
8136.0,-0.0219999999999984,8.15,60.5,below,1.0
9588.0,-0.0199999999999995,9606.0,57.47500000000001,below,1.0
8444.0,-0.0199999999999995,8454.0,54125.0,below,1.0
9.87,-0.0259999999999998,9876.0,68.95,below,0.0
9692.0,-0.0259999999999998,9704.0,67575.0,below,1.0
8538.0,-0.0219999999999984,8548.0,59475.0,below,1.0
-0.0219999999999984,-0.0219999999999984,8216.0,64.27499999999999,below,1.0
8.7,-0.0180000000000006,8716.0,58.2,below,1.0
8.65,-0.0199999999999995,8668.0,55.45,below,1.0
-0.0060000000000002,1.8260000000000003,9416.0,74.77499999999999,below,1.0
10204.0,-0.0240000000000009,10198.0,68.30000000000001,below,1.0
9678.0,-0.0219999999999984,9688.0,63.85000000000001,below,1.0
-0.0219999999999984,-0.0139999999999993,8004.0,59.2,below,1.0
9.0,-0.0219999999999984,9012.0,61.60000000000001,below,1.0
8274.0,-0.0180000000000006,8286.0,59.67499999999998,below,0.0
9556.0,-0.0199999999999995,9574.0,57.72500000000001,below,1.0
9186.0,-0.0199999999999995,9198.0,57225.0,below,1.0
8216.0,-0.0279999999999986,8228.0,48825.0,below,1.0
8146.0,-0.0199999999999995,8162.0,63375.0,below,1.0
9506.0,-0.0219999999999984,9.52,67.35,below,1.0
8.32,-0.0240000000000009,8.33,53.8,below,1.0
-0.0199999999999995,-0.0199999999999995,8514.0,59.000000000000014,below,1.0
8.55,-0.0199999999999995,8564.0,60.02499999999999,below,1.0
9326.0,-0.0199999999999995,9342.0,57.775000000000006,below,1.0
8194.0,-0.0240000000000009,8206.0,56.1,below,1.0
8578.0,-0.0279999999999986,8.59,51.1,below,1.0
-0.009999999999998,2.1239999999999988,7.960000000000001,75075.0,below,1.0
-0.0060000000000002,2218.0,8.13,76375.0,below,1.0
9718.0,-0.0240000000000009,9728.0,65025.0,below,0.0
9048.0,-0.0219999999999984,9062.0,63.45,below,1.0
0.0739999999999998,7.98,9998.0,57375.0,below,1.0
8542.0,-0.0180000000000006,8558.0,55.69999999999999,below,1.0
9688.0,-0.0259999999999998,9698.0,65.95,below,1.0
9862.0,-0.0219999999999984,9872.0,61.75,below,1.0
9624.0,-0.0180000000000006,9638.0,56325.0,below,1.0
8502.0,-0.0199999999999995,8516.0,55.69999999999999,below,1.0
9356.0,-0.0159999999999982,9372.0,58.775000000000006,below,1.0
8564.0,-0.0180000000000006,8.58,64.72500000000001,below,1.0
9358.0,-0.0180000000000006,9374.0,57.5,below,1.0
8.85,-0.0199999999999995,8864.0,62625.0,below,1.0
8306.0,-0.0240000000000009,8318.0,52.0,below,1.0
9624.0,-0.0240000000000009,9638.0,63825.0,below,1.0
-0.0060000000000002,-0.0240000000000009,9956.0,72.15,below,1.0
8.74,-0.0139999999999993,8.76,59.5,below,1.0
8808.0,-0.0219999999999984,8816.0,62.525000000000006,below,0.0
-0.0060000000000002,1.9920000000000009,7634.0,74.85,below,1.0
9686.0,-0.0219999999999984,9.7,56.650000000000006,below,1.0
9838.0,-0.0199999999999995,9.85,63675.0,below,1.0
9034.0,-0.0219999999999984,9.05,63.3,below,1.0
9828.0,-0.0159999999999982,9.84,61.75,below,1.0
8458.0,-0.0219999999999984,8472.0,56.25,below,1.0
8662.0,-0.0240000000000009,8672.0,64.32500000000002,below,0.0
9544.0,-0.0240000000000009,9554.0,61.5,below,1.0
8204.0,-0.0240000000000009,8214.0,51075.0,below,1.0
9452.0,-0.0219999999999984,9464.0,66775.0,below,1.0
9376.0,-0.0240000000000009,9388.0,62.07499999999999,below,1.0
9.07,-0.0219999999999984,9082.0,60.7,below,1.0
10106.0,-0.0219999999999984,10.11,69.97500000000001,below,0.0
8156.0,-0.0219999999999984,8166.0,53.525000000000006,below,1.0
9.02,-0.0180000000000006,9032.0,66.25000000000001,below,1.0
8728.0,-0.0219999999999984,8.74,55.2,below,1.0
8904.0,-0.0219999999999984,8918.0,49.45,below,1.0
-0.009999999999998,-0.0180000000000006,9176.0,66.85000000000001,below,1.0
8628.0,-0.0139999999999993,8642.0,57975.0,below,1.0
9744.0,-0.0240000000000009,9756.0,60575.0,below,1.0
8406.0,-0.0240000000000009,8416.0,63.27499999999999,below,0.0
-0.0060000000000002,2026.0,8866.0,73.50000000000001,below,1.0
10.01,-0.0259999999999998,10012.0,68.45000000000002,below,0.0
8208.0,-0.0259999999999998,8.22,55.400000000000006,below,1.0
9718.0,-0.0159999999999982,9734.0,62.05000000000001,below,1.0
8822.0,-0.0240000000000009,8834.0,59575.0,below,1.0
8518.0,-0.0219999999999984,8.53,63375.0,below,1.0
8.49,-0.0240000000000009,8504.0,54.02499999999999,below,1.0
9504.0,-0.0180000000000006,9.52,60575.0,below,1.0
-0.0279999999999986,-0.0259999999999998,8.08,49.02499999999999,below,1.0
9202.0,-0.0240000000000009,9214.0,57.69999999999999,below,1.0
-0.0219999999999984,-0.0199999999999995,8044.0,58.02499999999999,below,1.0
-0.0199999999999995,-0.0219999999999984,8.44,62.97500000000001,below,1.0
9262.0,-0.0219999999999984,9274.0,59.89999999999999,below,1.0
9114.0,-0.0199999999999995,9132.0,56.72500000000001,below,1.0
9576.0,-0.0240000000000009,9588.0,59.275000000000006,below,1.0
9474.0,-0.0219999999999984,9488.0,58.60000000000001,below,1.0
-0.0139999999999993,1.3440000000000012,4.678000000000001,57.05,below,1.0
8252.0,-0.0219999999999984,8266.0,50825.0,below,1.0
9574.0,-0.0199999999999995,9586.0,62475.0,below,1.0
9272.0,-0.0259999999999998,9284.0,66575.0,below,1.0
-0.0120000000000004,-0.0259999999999998,5372.0,36075.0,below,1.0
8148.0,-0.0199999999999995,8162.0,51.0,below,1.0
-0.0139999999999993,-0.0139999999999993,8506.0,65.14999999999999,below,1.0
-0.0159999999999982,-0.0199999999999995,8848.0,64.17500000000001,below,1.0
9914.0,-0.0199999999999995,9926.0,70.17500000000001,below,1.0
8714.0,-0.0279999999999986,8726.0,46575.0,below,1.0
9324.0,-0.0199999999999995,9338.0,56.60000000000001,below,1.0
8676.0,-0.0259999999999998,8688.0,52975.0,below,1.0
9872.0,-0.0240000000000009,9884.0,70.17500000000001,below,1.0
9.53,-0.0199999999999995,9542.0,59975.0,below,1.0
8704.0,-0.0199999999999995,8718.0,66.05000000000001,below,1.0
-0.0120000000000004,-0.0180000000000006,9446.0,53725.0,below,1.0
-0.0139999999999993,-0.0139999999999993,8506.0,65.14999999999999,below,1.0
-0.0180000000000006,-0.0180000000000006,8.79,53.49999999999999,below,1.0
8972.0,-0.0219999999999984,8988.0,53925.0,below,1.0
9444.0,-0.0219999999999984,9458.0,64575.0,below,1.0
8.85,-0.0240000000000009,8862.0,57.60000000000001,below,1.0
8408.0,-0.0199999999999995,8.42,59575.0,below,1.0
9.37,-0.0199999999999995,9384.0,66.92499999999998,below,1.0
8.99,-0.0219999999999984,8998.0,64575.0,below,0.0
8.22,-0.0240000000000009,8232.0,53.47500000000001,below,1.0
9308.0,-0.0199999999999995,9324.0,57.89999999999999,below,1.0
8358.0,-0.0199999999999995,8372.0,52.025000000000006,below,1.0
8782.0,-0.0240000000000009,8794.0,60375.0,below,1.0
8184.0,-0.0139999999999993,8.2,59625.0,below,1.0
9438.0,-0.0199999999999995,9.45,68.35,below,1.0
9702.0,-0.0240000000000009,9714.0,64775.0,below,1.0
8412.0,-0.0180000000000006,8426.0,62.35,below,1.0
9042.0,-0.0199999999999995,9056.0,65.17500000000001,below,1.0
8516.0,-0.0219999999999984,8534.0,54.55000000000001,below,1.0
8.73,-0.0180000000000006,8748.0,56.5,below,1.0
9718.0,-0.0240000000000009,9728.0,65025.0,below,0.0
9178.0,-0.0240000000000009,9188.0,59625.0,below,1.0
8712.0,-0.0159999999999982,8728.0,57425.0,below,1.0
-0.0139999999999993,-0.0139999999999993,8506.0,65.14999999999999,below,1.0
-0.0139999999999993,-0.0199999999999995,9166.0,64.25,below,1.0
8658.0,-0.0219999999999984,8.67,55425.0,below,1.0
8.35,-0.0240000000000009,8362.0,52.0,below,1.0
9.61,-0.0199999999999995,9624.0,66.55,below,1.0
10018.0,-0.0240000000000009,10024.0,66.10000000000001,below,1.0
9728.0,-0.0240000000000009,9738.0,65675.0,below,1.0
8478.0,-0.0139999999999993,8492.0,66.92499999999998,below,1.0
8926.0,-0.0219999999999984,8938.0,62675.0,below,1.0
8934.0,-0.0199999999999995,8944.0,57225.0,below,1.0
9936.0,-0.0199999999999995,9942.0,66.45,below,1.0
8588.0,-0.0219999999999984,8.6,57.82499999999999,below,1.0
9268.0,-0.0219999999999984,9286.0,56.72500000000001,below,1.0
8872.0,-0.0180000000000006,8886.0,65.65,below,1.0
8234.0,-0.0219999999999984,8242.0,59575.0,below,0.0
9904.0,-0.0219999999999984,9.91,71.64999999999999,below,0.0
9088.0,-0.0240000000000009,9.1,60.87499999999999,below,1.0
8.75,-0.0199999999999995,8.76,67825.0,below,1.0
8864.0,-0.0240000000000009,8876.0,57.3,below,1.0
9718.0,-0.0240000000000009,9728.0,65025.0,above,0.0
-0.0120000000000004,-0.0180000000000006,9492.0,68.22500000000001,below,1.0
9812.0,-0.0159999999999982,9.83,61.97500000000001,below,1.0
-0.0060000000000002,0.6939999999999991,8444.0,81.1,below,1.0
8276.0,-0.0259999999999998,8288.0,48.0,below,1.0
8966.0,-0.0219999999999984,8.98,52375.0,below,1.0
9928.0,-0.0199999999999995,9934.0,70.6,below,1.0
9524.0,-0.0240000000000009,9536.0,67425.0,below,1.0
8458.0,-0.0199999999999995,8472.0,62175.0,below,1.0
-0.0139999999999993,-0.0279999999999986,9828.0,69.24999999999999,below,1.0
8282.0,-0.0219999999999984,8294.0,60.2,below,1.0
9302.0,-0.0219999999999984,9316.0,69925.0,below,1.0
8824.0,-0.0159999999999982,8842.0,57975.0,below,1.0
9156.0,-0.0159999999999982,9174.0,57.5,below,1.0
-0.0199999999999995,-0.0199999999999995,8522.0,46.75,below,1.0
8916.0,-0.0240000000000009,8928.0,54.62499999999999,below,1.0
9492.0,-0.0259999999999998,9502.0,54975.0,below,1.0
8.26,-0.0199999999999995,8276.0,54925.0,below,1.0
8822.0,-0.0240000000000009,8.83,59.60000000000001,below,0.0
8.5,-0.0159999999999982,8516.0,58.275000000000006,below,1.0
8928.0,-0.0180000000000006,8946.0,59.000000000000014,below,1.0
8538.0,-0.0219999999999984,8.55,60.60000000000001,below,1.0
9046.0,-0.0259999999999998,9056.0,55.02499999999999,below,1.0
9132.0,-0.0180000000000006,9148.0,56.60000000000001,below,1.0
-0.0120000000000004,0.7259999999999991,8684.0,74.05,below,1.0
8344.0,-0.0199999999999995,8358.0,58.47500000000001,below,1.0
9068.0,-0.0219999999999984,9082.0,57375.0,below,1.0
8948.0,-0.0240000000000009,8962.0,56125.0,below,1.0
8844.0,-0.0240000000000009,8858.0,53.89999999999999,below,1.0
9136.0,-0.0139999999999993,9158.0,60.05,below,1.0
8604.0,-0.0219999999999984,8614.0,59.000000000000014,below,1.0
8588.0,-0.0139999999999993,8606.0,58.0,below,1.0
8448.0,-0.0219999999999984,8462.0,55425.0,below,1.0
-0.0060000000000002,1.7400000000000002,9416.0,73.6,below,1.0
-0.0019999999999988,2.2059999999999995,8.09,74825.0,below,1.0
8742.0,-0.0219999999999984,8754.0,58.400000000000006,below,1.0
9038.0,-0.0259999999999998,9.05,58.400000000000006,below,1.0
8158.0,-0.0180000000000006,8.17,64.6,below,1.0
9014.0,-0.0180000000000006,9.03,56.525000000000006,below,1.0
10.01,-0.0199999999999995,10.01,73.05,below,1.0
8672.0,-0.0259999999999998,8686.0,51.0,below,1.0
9108.0,-0.0219999999999984,9.12,55.89999999999999,below,1.0
9364.0,-0.0199999999999995,9384.0,57.1,below,1.0
9718.0,-0.0240000000000009,9728.0,65025.0,below,0.0
8542.0,-0.0219999999999984,8556.0,58.400000000000006,below,1.0
9188.0,-0.0219999999999984,9202.0,57975.0,below,1.0
8314.0,-0.0259999999999998,8326.0,54875.0,below,1.0
8828.0,-0.0219999999999984,8.84,65575.0,below,1.0
9016.0,-0.0199999999999995,9028.0,64.12500000000001,below,1.0
8178.0,-0.0199999999999995,8192.0,65225.0,below,1.0
-0.0259999999999998,-0.0240000000000009,8104.0,57575.0,below,1.0
9804.0,-0.0180000000000006,9812.0,56.1,below,1.0
8496.0,-0.0199999999999995,8508.0,60.2,below,1.0
-0.0060000000000002,1.8260000000000003,9448.0,73.55000000000001,below,1.0
8.57,-0.0159999999999982,8.59,55.525000000000006,below,1.0
8.24,-0.0219999999999984,8252.0,58225.0,below,1.0
8238.0,-0.0240000000000009,8248.0,49.45,below,1.0
8514.0,-0.0219999999999984,8528.0,50.2,below,1.0
8.67,-0.0240000000000009,8676.0,60.2,below,0.0
9196.0,-0.0240000000000009,9.21,59.275000000000006,below,1.0
9416.0,-0.0259999999999998,9428.0,66675.0,below,1.0
9016.0,-0.0159999999999982,9034.0,60.2,below,1.0
-0.0079999999999991,2.0279999999999987,8.85,72.55,below,1.0
-0.0120000000000004,0.4699999999999988,8688.0,74025.0,below,1.0
8724.0,-0.0180000000000006,8738.0,66.95,below,1.0
8782.0,-0.0180000000000006,8796.0,56925.0,below,1.0
8186.0,-0.0219999999999984,8196.0,57.3,below,0.0
8802.0,-0.0199999999999995,8.82,56.525000000000006,below,1.0
9704.0,-0.0240000000000009,9716.0,65.27499999999999,below,1.0
9436.0,-0.0240000000000009,9448.0,65.07499999999999,below,1.0
9226.0,-0.0240000000000009,9.24,56.80000000000001,below,1.0
8978.0,-0.0199999999999995,8992.0,68.45000000000002,below,1.0
9758.0,-0.0219999999999984,9768.0,67475.0,below,1.0
-0.0120000000000004,-0.0259999999999998,9382.0,63.45,below,1.0
9216.0,-0.0180000000000006,9236.0,58.0,below,1.0
-0.0120000000000004,1.41,8.78,74.0,below,1.0
8.56,-0.0219999999999984,8572.0,62825.0,below,1.0
9966.0,-0.0199999999999995,9972.0,58.3,below,1.0
8284.0,-0.0199999999999995,8296.0,60.45,below,1.0
9642.0,-0.0159999999999982,9654.0,67.35,below,1.0
9388.0,-0.0240000000000009,9.4,61375.0,below,1.0
9194.0,-0.0219999999999984,9206.0,59.85000000000001,below,1.0
9.38,-0.0240000000000009,9392.0,65825.0,below,1.0
8166.0,-0.0180000000000006,8178.0,62.87499999999999,below,1.0
9.35,-0.0199999999999995,9362.0,67025.0,below,1.0
9388.0,-0.0180000000000006,9408.0,58.89999999999999,below,1.0
8564.0,-0.0199999999999995,8576.0,61675.0,below,1.0
8.7,-0.0199999999999995,8714.0,62.45,below,1.0
9878.0,-0.0199999999999995,9.89,70.04999999999998,below,1.0
8834.0,-0.0199999999999995,8848.0,57.775000000000006,below,1.0
9.36,-0.0240000000000009,9374.0,57.69999999999999,below,1.0
9622.0,-0.0240000000000009,9634.0,70.35,below,1.0
9698.0,-0.0219999999999984,9712.0,66575.0,below,1.0
10024.0,-0.0219999999999984,10026.0,64.65,below,1.0
8832.0,-0.0199999999999995,8848.0,56325.0,below,1.0
9834.0,-0.0259999999999998,9838.0,71.22500000000001,below,0.0
9828.0,-0.0199999999999995,9838.0,69.5,below,1.0
8842.0,-0.0199999999999995,8852.0,54.5,below,1.0
9638.0,-0.0240000000000009,9652.0,61.97500000000001,below,1.0
8.87,-0.0219999999999984,8884.0,65.39999999999999,below,1.0
9.38,-0.0240000000000009,9386.0,65.97500000000001,below,0.0
-0.0240000000000009,-0.0159999999999982,8076.0,65.45,below,1.0
8188.0,-0.0180000000000006,8202.0,54925.0,below,1.0
-0.0040000000000013,2116.0,7834.0,75925.0,below,1.0
8148.0,-0.0159999999999982,8166.0,57.60000000000001,below,1.0
8274.0,-0.0219999999999984,8286.0,52.3,below,1.0
9964.0,-0.0219999999999984,9966.0,70.15,below,1.0
-0.0139999999999993,-0.0139999999999993,8506.0,65.14999999999999,above,0.0
8.49,-0.0180000000000006,8506.0,56.2,below,1.0
-0.0060000000000002,-0.0139999999999993,9402.0,70.19999999999999,below,1.0
8866.0,-0.0159999999999982,8.88,60.45,below,1.0
8426.0,-0.0240000000000009,8436.0,53.45,below,1.0
9.38,-0.0219999999999984,9392.0,66.55,below,1.0
8808.0,-0.0139999999999993,8826.0,59.85000000000001,below,1.0
-0.0079999999999991,1.2059999999999995,7.9,76.0,below,1.0
-0.0040000000000013,2.0540000000000003,7814.0,73.85,below,1.0
9018.0,-0.0240000000000009,9.03,60.67499999999998,below,1.0
8.72,-0.0240000000000009,8734.0,61.775000000000006,below,1.0
9598.0,-0.0259999999999998,9612.0,66675.0,below,1.0
-0.0060000000000002,2234.0,8.19,75675.0,below,1.0
8.87,-0.0199999999999995,8888.0,57.1,below,1.0
8138.0,-0.0240000000000009,8148.0,52375.0,below,1.0
8858.0,-0.0180000000000006,8874.0,54.02499999999999,below,1.0
8158.0,-0.0180000000000006,8.17,64.6,below,1.0
-0.0139999999999993,-0.0259999999999998,9.94,57.275000000000006,below,1.0
-0.009999999999998,1942.0,7.922000000000001,75.6,below,1.0
8704.0,-0.0180000000000006,8718.0,57075.0,below,1.0
10046.0,-0.0240000000000009,10046.0,70.64999999999999,below,0.0
8396.0,-0.0139999999999993,8.41,61225.0,below,1.0
9738.0,-0.0219999999999984,9746.0,65.97500000000001,below,1.0
9682.0,-0.0120000000000004,9696.0,72.57499999999999,below,1.0
9.03,-0.0159999999999982,9048.0,58.0,below,1.0
9246.0,-0.0199999999999995,9262.0,53.0,below,1.0
9884.0,-0.0240000000000009,9.89,64.75,below,1.0
9.61,-0.0240000000000009,9622.0,64.97500000000001,below,1.0
8.47,-0.0199999999999995,8484.0,59.74999999999999,below,1.0
9404.0,-0.0240000000000009,9414.0,63875.0,below,1.0
8.85,-0.0240000000000009,8864.0,58.60000000000001,below,1.0
8538.0,-0.0240000000000009,8548.0,52925.0,below,1.0
9878.0,-0.0219999999999984,9888.0,66.95,below,1.0
-0.0139999999999993,-0.0219999999999984,9252.0,55.72500000000001,below,1.0
8578.0,-0.0259999999999998,8584.0,57425.0,below,1.0
9.6,-0.0180000000000006,9614.0,66.75,below,1.0
-0.0079999999999991,2212.0,8166.0,75325.0,below,1.0
8286.0,-0.0180000000000006,8306.0,56375.0,below,1.0
9538.0,-0.0219999999999984,9.55,64.45,below,1.0
9498.0,-0.0180000000000006,9512.0,68.65,below,1.0
-0.009999999999998,2.0,8834.0,75.37499999999999,below,1.0
8656.0,-0.0240000000000009,8664.0,67.30000000000001,below,0.0
9206.0,-0.0180000000000006,9224.0,55.400000000000006,below,1.0
-0.0079999999999991,-0.0159999999999982,9.58,70.97500000000001,below,1.0
9396.0,-0.0259999999999998,9406.0,67.12499999999999,below,1.0
9978.0,-0.0279999999999986,9984.0,66575.0,below,1.0
-0.0060000000000002,2218.0,8144.0,76075.0,below,1.0
8216.0,-0.0139999999999993,8.23,62.02499999999999,below,1.0
8796.0,-0.0240000000000009,8.8,70.55,below,0.0
9.52,-0.0199999999999995,9536.0,62375.0,below,1.0
9118.0,-0.0219999999999984,9.13,66.45,below,1.0
-0.009999999999998,0.6539999999999999,9188.0,76.4,below,1.0
9702.0,-0.0219999999999984,9714.0,69.04999999999998,below,1.0
8926.0,-0.0219999999999984,8942.0,54.80000000000001,below,1.0
8236.0,-0.0180000000000006,8248.0,63.525000000000006,below,1.0
9432.0,-0.0199999999999995,9444.0,61.07499999999999,below,1.0
8946.0,-0.0219999999999984,8962.0,54.69999999999999,below,1.0
8264.0,-0.0219999999999984,8274.0,54.400000000000006,below,1.0
9444.0,-0.0240000000000009,9456.0,60.85000000000001,below,1.0
8898.0,-0.0219999999999984,8912.0,63.94999999999999,below,1.0
-0.009999999999998,2.507999999999999,7.896000000000001,73.57499999999999,below,1.0
10094.0,-0.0259999999999998,10.09,72.15,below,0.0
-0.0040000000000013,2.193999999999999,8082.0,76075.0,below,1.0
-0.0199999999999995,-0.0199999999999995,8454.0,62.125000000000014,below,1.0
9492.0,-0.0259999999999998,9502.0,62.87499999999999,below,1.0
8.09,-0.0240000000000009,8.1,54.400000000000006,below,1.0
9008.0,-0.0180000000000006,9024.0,68.55,below,1.0
8.37,-0.0219999999999984,8378.0,57.82499999999999,below,0.0
-0.0180000000000006,-0.0240000000000009,8656.0,59.525000000000006,below,1.0
-0.0139999999999993,-0.0180000000000006,9.58,54.1,below,1.0
8166.0,-0.0180000000000006,8184.0,56.525000000000006,below,1.0
9066.0,-0.0240000000000009,9.08,55.69999999999999,below,1.0
-0.009999999999998,2084.0,7834.0,75275.0,below,1.0
9342.0,-0.0219999999999984,9356.0,67.55,below,1.0
9638.0,-0.0180000000000006,9654.0,58.74999999999999,below,1.0
9926.0,-0.0219999999999984,9926.0,70.24999999999999,below,1.0
8242.0,-0.0219999999999984,8252.0,58.875000000000014,below,0.0
9846.0,-0.0199999999999995,9862.0,56.80000000000001,below,1.0
9286.0,-0.0180000000000006,9306.0,56.3,below,1.0
8286.0,-0.0219999999999984,8298.0,56125.0,below,1.0
9158.0,-0.0199999999999995,9.17,57.94999999999999,below,1.0
10062.0,-0.0180000000000006,10058.0,73.6,below,1.0
9668.0,-0.0139999999999993,9684.0,60225.0,below,1.0
-0.0180000000000006,-0.0240000000000009,8774.0,54.80000000000001,below,1.0
8294.0,-0.0199999999999995,8.31,51.22500000000001,below,1.0
8502.0,-0.0180000000000006,8516.0,60.07499999999999,below,1.0
8614.0,-0.0219999999999984,8626.0,56.400000000000006,below,1.0
10016.0,-0.0159999999999982,10022.0,70.55,below,1.0
8138.0,-0.0199999999999995,8152.0,54.85,below,1.0
9618.0,-0.0259999999999998,9.63,62625.0,below,1.0
8158.0,-0.0219999999999984,8.17,61.775000000000006,below,1.0
9682.0,-0.0159999999999982,9698.0,59625.0,below,1.0
9.18,-0.0219999999999984,9.19,57.3,below,1.0
10042.0,-0.0199999999999995,10042.0,74025.0,below,1.0
8182.0,-0.0199999999999995,8198.0,54.80000000000001,below,1.0
-0.0240000000000009,-0.0199999999999995,8.2,49.02499999999999,below,1.0
9598.0,-0.0219999999999984,9608.0,63475.0,below,1.0
8582.0,-0.0240000000000009,8596.0,58.67500000000001,below,1.0
8318.0,-0.0219999999999984,8.33,58.275000000000006,below,1.0
-0.0139999999999993,-0.0199999999999995,9592.0,56.77499999999999,below,1.0
8554.0,-0.0219999999999984,8566.0,56.0,below,1.0
8232.0,-0.0240000000000009,8244.0,51.6,below,1.0
8518.0,-0.0240000000000009,8528.0,52.275000000000006,below,1.0
8158.0,-0.0180000000000006,8.17,64.6,below,1.0
8208.0,-0.0199999999999995,8224.0,49325.0,below,1.0
9.01,-0.0199999999999995,9026.0,65225.0,below,1.0
8464.0,-0.0219999999999984,8476.0,53.69999999999999,below,1.0
8404.0,-0.0120000000000004,8422.0,62.650000000000006,below,1.0
9386.0,-0.0139999999999993,9.4,69.0,below,1.0
9084.0,-0.0219999999999984,9098.0,61825.0,below,1.0
9276.0,-0.0219999999999984,9286.0,49725.0,below,1.0
8546.0,-0.0219999999999984,8558.0,53.1,below,1.0
9412.0,-0.0219999999999984,9426.0,68.55,below,1.0
-0.0079999999999991,-0.0159999999999982,9.72,72.22500000000001,below,1.0
9254.0,-0.0180000000000006,9268.0,66775.0,below,1.0
8488.0,-0.0180000000000006,8508.0,57.275000000000006,below,1.0
8076.0,-0.0159999999999982,8092.0,56.400000000000006,below,1.0
8632.0,-0.0199999999999995,8.65,56225.0,below,1.0
8602.0,-0.0240000000000009,8614.0,57.525000000000006,below,1.0
-0.0040000000000013,1.3539999999999992,7.949999999999999,76.1,below,1.0
-0.0060000000000002,2.056000000000001,7.65,76325.0,below,1.0
9.74,-0.0279999999999986,9744.0,51.69999999999999,below,0.0
9614.0,-0.0240000000000009,9626.0,66.45,below,1.0
-0.0079999999999991,1.2919999999999998,9456.0,75.1,below,1.0
9.56,-0.0199999999999995,9.57,69.6,below,1.0
8852.0,-0.0199999999999995,8868.0,53.0,below,1.0
9848.0,-0.0240000000000009,9858.0,69.12499999999999,below,1.0
9424.0,-0.0240000000000009,9432.0,66875.0,below,1.0
8718.0,-0.0199999999999995,8732.0,61.75,below,1.0
8994.0,-0.0219999999999984,9004.0,61.87499999999999,below,0.0
9528.0,-0.0240000000000009,9.54,60.60000000000001,below,1.0
9358.0,-0.0219999999999984,9378.0,58.02499999999999,below,1.0
9248.0,-0.0139999999999993,9266.0,69.10000000000001,below,1.0
8184.0,-0.0199999999999995,8202.0,54.62499999999999,below,1.0
8274.0,-0.0219999999999984,8288.0,62.07499999999999,below,1.0
9744.0,-0.0180000000000006,9.76,56.72500000000001,below,1.0
8986.0,-0.0240000000000009,8992.0,59.07500000000002,below,0.0
9682.0,-0.0199999999999995,9698.0,57.80000000000001,below,1.0
-0.0139999999999993,-0.0139999999999993,8506.0,65.14999999999999,below,1.0
9.74,-0.0259999999999998,9.75,61575.0,below,1.0
8.42,-0.0199999999999995,8434.0,62325.0,below,1.0
8806.0,-0.0199999999999995,8816.0,56425.0,below,1.0
8914.0,-0.0240000000000009,8.93,60.000000000000014,below,1.0
9644.0,-0.0240000000000009,9656.0,70.75,below,1.0
8122.0,-0.0199999999999995,8134.0,60575.0,below,1.0
9652.0,-0.0259999999999998,9664.0,59.55,below,1.0
-0.0120000000000004,0.7240000000000002,9154.0,72.75,below,1.0
-0.0079999999999991,718.0,9558.0,76.42500000000001,below,1.0
8666.0,-0.0159999999999982,8678.0,63475.0,below,1.0
8344.0,-0.0199999999999995,8354.0,56425.0,below,1.0
-0.0079999999999991,-0.0180000000000006,10048.0,73925.0,below,1.0
8288.0,-0.0180000000000006,8.3,64.92500000000001,below,1.0
9096.0,-0.0219999999999984,9108.0,56.0,below,1.0
9756.0,-0.0240000000000009,9768.0,68.85,below,1.0
9916.0,-0.0240000000000009,9928.0,66475.0,below,1.0
9534.0,-0.0240000000000009,9546.0,59.92500000000001,below,1.0
8158.0,-0.0180000000000006,8.17,64.6,below,1.0
9.51,-0.0259999999999998,9.52,54725.0,below,1.0
-0.009999999999998,2224.0,8188.0,75.22500000000001,below,1.0
9498.0,-0.0240000000000009,9.51,61.94999999999999,below,1.0
8354.0,-0.0139999999999993,8372.0,66.10000000000001,below,1.0
-0.0079999999999991,2.02,8.15,74975.0,below,1.0
9994.0,-0.0219999999999984,9998.0,62.7,below,1.0
9972.0,-0.0219999999999984,9976.0,71.55,below,1.0
9604.0,-0.0240000000000009,9614.0,62.45,below,1.0
-0.0180000000000006,-0.0240000000000009,8.6,51.0,below,1.0
-0.0139999999999993,-0.0240000000000009,9846.0,64.95,below,1.0
8398.0,-0.0219999999999984,8.41,52.49999999999999,below,1.0
8986.0,-0.0219999999999984,8998.0,55.89999999999999,below,1.0
-0.0120000000000004,-0.0180000000000006,9448.0,68475.0,below,1.0
9852.0,-0.0139999999999993,9868.0,67.35,below,1.0
8.76,-0.0240000000000009,8772.0,53.60000000000001,below,1.0
9718.0,-0.0240000000000009,9728.0,65025.0,below,0.0
9922.0,-0.0219999999999984,9.93,66625.0,below,1.0
8.26,-0.0199999999999995,8274.0,60.650000000000006,below,1.0
-0.0120000000000004,-0.0199999999999995,8.92,68.12499999999999,below,0.0
8174.0,-0.0139999999999993,8192.0,64.05000000000001,below,1.0
8158.0,-0.0180000000000006,8.17,64.6,below,1.0
-0.0139999999999993,-0.0139999999999993,8506.0,65.14999999999999,below,1.0
8422.0,-0.0240000000000009,8434.0,58.47500000000001,below,1.0
0.0399999999999991,-0.009999999999998,10.06,70.32499999999999,below,1.0
8.88,-0.0219999999999984,8892.0,55925.0,below,1.0
9044.0,-0.0199999999999995,9.06,64.12500000000001,below,1.0
8842.0,-0.0159999999999982,8.86,57.47500000000001,below,1.0
8742.0,-0.0199999999999995,8756.0,61.000000000000014,below,1.0
-0.0199999999999995,-0.0240000000000009,8.59,53375.0,below,1.0
-0.0139999999999993,-0.0219999999999984,9072.0,62.45,below,1.0
9.99,-0.0199999999999995,10002.0,58.82499999999999,below,1.0
8752.0,-0.0219999999999984,8764.0,54.69999999999999,below,1.0
8238.0,-0.0240000000000009,8248.0,49.45,above,0.0
9558.0,-0.0219999999999984,9572.0,66475.0,below,1.0
9756.0,-0.0159999999999982,9768.0,64.45,below,1.0
8738.0,-0.0199999999999995,8754.0,57.05,below,1.0
9964.0,-0.0240000000000009,9968.0,62.525000000000006,below,1.0
8452.0,-0.0219999999999984,8464.0,51.6,below,1.0
9622.0,-0.0219999999999984,9634.0,62375.0,below,1.0
8462.0,-0.0240000000000009,8476.0,52725.0,below,1.0
8914.0,-0.0240000000000009,8926.0,56.3,below,1.0
9466.0,-0.0199999999999995,9.48,68425.0,below,1.0
8954.0,-0.0240000000000009,8966.0,52725.0,below,1.0
9158.0,-0.0240000000000009,9.17,61.900000000000006,below,1.0
9308.0,-0.0199999999999995,9.32,58975.0,below,1.0
9862.0,-0.0159999999999982,9874.0,73.64999999999999,below,1.0
9.9,-0.0199999999999995,9912.0,59.80000000000001,below,1.0
9.8,-0.0240000000000009,9.81,64575.0,below,1.0
9956.0,-0.0180000000000006,9958.0,69675.0,below,1.0
8.35,-0.0219999999999984,8362.0,57.875000000000014,below,1.0
9.32,-0.0199999999999995,9332.0,64.07499999999999,below,1.0
-0.009999999999998,-0.0240000000000009,1.370000000000001,26.67500000000001,below,0.0
8058.0,-0.0199999999999995,8074.0,52.42500000000001,below,1.0
9786.0,-0.0240000000000009,9798.0,63.6,below,1.0
9836.0,-0.0259999999999998,9842.0,67.12499999999999,below,0.0
8418.0,-0.0240000000000009,8428.0,63.07499999999999,below,0.0
9152.0,-0.0279999999999986,9164.0,61625.0,below,1.0
-0.0120000000000004,-0.0219999999999984,9078.0,56.5,below,1.0
8856.0,-0.0240000000000009,8866.0,60.27499999999999,below,1.0
9176.0,-0.0180000000000006,9194.0,57.2,below,1.0
-0.0079999999999991,1.8260000000000003,9456.0,74.6,below,1.0
9682.0,-0.0199999999999995,9696.0,64.07499999999999,below,1.0
-0.0139999999999993,0.2019999999999999,9386.0,67225.0,below,1.0
8478.0,-0.0199999999999995,8492.0,54.525000000000006,below,1.0
8536.0,-0.0180000000000006,8.55,59.525000000000006,below,1.0
9114.0,-0.0219999999999984,9124.0,50.44999999999999,below,1.0
9118.0,-0.0240000000000009,9132.0,58.85000000000001,below,1.0
8.79,-0.0240000000000009,8804.0,60.1,below,1.0
8418.0,-0.0199999999999995,8432.0,62.85000000000001,below,1.0
8242.0,-0.0219999999999984,8254.0,54375.0,below,1.0
9118.0,-0.0139999999999993,9136.0,63.05000000000001,below,1.0
9.39,-0.0240000000000009,9402.0,62.3,below,1.0
-0.0139999999999993,-0.0139999999999993,8506.0,65.14999999999999,below,1.0
-0.009999999999998,-0.0199999999999995,9616.0,67425.0,below,1.0
8.23,-0.0219999999999984,8244.0,56.82499999999999,below,1.0
8452.0,-0.0199999999999995,8464.0,55075.0,below,1.0
8488.0,-0.0240000000000009,8.5,58.80000000000001,below,1.0
9572.0,-0.0199999999999995,9584.0,66625.0,below,1.0
-0.0259999999999998,-0.0199999999999995,8118.0,61.85000000000001,below,1.0
8.33,-0.0180000000000006,8344.0,61.72500000000001,below,1.0
-0.0139999999999993,-0.0139999999999993,8506.0,65.14999999999999,below,1.0
8538.0,-0.0199999999999995,8.55,58975.0,below,1.0
8262.0,-0.0259999999999998,8.27,56125.0,below,1.0
-0.0120000000000004,-0.0240000000000009,9802.0,63.525000000000006,below,1.0
-0.0060000000000002,1.92,7904.0,75.64999999999999,below,1.0
8.46,-0.0199999999999995,8474.0,54.82499999999999,below,1.0
9358.0,-0.0259999999999998,9368.0,65.07499999999999,below,1.0
-0.009999999999998,0.6180000000000003,8.62,76925.0,below,1.0
9534.0,-0.0259999999999998,9542.0,66.05000000000001,below,1.0
8.99,-0.0240000000000009,9002.0,54.5,below,1.0
9572.0,-0.0180000000000006,9586.0,56.5,below,1.0
8746.0,-0.0199999999999995,8762.0,56425.0,below,1.0
8208.0,-0.0139999999999993,8.22,60.07499999999999,below,1.0
9784.0,-0.0219999999999984,9792.0,69.5,below,1.0
8372.0,-0.0180000000000006,8388.0,57.1,below,1.0
8882.0,-0.0199999999999995,8.9,56.82499999999999,below,1.0
8666.0,-0.0199999999999995,8678.0,62.400000000000006,below,1.0
9102.0,-0.0219999999999984,9116.0,65.12500000000001,below,1.0
8252.0,-0.0199999999999995,8.27,63.775000000000006,below,1.0
-0.0139999999999993,-0.0219999999999984,8956.0,65675.0,below,1.0
-0.0079999999999991,-0.0079999999999991,9.92,64375.0,below,1.0
-0.0079999999999991,2.024000000000001,8.87,73.44999999999999,below,1.0
9308.0,-0.0240000000000009,9.32,56.69999999999999,below,1.0
-0.0120000000000004,-0.0219999999999984,9.62,51.2,below,1.0
8188.0,-0.0240000000000009,8202.0,52325.0,below,1.0
9004.0,-0.0240000000000009,9016.0,59.5,below,1.0
-0.0139999999999993,-0.0139999999999993,8506.0,65.14999999999999,below,1.0
-0.0079999999999991,-0.0180000000000006,9894.0,57.60000000000001,below,1.0
9.88,-0.0219999999999984,9886.0,70.5,below,1.0
8666.0,-0.0240000000000009,8678.0,54.42499999999998,below,1.0
9374.0,-0.0180000000000006,9388.0,67.75,below,1.0
9028.0,-0.0199999999999995,9042.0,58575.0,below,1.0
9178.0,-0.0219999999999984,9186.0,65.05000000000001,below,0.0
8458.0,-0.0180000000000006,8476.0,55.650000000000006,below,1.0
8454.0,-0.0219999999999984,8462.0,50.1,below,1.0
8772.0,-0.0180000000000006,8784.0,60.94999999999999,below,1.0
8996.0,-0.0219999999999984,9008.0,55.80000000000001,below,1.0
-0.0139999999999993,-0.0240000000000009,9.46,54.95000000000002,below,1.0
8188.0,-0.0180000000000006,8204.0,55.35000000000001,below,1.0
8994.0,-0.0240000000000009,9006.0,57.54999999999998,below,1.0
8202.0,-0.0240000000000009,8214.0,55.150000000000006,below,1.0
9096.0,-0.0199999999999995,9108.0,65.6,below,1.0
9626.0,-0.0180000000000006,9642.0,59.82499999999999,below,1.0
10002.0,-0.0240000000000009,10004.0,65.8,below,1.0
8776.0,-0.0240000000000009,8788.0,59.775000000000006,below,1.0
8162.0,-0.0199999999999995,8178.0,51975.0,below,1.0
8554.0,-0.0180000000000006,8568.0,61675.0,below,1.0
3.466000000000001,3074.0,10242.0,73.44999999999999,above,1.0
8342.0,-0.0219999999999984,8354.0,51.82500000000002,below,1.0
8158.0,-0.0180000000000006,8.17,64.6,below,1.0
9656.0,-0.0159999999999982,9674.0,61.05000000000001,below,1.0
8.54,-0.0180000000000006,8556.0,62.6,below,1.0
9556.0,-0.0199999999999995,9574.0,56.82499999999999,below,1.0
8978.0,-0.0240000000000009,8986.0,67.32499999999999,below,0.0
8802.0,-0.0120000000000004,8824.0,58.275000000000006,below,1.0
-0.0180000000000006,-0.0240000000000009,8858.0,51.8,below,1.0
9718.0,-0.0240000000000009,9728.0,65025.0,above,0.0
9722.0,-0.0199999999999995,9732.0,68.45000000000002,below,1.0
9.74,-0.0240000000000009,9748.0,62.07499999999999,below,1.0
-0.0040000000000013,1.3499999999999996,9464.0,74.52499999999999,below,1.0
9008.0,-0.0079999999999991,9034.0,64.39999999999999,below,1.0
9686.0,-0.0259999999999998,9694.0,67.25000000000001,below,1.0
8646.0,-0.0180000000000006,8.66,57.1,below,1.0
8774.0,-0.0159999999999982,8788.0,65.14999999999999,below,1.0
8.07,-0.0159999999999982,8086.0,55.1,below,1.0
-0.0060000000000002,2.1419999999999995,7824.0,75.57499999999999,below,1.0
8824.0,-0.0180000000000006,8836.0,63.14999999999999,below,1.0
9632.0,-0.0240000000000009,9.64,68.65,below,0.0
8338.0,-0.0159999999999982,8358.0,55.60000000000001,below,1.0
9.35,-0.0180000000000006,9366.0,56.1,below,1.0
9.12,-0.0219999999999984,9138.0,52.60000000000001,below,1.0
9844.0,-0.0240000000000009,9.85,68.37500000000001,below,1.0
9972.0,-0.0219999999999984,9976.0,70.32499999999999,below,1.0
8914.0,-0.0219999999999984,8932.0,50.22500000000001,below,1.0
8172.0,-0.0259999999999998,8184.0,54.80000000000001,below,1.0
9734.0,-0.0199999999999995,9744.0,69.19999999999999,below,1.0
8064.0,-0.0219999999999984,8076.0,52.82500000000002,below,1.0
9782.0,-0.0219999999999984,9792.0,63.94999999999999,below,1.0
8746.0,-0.0139999999999993,8764.0,58575.0,below,1.0
9122.0,-0.0240000000000009,9134.0,52325.0,below,1.0
9836.0,-0.0199999999999995,9852.0,61175.0,below,1.0
9266.0,-0.0219999999999984,9282.0,52.625000000000014,below,1.0
9.05,-0.0219999999999984,9066.0,54.80000000000001,below,1.0
-0.0120000000000004,-0.0219999999999984,9844.0,59.72500000000001,below,1.0
8118.0,-0.0199999999999995,8134.0,56.94999999999999,below,1.0
9282.0,-0.0219999999999984,9296.0,53.8,below,1.0
9752.0,-0.0199999999999995,9764.0,69.44999999999999,below,1.0
-0.0180000000000006,-0.0159999999999982,8628.0,55225.0,below,1.0
9406.0,-0.0199999999999995,9424.0,58.67500000000001,below,1.0
-0.0139999999999993,-0.0199999999999995,9616.0,56.85,below,1.0
8664.0,-0.0199999999999995,8.68,55.72500000000001,below,1.0
8252.0,-0.0180000000000006,8268.0,65525.0,below,1.0
8824.0,-0.0180000000000006,8838.0,68.85,below,1.0
10122.0,-0.0139999999999993,10.12,70.35,below,1.0
8.31,-0.0240000000000009,8322.0,55.47500000000001,below,1.0
-0.009999999999998,2022.0,8.77,73975.0,below,1.0
9606.0,-0.0199999999999995,9612.0,71.15,below,1.0
-0.0180000000000006,-0.0120000000000004,8.25,58.47500000000001,below,1.0
9118.0,-0.0219999999999984,9132.0,62.775000000000006,below,1.0
8838.0,-0.0219999999999984,8.85,67025.0,below,1.0
9.29,-0.0180000000000006,9308.0,58425.0,below,1.0
-0.0120000000000004,0.4459999999999997,9.59,75025.0,below,1.0
-0.0139999999999993,-0.0219999999999984,9302.0,55.5,below,1.0
10042.0,-0.0219999999999984,10048.0,67425.0,below,1.0
8902.0,-0.0219999999999984,8914.0,56.1,below,1.0
9988.0,-0.0279999999999986,9998.0,63.05000000000001,below,1.0
-0.009999999999998,1.8219999999999992,9454.0,74.10000000000001,below,1.0
8.92,-0.0159999999999982,8938.0,59.000000000000014,below,1.0
9358.0,-0.0199999999999995,9368.0,66375.0,below,1.0
9.63,-0.0240000000000009,9638.0,65375.0,below,1.0
8956.0,-0.0199999999999995,8972.0,57325.0,below,1.0
-0.0300000000000011,-0.0240000000000009,8.12,53225.0,below,1.0
8.71,-0.0139999999999993,8732.0,59.400000000000006,below,1.0
9994.0,-0.0240000000000009,10006.0,69875.0,below,1.0
8.23,-0.0219999999999984,8244.0,62.775000000000006,below,1.0
8118.0,-0.0219999999999984,8.13,50725.0,below,1.0
-0.0079999999999991,2058.0,8356.0,75.89999999999999,below,1.0
9358.0,-0.0240000000000009,9368.0,62.775000000000006,below,1.0
9488.0,-0.0139999999999993,9502.0,66775.0,below,1.0
9844.0,-0.0300000000000011,9854.0,59375.0,below,1.0
9.93,-0.0120000000000004,9946.0,66.75,below,1.0
9896.0,-0.0259999999999998,9906.0,66.55,below,1.0
9.35,-0.0219999999999984,9362.0,56.02499999999999,below,1.0
8.69,-0.0159999999999982,8704.0,57.89999999999999,below,1.0
9092.0,-0.0199999999999995,9106.0,58.1,below,1.0
9674.0,-0.0240000000000009,9688.0,63.1,below,1.0
-0.0300000000000011,-0.0259999999999998,8094.0,55.60000000000001,below,1.0
9048.0,-0.0219999999999984,9062.0,61375.0,below,1.0
-0.009999999999998,1.9499999999999995,8914.0,73.77499999999999,below,1.0
8638.0,-0.0240000000000009,8.65,55225.0,below,1.0
9646.0,-0.0219999999999984,9.66,60.07499999999999,below,1.0
8234.0,-0.0219999999999984,8.25,53.64999999999999,below,1.0
-0.0219999999999984,-0.0199999999999995,8206.0,58.05,below,1.0
8268.0,-0.0240000000000009,8278.0,50.37499999999999,below,1.0
9062.0,-0.0180000000000006,9074.0,68.15,below,1.0
8702.0,-0.0199999999999995,8718.0,53725.0,below,1.0
10.08,-0.0199999999999995,10088.0,69.24999999999999,below,1.0
-0.009999999999998,-0.0240000000000009,9.4,70775.0,below,0.0
9992.0,-0.0219999999999984,9998.0,70725.0,below,1.0
9856.0,-0.0180000000000006,9.87,58.72500000000001,below,1.0
-0.0139999999999993,-0.0159999999999982,8.42,55.1,below,1.0
8474.0,-0.0180000000000006,8488.0,61475.0,below,1.0
8528.0,-0.0240000000000009,8.54,63325.0,below,1.0
-0.0219999999999984,-0.0180000000000006,8356.0,63225.0,below,1.0
-0.0139999999999993,-0.0180000000000006,9644.0,57.89999999999999,below,1.0
9204.0,-0.0199999999999995,9.22,50.025000000000006,below,1.0
-0.0120000000000004,-0.0219999999999984,9652.0,65.65,below,1.0
8524.0,-0.0219999999999984,8536.0,61.000000000000014,below,1.0
8478.0,-0.0240000000000009,8.49,54.60000000000001,below,1.0
8392.0,-0.0240000000000009,8402.0,53.400000000000006,below,1.0
9.74,-0.0180000000000006,9756.0,61.20000000000002,below,1.0
9.23,-0.009999999999998,9252.0,61.25,below,1.0
8.46,-0.0199999999999995,8472.0,57.0,below,1.0
8142.0,-0.0219999999999984,8158.0,52.05,below,1.0
8998.0,-0.0240000000000009,9.01,59.89999999999999,below,1.0
-0.0060000000000002,1856.0,8.12,77.62500000000001,below,1.0
8818.0,-0.0240000000000009,8828.0,59975.0,below,0.0
8274.0,-0.0240000000000009,8284.0,55.89999999999999,below,1.0
8704.0,-0.0219999999999984,8714.0,59.1,below,1.0
8294.0,-0.0219999999999984,8308.0,55.5,below,1.0
8.99,-0.0180000000000006,9006.0,56.5,below,1.0
9.14,-0.0199999999999995,9154.0,58.775000000000006,below,1.0
8258.0,-0.0240000000000009,8.27,52075.0,below,1.0
8678.0,-0.0240000000000009,8688.0,54925.0,below,1.0
-0.009999999999998,-0.0159999999999982,9634.0,59.775000000000006,below,1.0
8082.0,-0.0180000000000006,8098.0,53725.0,below,1.0
9698.0,-0.0159999999999982,9716.0,59.55,below,1.0
8822.0,-0.0159999999999982,8838.0,66.12499999999999,below,1.0
8672.0,-0.0199999999999995,8686.0,61.25,below,1.0
9096.0,-0.0219999999999984,9112.0,59.14999999999999,below,1.0
-0.0120000000000004,-0.0199999999999995,9122.0,68925.0,below,0.0
9024.0,-0.0139999999999993,9.04,65025.0,below,1.0
8984.0,-0.0180000000000006,9.0,57575.0,below,1.0
9564.0,-0.0199999999999995,9.58,58.2,below,1.0
-0.0079999999999991,2.1239999999999988,7964.0,73925.0,below,1.0
8488.0,-0.0199999999999995,8.5,64525.0,below,1.0
8.49,-0.0240000000000009,8502.0,51.2,below,1.0
8874.0,-0.0199999999999995,8888.0,57225.0,below,1.0
8604.0,-0.0219999999999984,8616.0,54.2,below,1.0
8604.0,-0.0219999999999984,8616.0,58.7,below,1.0
9108.0,-0.0199999999999995,9122.0,56.67500000000001,below,1.0
9258.0,-0.0159999999999982,9274.0,57.72500000000001,below,1.0
9.66,-0.0240000000000009,9666.0,68.32499999999999,below,0.0
8.32,-0.0219999999999984,8336.0,55.82499999999999,below,1.0
8172.0,-0.0199999999999995,8188.0,55325.0,below,1.0
9504.0,-0.0219999999999984,9516.0,67.35,below,1.0
9768.0,-0.0240000000000009,9778.0,68475.0,below,1.0
8158.0,-0.0180000000000006,8.17,64.6,below,1.0
9096.0,-0.0219999999999984,9108.0,55.525000000000006,below,1.0
8632.0,-0.0180000000000006,8644.0,68.95,below,1.0
8172.0,-0.0199999999999995,8184.0,58.60000000000001,below,1.0
-0.0139999999999993,-0.0139999999999993,8506.0,65.14999999999999,below,1.0
9064.0,-0.0240000000000009,9078.0,58.275000000000006,below,1.0
8376.0,-0.0219999999999984,8388.0,51725.0,below,1.0
9364.0,-0.0219999999999984,9378.0,61.87499999999999,below,1.0
8554.0,-0.0240000000000009,8566.0,53.275000000000006,below,1.0
-0.0139999999999993,-0.0219999999999984,9112.0,61.775000000000006,below,1.0
9516.0,-0.0240000000000009,9528.0,59.775000000000006,below,1.0
8546.0,-0.0219999999999984,8558.0,53.8,below,1.0
-0.0180000000000006,-0.0240000000000009,8916.0,50125.0,below,1.0
9.12,-0.0180000000000006,9134.0,66825.0,below,1.0
9792.0,-0.0199999999999995,9.8,70.85,below,1.0
9122.0,-0.0199999999999995,9.14,53.49999999999999,below,1.0
8.94,-0.0199999999999995,8956.0,65825.0,below,1.0
9.21,-0.0240000000000009,9218.0,64525.0,below,0.0
9616.0,-0.0219999999999984,9626.0,66.07499999999999,below,1.0
8748.0,-0.0219999999999984,8758.0,62.35,below,1.0
9.02,-0.0199999999999995,9034.0,67.65,below,1.0
9294.0,-0.0219999999999984,9308.0,59.3,below,1.0
8262.0,-0.0219999999999984,8272.0,55.82499999999999,below,1.0
8366.0,-0.0199999999999995,8376.0,56.1,below,1.0
8684.0,-0.0240000000000009,8694.0,51.525000000000006,below,1.0
8522.0,-0.0219999999999984,8534.0,59.400000000000006,below,1.0
8094.0,-0.0240000000000009,8104.0,56.5,below,1.0
9124.0,-0.0219999999999984,9134.0,59375.0,below,1.0
8.29,-0.0199999999999995,8304.0,54.80000000000001,below,1.0
8774.0,-0.0199999999999995,8786.0,62575.0,below,1.0
8932.0,-0.0240000000000009,8944.0,58.0,below,1.0
9.56,-0.0199999999999995,9576.0,63.35,below,1.0
9038.0,-0.0219999999999984,9054.0,61.400000000000006,below,1.0
8522.0,-0.0199999999999995,8.54,54325.0,below,1.0
10038.0,-0.0180000000000006,10038.0,60.05,below,1.0
8486.0,-0.0219999999999984,8498.0,52.60000000000001,below,1.0
8586.0,-0.0240000000000009,8594.0,58.400000000000006,below,0.0
9664.0,-0.0199999999999995,9676.0,68925.0,below,1.0
8736.0,-0.0219999999999984,8748.0,56.69999999999999,below,1.0
9242.0,-0.0199999999999995,9262.0,57.60000000000001,below,1.0
-0.0139999999999993,-0.0139999999999993,8506.0,65.14999999999999,below,1.0
9.38,-0.0240000000000009,9392.0,58.80000000000001,below,1.0
-0.009999999999998,2.4400000000000013,7.518000000000001,69.04999999999998,below,1.0
-0.0159999999999982,-0.0219999999999984,9024.0,60.35,below,1.0
9224.0,-0.0199999999999995,9.24,53.62499999999999,below,1.0
-0.0159999999999982,-0.0180000000000006,8676.0,56425.0,below,1.0
9.22,-0.0219999999999984,9234.0,54.82499999999999,below,1.0
10032.0,-0.0240000000000009,10036.0,58.60000000000001,below,1.0
-0.009999999999998,-0.0199999999999995,9742.0,59.07500000000002,below,1.0
-0.0180000000000006,-0.0240000000000009,8984.0,63.07499999999999,below,0.0
8692.0,-0.0139999999999993,8.71,61825.0,below,1.0
9322.0,-0.0199999999999995,9.34,56.94999999999999,below,1.0
8074.0,-0.0240000000000009,8084.0,50.8,below,1.0
9584.0,-0.0240000000000009,9592.0,64.05000000000001,below,0.0
8148.0,-0.0199999999999995,8162.0,54725.0,below,1.0
-0.0139999999999993,-0.0219999999999984,9334.0,64.25,below,0.0
9466.0,-0.0240000000000009,9478.0,66.27499999999999,below,1.0
9.38,-0.0219999999999984,9388.0,69.95,below,0.0
8504.0,-0.0180000000000006,8518.0,55.80000000000001,below,1.0
8442.0,-0.0139999999999993,8462.0,56.89999999999999,below,1.0
8398.0,-0.0240000000000009,8408.0,56.150000000000006,below,1.0
9402.0,-0.0199999999999995,9412.0,66.85000000000001,below,1.0
9672.0,-0.0199999999999995,9684.0,69.64999999999999,below,1.0
9838.0,-0.0219999999999984,9846.0,69.55,below,1.0
8238.0,-0.0199999999999995,8.25,58.47500000000001,below,1.0
8452.0,-0.0240000000000009,8.46,63.07499999999999,below,0.0
-0.0159999999999982,-0.0240000000000009,9098.0,61.07499999999999,below,0.0
-0.009999999999998,0.0079999999999991,9852.0,67.15,below,1.0
8306.0,-0.0159999999999982,8324.0,56.1,below,1.0
8.6,-0.0219999999999984,8612.0,63.97500000000001,below,1.0
8074.0,-0.0199999999999995,8.09,52.89999999999999,below,1.0
8.22,-0.0240000000000009,8234.0,52.525000000000006,below,1.0
8144.0,-0.0219999999999984,8156.0,54.55000000000001,below,1.0
8.97,-0.0219999999999984,8.98,60.87499999999999,below,0.0
9678.0,-0.0240000000000009,9684.0,69075.0,below,0.0
9.39,-0.0199999999999995,9404.0,67.8,below,1.0
8524.0,-0.0240000000000009,8538.0,63175.0,below,1.0
9556.0,-0.0199999999999995,9.57,60.27499999999999,below,1.0
8628.0,-0.0219999999999984,8642.0,57175.0,below,1.0
8.43,-0.0199999999999995,8446.0,63.07499999999999,below,1.0
-0.0079999999999991,1974.0,7.6,73.2,below,1.0
-0.0060000000000002,1878.0,8.8,74.44999999999999,below,1.0
9848.0,-0.0259999999999998,9854.0,70.35,below,0.0
8728.0,-0.0259999999999998,8734.0,60.87499999999999,below,0.0
9732.0,-0.0199999999999995,9744.0,68925.0,below,1.0
-0.009999999999998,2.007999999999999,8898.0,76.57499999999999,below,1.0
-0.0139999999999993,-0.0259999999999998,9446.0,60.35,above,1.0
10056.0,-0.0199999999999995,10056.0,72.55,below,1.0
9888.0,-0.0240000000000009,9898.0,69925.0,below,1.0
-0.009999999999998,-0.0199999999999995,9398.0,70.37500000000001,below,1.0
9.33,-0.0240000000000009,9342.0,59625.0,below,1.0
9.57,-0.0219999999999984,9.58,60.02499999999999,below,1.0
-0.0180000000000006,-0.0139999999999993,8.39,58.525000000000006,below,1.0
8732.0,-0.0279999999999986,8742.0,44925.0,below,1.0
8158.0,-0.0180000000000006,8.17,64.6,below,1.0
-0.0120000000000004,48.0,9838.0,64.65,below,1.0
8748.0,-0.0180000000000006,8766.0,56.80000000000001,below,1.0
-0.009999999999998,0.7140000000000004,8698.0,73.9,below,1.0
9.03,-0.0219999999999984,9044.0,57.47500000000001,below,1.0
8106.0,-0.0139999999999993,8122.0,57.1,below,1.0
8098.0,-0.0219999999999984,8112.0,48.1,below,1.0
9384.0,-0.0219999999999984,9394.0,66725.0,below,1.0
9.04,-0.0199999999999995,9048.0,70.32499999999999,below,0.0
-0.0139999999999993,-0.0219999999999984,9984.0,62.94999999999999,below,1.0
8316.0,-0.0219999999999984,8.33,59.2,below,1.0
8678.0,-0.0240000000000009,8688.0,54.60000000000001,below,1.0
9668.0,-0.0199999999999995,9684.0,58.47500000000001,below,1.0
8096.0,-0.0240000000000009,8108.0,61.85000000000001,below,1.0
8064.0,-0.0199999999999995,8082.0,54.525000000000006,below,1.0
8.77,-0.0199999999999995,8.78,59475.0,below,0.0
9406.0,-0.0219999999999984,9418.0,58375.0,below,1.0
8466.0,-0.0219999999999984,8478.0,52.69999999999999,below,1.0
9.94,-0.0180000000000006,9.95,71.22500000000001,below,1.0
-0.0180000000000006,-0.0159999999999982,8536.0,56.1,below,1.0
9834.0,-0.0240000000000009,9842.0,67.15,below,1.0
9202.0,-0.0199999999999995,9214.0,63.125000000000014,below,1.0
-0.0219999999999984,-0.0199999999999995,8144.0,57575.0,below,1.0
9.56,-0.0240000000000009,9.57,61.80000000000001,below,1.0
8272.0,-0.0259999999999998,8282.0,59.82499999999999,below,0.0
9122.0,-0.0199999999999995,9138.0,56575.0,below,1.0
-0.0079999999999991,0.6600000000000001,8.63,77.35000000000001,below,1.0
8.52,-0.0219999999999984,8534.0,59375.0,below,1.0
9488.0,-0.0259999999999998,9496.0,66.97500000000001,below,0.0
-0.0159999999999982,0.0679999999999996,9458.0,53.82499999999999,below,1.0
-0.0120000000000004,-0.0219999999999984,10004.0,72.77499999999999,below,1.0
9046.0,-0.0219999999999984,9058.0,57.400000000000006,below,1.0
8254.0,-0.0219999999999984,8266.0,53075.0,below,1.0
8468.0,-0.0240000000000009,8482.0,54225.0,below,1.0
-0.0079999999999991,1.5139999999999991,8918.0,72475.0,below,1.0
8524.0,-0.0240000000000009,8536.0,59975.0,below,1.0
9.27,-0.0219999999999984,9276.0,70.24999999999999,below,0.0
8104.0,-0.0199999999999995,8118.0,61175.0,below,1.0
-0.0139999999999993,-0.0259999999999998,9.57,67.12499999999999,below,1.0
-0.0120000000000004,2036.0,8952.0,73025.0,below,1.0
9922.0,-0.0199999999999995,9928.0,71475.0,below,1.0
10038.0,-0.0199999999999995,10044.0,69425.0,below,1.0
8558.0,-0.0240000000000009,8568.0,57.60000000000001,below,1.0
8192.0,-0.0180000000000006,8204.0,64225.0,below,1.0
-0.0139999999999993,0.3399999999999998,5.268000000000001,59575.0,below,1.0
8206.0,-0.0139999999999993,8226.0,57.400000000000006,below,1.0
9.86,-0.0199999999999995,9872.0,56.0,below,1.0
8172.0,-0.0219999999999984,8186.0,53.025000000000006,below,1.0
8724.0,-0.0199999999999995,8742.0,57.1,below,1.0
9976.0,-0.0219999999999984,9984.0,70.44999999999999,below,1.0
9768.0,-0.0199999999999995,9778.0,70775.0,below,1.0
-0.0120000000000004,0.5679999999999996,10.16,72.95,below,0.0
-0.0120000000000004,-0.0219999999999984,10046.0,70.22500000000001,below,1.0
9.35,-0.0240000000000009,9.36,66.05000000000001,below,1.0
-0.009999999999998,-0.0219999999999984,9386.0,56375.0,below,1.0
8.39,-0.0219999999999984,8402.0,58425.0,below,1.0
8734.0,-0.0219999999999984,8748.0,60.27499999999999,below,1.0
9032.0,-0.0240000000000009,9044.0,61625.0,below,1.0
8264.0,-0.0219999999999984,8276.0,51.69999999999999,below,1.0
8642.0,-0.0240000000000009,8652.0,53925.0,below,1.0
8736.0,-0.0240000000000009,8746.0,58.80000000000001,below,1.0
9298.0,-0.0180000000000006,9316.0,58.775000000000006,below,1.0
-0.0139999999999993,-0.0240000000000009,9096.0,62175.0,below,1.0
9286.0,-0.0240000000000009,9298.0,62.45,below,1.0
8606.0,-0.0240000000000009,8618.0,57.69999999999999,below,1.0
8414.0,-0.0199999999999995,8428.0,59.525000000000006,below,1.0
8248.0,-0.0159999999999982,8264.0,62.07499999999999,below,1.0
9348.0,-0.0259999999999998,9.36,65025.0,below,1.0
8114.0,-0.0219999999999984,8128.0,48.650000000000006,below,1.0
8772.0,-0.0159999999999982,8782.0,60.3,below,1.0
9956.0,-0.0180000000000006,9966.0,59.45,below,1.0
9578.0,-0.0240000000000009,9.59,55.89999999999999,below,1.0
-0.0060000000000002,2.2040000000000006,8118.0,76.42500000000001,below,1.0
8298.0,-0.0219999999999984,8312.0,61.85000000000001,below,1.0
9.9,-0.0199999999999995,9908.0,71.15,below,1.0
9226.0,-0.0240000000000009,9238.0,56575.0,below,1.0
9.34,-0.0219999999999984,9352.0,67.0,below,1.0
9974.0,-0.0259999999999998,9978.0,71.95,below,0.0
9362.0,-0.0219999999999984,9376.0,53.3,below,1.0
8782.0,-0.0139999999999993,8802.0,59475.0,below,1.0
9658.0,-0.0240000000000009,9.67,64.27499999999999,below,1.0
-0.0079999999999991,-0.0159999999999982,9.34,69725.0,below,1.0
8438.0,-0.0159999999999982,8452.0,61175.0,below,1.0
8468.0,-0.0219999999999984,8482.0,55.89999999999999,below,1.0
9218.0,-0.0219999999999984,9232.0,65525.0,below,1.0
8474.0,-0.0240000000000009,8486.0,57.875000000000014,below,1.0
9.5,-0.0219999999999984,9.51,69075.0,below,1.0
8.74,-0.0219999999999984,8.75,58.775000000000006,below,1.0
8442.0,-0.0219999999999984,8456.0,63.14999999999999,below,1.0
8962.0,-0.0199999999999995,8.98,51.82500000000002,below,1.0
9.82,-0.0199999999999995,9828.0,71.75,below,1.0
9.67,-0.0159999999999982,9688.0,58975.0,below,1.0
9242.0,-0.0180000000000006,9254.0,65.65,below,1.0
9882.0,-0.0219999999999984,9886.0,72.75,below,0.0
10.05,-0.0219999999999984,10054.0,71275.0,below,1.0
8212.0,-0.0199999999999995,8226.0,49825.0,below,1.0
10.19,0.0139999999999993,10182.0,58.1,below,1.0
8442.0,-0.0240000000000009,8452.0,58.275000000000006,below,0.0
8854.0,-0.0219999999999984,8866.0,56.525000000000006,below,1.0
9578.0,-0.0259999999999998,9588.0,57.89999999999999,below,1.0
8702.0,-0.0159999999999982,8718.0,63.45,below,1.0
8246.0,-0.0219999999999984,8256.0,55.275000000000006,below,1.0
8.97,-0.0180000000000006,8986.0,58.80000000000001,below,1.0
-0.0040000000000013,2.0820000000000007,7916.0,73.4,below,1.0
8542.0,-0.0219999999999984,8552.0,61.27499999999999,below,1.0
-0.0139999999999993,-0.0240000000000009,9.41,57.47500000000001,below,1.0
9598.0,-0.0139999999999993,9618.0,63.125000000000014,below,1.0
-0.0019999999999988,1.5599999999999987,8.83,76125.0,below,1.0
8154.0,-0.0219999999999984,8166.0,52875.0,below,1.0
9456.0,-0.0259999999999998,9466.0,66.17500000000001,below,1.0
9666.0,-0.0219999999999984,9678.0,62475.0,below,1.0
-0.0139999999999993,-0.0139999999999993,8506.0,65.14999999999999,below,1.0
8188.0,-0.0180000000000006,8204.0,54.400000000000006,below,1.0
9002.0,-0.0199999999999995,9016.0,61.87499999999999,below,1.0
8128.0,-0.0199999999999995,8.14,53375.0,below,1.0
-0.0139999999999993,-0.0259999999999998,9342.0,54.0,below,1.0
8.63,-0.0199999999999995,8646.0,56.60000000000001,below,1.0
8698.0,-0.0199999999999995,8716.0,54.62499999999999,below,1.0
8096.0,-0.0199999999999995,8108.0,52.69999999999999,below,1.0
9716.0,-0.0199999999999995,9728.0,67.30000000000001,below,1.0
8.35,-0.0240000000000009,8.36,52.025000000000006,below,1.0
9866.0,-0.0219999999999984,9.88,56.69999999999999,below,1.0
8848.0,-0.0139999999999993,8866.0,60.45,below,1.0
9862.0,-0.0159999999999982,9878.0,64.72500000000001,below,1.0
8.74,-0.0219999999999984,8754.0,54125.0,below,1.0
9.52,-0.0219999999999984,9.53,64475.0,below,1.0
10188.0,-0.0199999999999995,10182.0,70.44999999999999,below,1.0
8612.0,-0.0219999999999984,8622.0,56.0,below,1.0
8716.0,-0.0199999999999995,8728.0,59125.0,below,1.0
8634.0,-0.0180000000000006,8.65,55.5,below,1.0
9864.0,-0.0219999999999984,9874.0,70.17500000000001,below,1.0
-0.0079999999999991,2032.0,8906.0,73.2,below,1.0
-0.0120000000000004,0.7319999999999993,8704.0,73875.0,below,1.0
-0.0060000000000002,2.35,7.247999999999999,68.9,below,1.0
9136.0,-0.0219999999999984,9148.0,65.95,below,1.0
8158.0,-0.0180000000000006,8.17,64.6,below,1.0
8492.0,-0.0180000000000006,8.51,57.525000000000006,below,1.0
-0.0060000000000002,0.6920000000000002,8424.0,81975.0,below,1.0
8298.0,-0.0139999999999993,8314.0,57.400000000000006,below,1.0
-0.0300000000000011,-0.0259999999999998,8.06,51.82500000000002,below,1.0
9.28,-0.0180000000000006,9296.0,67225.0,below,1.0
8238.0,-0.0240000000000009,8248.0,49.45,below,1.0
9138.0,-0.0240000000000009,9146.0,65525.0,below,0.0
-0.0040000000000013,1.6720000000000006,7.757999999999999,75.29999999999998,above,1.0
8316.0,-0.0259999999999998,8326.0,52.625000000000014,below,1.0
9.85,-0.0219999999999984,9858.0,65375.0,below,1.0
-0.0159999999999982,-0.0219999999999984,9264.0,53.025000000000006,below,1.0
8178.0,-0.0139999999999993,8194.0,66025.0,below,1.0
9.19,-0.0240000000000009,9204.0,54125.0,below,1.0
9068.0,-0.0159999999999982,9.08,67.95,below,1.0
8234.0,-0.0199999999999995,8246.0,51.6,below,1.0
8704.0,-0.0240000000000009,8714.0,54.35000000000001,below,1.0
-0.0139999999999993,-0.0139999999999993,8506.0,65.14999999999999,above,0.0
10036.0,-0.0240000000000009,10038.0,70.04999999999998,below,1.0
9.12,-0.0159999999999982,9136.0,58375.0,below,1.0
-0.009999999999998,766.0,9.4,75725.0,below,1.0
9028.0,-0.0199999999999995,9042.0,65.17500000000001,below,1.0
8884.0,-0.0240000000000009,8896.0,56.525000000000006,below,1.0
8752.0,-0.0219999999999984,8766.0,64.7,below,1.0
10034.0,-0.0199999999999995,10036.0,56.2,below,1.0
8642.0,-0.0240000000000009,8656.0,52.82500000000002,below,1.0
9.42,-0.0219999999999984,9434.0,57.89999999999999,below,1.0
8478.0,-0.0219999999999984,8.49,59375.0,below,1.0
8.41,-0.0180000000000006,8428.0,55.69999999999999,below,1.0
9812.0,-0.0240000000000009,9826.0,57.69999999999999,below,1.0
8.25,-0.0259999999999998,8258.0,57.5,below,0.0
10086.0,-0.0219999999999984,10088.0,49225.0,below,1.0
8594.0,-0.0199999999999995,8.61,55.80000000000001,below,1.0
8696.0,-0.0240000000000009,8706.0,56125.0,below,1.0
8682.0,-0.0219999999999984,8692.0,57.72500000000001,below,1.0
8746.0,-0.0199999999999995,8758.0,58.275000000000006,below,1.0
8458.0,-0.0199999999999995,8468.0,57.0,below,1.0
9162.0,-0.0199999999999995,9174.0,60475.0,below,1.0
9192.0,-0.0219999999999984,9204.0,55.02499999999999,below,1.0
8438.0,-0.0199999999999995,8452.0,63.25,below,1.0
8252.0,-0.0159999999999982,8.27,54.60000000000001,below,1.0
8338.0,-0.0219999999999984,8354.0,57975.0,below,1.0
9338.0,-0.0199999999999995,9354.0,55.69999999999999,below,1.0
9086.0,-0.0199999999999995,9102.0,58.89999999999999,below,1.0
9348.0,-0.0219999999999984,9.36,64475.0,below,1.0
9128.0,-0.0139999999999993,9152.0,60575.0,below,1.0
-0.0139999999999993,-0.0139999999999993,8506.0,65.14999999999999,below,1.0
9452.0,-0.0240000000000009,9464.0,67475.0,below,1.0
-0.009999999999998,2.1140000000000008,7968.0,75.2,below,1.0
9548.0,-0.0180000000000006,9562.0,55.69999999999999,below,1.0
8944.0,-0.0219999999999984,8.96,57.400000000000006,below,1.0
8318.0,-0.0180000000000006,8332.0,55.95000000000002,below,1.0
9.94,-0.0219999999999984,9946.0,65.97500000000001,below,1.0
-0.0279999999999986,-0.0219999999999984,8134.0,53125.0,below,1.0
9418.0,-0.0219999999999984,9432.0,61.1,below,1.0
-0.0199999999999995,-0.0199999999999995,8462.0,58.80000000000001,below,1.0
9206.0,-0.0219999999999984,9.22,63.97500000000001,below,1.0
8886.0,-0.0240000000000009,8898.0,48.02499999999999,below,1.0
9498.0,-0.0219999999999984,9.51,67575.0,below,1.0
8524.0,-0.0139999999999993,8546.0,60.400000000000006,below,1.0
9686.0,-0.0180000000000006,9704.0,57.400000000000006,below,1.0
8.63,-0.0180000000000006,8644.0,54.5,below,1.0
8636.0,-0.0219999999999984,8652.0,56.5,below,1.0
9208.0,-0.0259999999999998,9222.0,59.67499999999998,below,1.0
-0.0079999999999991,2.1140000000000008,7964.0,75.2,below,1.0
8068.0,-0.0219999999999984,8082.0,46.85000000000001,below,1.0
9718.0,-0.0240000000000009,9728.0,65025.0,below,0.0
-0.009999999999998,2.225999999999999,8154.0,75.0,below,1.0
-0.0040000000000013,0.6440000000000001,8456.0,81.6,below,1.0
9666.0,-0.0219999999999984,9678.0,62475.0,below,1.0
8926.0,-0.0199999999999995,8938.0,67.05000000000001,below,1.0
8818.0,-0.0180000000000006,8.83,66.35,below,1.0
9098.0,-0.0279999999999986,9.11,54.02499999999999,below,1.0
8192.0,-0.0199999999999995,8206.0,52.47500000000001,below,1.0
-0.0120000000000004,-0.0180000000000006,9476.0,64.17500000000001,below,1.0
-0.0199999999999995,-0.0259999999999998,8.73,49625.0,below,1.0
8.79,-0.0219999999999984,8802.0,60.35,below,1.0
8738.0,-0.0240000000000009,8746.0,56975.0,below,0.0
-0.0180000000000006,-0.0240000000000009,8.97,59.7,below,1.0
-0.0060000000000002,-0.0199999999999995,9838.0,68.9,below,1.0
9.69,-0.0219999999999984,9698.0,71.64999999999999,below,1.0
8.26,-0.0219999999999984,8272.0,52.82500000000002,below,1.0
10084.0,-0.0219999999999984,10088.0,63375.0,below,1.0
8.05,-0.0180000000000006,8068.0,56125.0,below,1.0
-0.009999999999998,2.3000000000000007,7286.0,72.85,below,1.0
8392.0,-0.0240000000000009,8404.0,52.1,below,1.0
-0.0240000000000009,-0.0240000000000009,8396.0,55175.0,below,1.0
9796.0,-0.0199999999999995,9.81,61675.0,below,1.0
9156.0,-0.0199999999999995,9168.0,64375.0,below,1.0
9806.0,-0.0279999999999986,9816.0,68.37500000000001,below,1.0
8848.0,-0.0219999999999984,8864.0,49.52499999999999,below,1.0
-0.0139999999999993,-0.0139999999999993,8506.0,65.14999999999999,below,1.0
-0.0120000000000004,-0.0219999999999984,9.36,56.77499999999999,below,1.0
10086.0,0.7059999999999995,10078.0,66.14999999999999,below,1.0
9.07,-0.0120000000000004,9084.0,63.775000000000006,below,1.0
9.79,-0.0219999999999984,9802.0,61325.0,below,1.0
8436.0,-0.0180000000000006,8452.0,58.1,below,1.0
-0.009999999999998,-0.0199999999999995,9306.0,71.85,below,0.0
8716.0,-0.0240000000000009,8728.0,53.400000000000006,below,1.0
8.92,-0.0139999999999993,8.94,58575.0,below,1.0
9528.0,-0.0199999999999995,9542.0,66.25000000000001,below,1.0
-0.0159999999999982,-0.0199999999999995,9042.0,54725.0,below,1.0
-0.009999999999998,-0.0199999999999995,9374.0,66.75,below,1.0
8238.0,-0.0240000000000009,8248.0,54.525000000000006,below,1.0
8926.0,-0.0180000000000006,8942.0,56.25,below,1.0
8656.0,-0.0199999999999995,8666.0,62825.0,below,1.0
10002.0,-0.0240000000000009,10002.0,65375.0,below,1.0
8138.0,-0.0159999999999982,8154.0,61.87499999999999,below,1.0
8618.0,-0.0199999999999995,8636.0,51.400000000000006,below,1.0
8292.0,-0.0240000000000009,8.3,49875.0,below,1.0
8.09,-0.0219999999999984,8104.0,52.82500000000002,below,1.0
8716.0,-0.0240000000000009,8.73,56.67500000000001,below,1.0
10002.0,-0.0259999999999998,10006.0,70.55,below,0.0
8158.0,-0.0180000000000006,8.17,64.6,below,1.0
10.03,-0.0199999999999995,10036.0,72.30000000000001,below,1.0
8914.0,-0.0199999999999995,8926.0,58175.0,below,1.0
9832.0,-0.0199999999999995,9.84,67.35,below,1.0
8914.0,-0.0199999999999995,8926.0,67425.0,below,1.0
8294.0,-0.0180000000000006,8306.0,65.25000000000001,below,1.0
9144.0,-0.0159999999999982,9162.0,60375.0,below,1.0
-0.0120000000000004,0.879999999999999,8636.0,74.42500000000001,below,0.0
8528.0,-0.0219999999999984,8542.0,62425.0,below,1.0
8.3,-0.0139999999999993,8318.0,58.47500000000001,below,1.0
8522.0,-0.0159999999999982,8536.0,58.650000000000006,below,1.0
9.03,-0.0199999999999995,9044.0,55925.0,below,1.0
9858.0,-0.0199999999999995,9868.0,69.55,below,1.0
9678.0,-0.0139999999999993,9696.0,61.20000000000002,below,1.0
8606.0,-0.0219999999999984,8618.0,55225.0,below,1.0
9268.0,-0.0180000000000006,9288.0,57.69999999999999,below,1.0
8156.0,-0.0219999999999984,8168.0,57.80000000000001,below,1.0
10092.0,-0.0219999999999984,10088.0,70.44999999999999,below,1.0
9734.0,-0.0219999999999984,9744.0,63.92500000000001,below,1.0
9786.0,-0.0240000000000009,9.8,69.10000000000001,below,1.0
8754.0,-0.0240000000000009,8766.0,53.1,below,1.0
8.45,-0.0199999999999995,8464.0,61575.0,below,1.0
8904.0,-0.0219999999999984,8.92,53.62499999999999,below,1.0
8.58,-0.0240000000000009,8.59,48725.0,below,1.0
8.79,-0.0199999999999995,8802.0,58.5,below,1.0
9122.0,-0.0199999999999995,9138.0,58.875000000000014,below,1.0
8274.0,-0.0240000000000009,8284.0,55.89999999999999,below,1.0
-0.009999999999998,0.25,9738.0,67675.0,below,1.0
-0.0120000000000004,-0.0219999999999984,9666.0,63.1,below,1.0
0.0419999999999998,-0.0240000000000009,9864.0,63.07499999999999,below,1.0
9422.0,-0.0199999999999995,9442.0,57.1,below,1.0
8.3,-0.0199999999999995,8318.0,55.69999999999999,below,1.0
8158.0,-0.0180000000000006,8.17,64.6,below,1.0
8822.0,-0.0219999999999984,8836.0,64.17500000000001,below,1.0
8.39,-0.0219999999999984,8404.0,58.400000000000006,below,1.0
9804.0,-0.0180000000000006,9818.0,61.1,below,1.0
8786.0,-0.0240000000000009,8798.0,55.275000000000006,below,1.0
8324.0,-0.0279999999999986,8.33,42225.0,below,0.0
8566.0,-0.0240000000000009,8578.0,55.02499999999999,below,1.0
-0.0180000000000006,-0.0219999999999984,8896.0,51875.0,below,1.0
9424.0,-0.0219999999999984,9438.0,66575.0,below,1.0
9434.0,-0.0199999999999995,9448.0,69475.0,below,1.0
9678.0,-0.0180000000000006,9694.0,56.400000000000006,below,1.0
8928.0,-0.0219999999999984,8.94,61.3,below,1.0
8.46,-0.0219999999999984,8.47,53075.0,below,1.0
9626.0,-0.0180000000000006,9646.0,59975.0,below,1.0
9298.0,-0.0219999999999984,9.31,67.15,below,1.0
8396.0,-0.0219999999999984,8412.0,50.37499999999999,below,1.0
9.94,-0.0219999999999984,9946.0,71.55,below,1.0
8922.0,-0.0279999999999986,8934.0,50.2,below,1.0
-0.0079999999999991,2.0540000000000003,7596.0,76325.0,below,1.0
8456.0,-0.0199999999999995,8468.0,57375.0,below,1.0
9912.0,-0.0259999999999998,9.92,69.97500000000001,below,1.0
8196.0,-0.0159999999999982,8212.0,64.9,below,1.0
-0.0139999999999993,-0.0259999999999998,8.92,70.32499999999999,below,0.0
8.95,-0.0240000000000009,8962.0,54.525000000000006,below,1.0
8.67,-0.0180000000000006,8684.0,56325.0,below,1.0
9.75,-0.0219999999999984,9762.0,60225.0,below,1.0
-0.0139999999999993,-0.0199999999999995,8.93,53.69999999999999,below,1.0
10214.0,1.0380000000000005,10.21,70.52499999999999,below,1.0
8.29,-0.0219999999999984,8306.0,52.49999999999999,below,1.0
8814.0,-0.0219999999999984,8828.0,52.42500000000001,below,1.0
8632.0,-0.0219999999999984,8646.0,61.35,below,1.0
9.75,-0.0259999999999998,9756.0,72625.0,below,0.0
8.15,-0.0199999999999995,8.16,57.650000000000006,below,1.0
9738.0,-0.0180000000000006,9.75,62175.0,below,1.0
9026.0,-0.0159999999999982,9044.0,57.89999999999999,below,1.0
9062.0,-0.0159999999999982,9.08,57.3,below,1.0
-0.0060000000000002,1.443999999999999,7958.0,75.55000000000001,below,1.0
8122.0,-0.0240000000000009,8132.0,56.3,below,1.0
9498.0,-0.0240000000000009,9504.0,66.75,below,0.0
8274.0,-0.0240000000000009,8284.0,55.89999999999999,below,1.0
9014.0,-0.0199999999999995,9028.0,63.650000000000006,below,1.0
8272.0,-0.0199999999999995,8284.0,55.89999999999999,below,1.0
-0.009999999999998,1.2360000000000009,8258.0,74.85,below,1.0
9718.0,-0.0240000000000009,9728.0,65025.0,below,0.0
9.53,-0.0219999999999984,9542.0,67625.0,below,1.0
8418.0,-0.0219999999999984,8.43,59.67499999999998,below,1.0
8536.0,-0.0240000000000009,8546.0,57.875000000000014,below,1.0
8118.0,-0.0240000000000009,8128.0,56.1,below,1.0
8568.0,-0.0180000000000006,8582.0,57175.0,below,1.0
9474.0,-0.0180000000000006,9486.0,65.35,below,1.0
9494.0,-0.0159999999999982,9506.0,69.27499999999999,below,1.0
8.73,-0.0259999999999998,8.74,51.69999999999999,below,1.0
9.4,-0.0219999999999984,9.41,66.95,below,1.0
9052.0,-0.0199999999999995,9066.0,63.75,below,1.0
8554.0,-0.0219999999999984,8568.0,55075.0,below,1.0
8916.0,-0.0120000000000004,8938.0,59.89999999999999,below,1.0
9256.0,-0.0180000000000006,9274.0,56925.0,below,1.0
-0.0180000000000006,-0.0219999999999984,8906.0,55.1,below,1.0
9302.0,-0.0199999999999995,9316.0,66475.0,below,1.0
8172.0,-0.0159999999999982,8.19,55575.0,below,1.0
8158.0,-0.0180000000000006,8.17,64.6,below,1.0
9942.0,-0.0199999999999995,9954.0,66675.0,below,1.0
9364.0,-0.0240000000000009,9.38,52.42500000000001,below,1.0
8.49,-0.0159999999999982,8506.0,58375.0,below,1.0
8788.0,-0.0159999999999982,8806.0,56925.0,below,1.0
-0.0120000000000004,282.0,10188.0,73.15,below,0.0
8822.0,-0.0219999999999984,8836.0,59.1,below,1.0
9262.0,-0.0219999999999984,9.28,56.0,below,1.0
8596.0,-0.0219999999999984,8608.0,54.82499999999999,below,1.0
-0.009999999999998,2.187999999999999,8168.0,74825.0,below,1.0
8608.0,-0.0240000000000009,8.62,53.525000000000006,below,1.0
9008.0,-0.0180000000000006,9024.0,68.45000000000002,below,1.0
9556.0,-0.0199999999999995,9572.0,67.25000000000001,below,1.0
8964.0,-0.0180000000000006,8978.0,57125.0,below,1.0
-0.0139999999999993,-0.0240000000000009,8.61,51.57499999999999,below,1.0
9524.0,-0.0259999999999998,9528.0,66.35,below,0.0
-0.009999999999998,-0.0199999999999995,9734.0,60.1,below,1.0
-0.0079999999999991,0.7259999999999991,8666.0,77375.0,below,1.0
9292.0,-0.0240000000000009,9304.0,66.12499999999999,below,1.0
9424.0,-0.0259999999999998,9438.0,65.75,below,1.0
9.6,-0.0219999999999984,9614.0,62.6,below,1.0
8.66,-0.0219999999999984,8672.0,58.2,below,1.0
8446.0,-0.0240000000000009,8.46,56.35,below,1.0
8506.0,-0.0240000000000009,8516.0,54.57499999999999,below,1.0
9098.0,-0.0219999999999984,9.11,59625.0,below,1.0
-0.0199999999999995,-0.0240000000000009,9054.0,50125.0,below,1.0
-0.009999999999998,-0.0240000000000009,10.05,71625.0,below,0.0
9466.0,-0.0240000000000009,9476.0,63825.0,below,1.0
8968.0,-0.0240000000000009,8982.0,55975.0,below,1.0
-0.0199999999999995,-0.0259999999999998,8592.0,57975.0,below,0.0
8804.0,-0.0240000000000009,8816.0,59.07500000000002,below,1.0
8532.0,-0.0159999999999982,8554.0,56.5,below,1.0
-0.009999999999998,-0.0199999999999995,9624.0,58.7,below,1.0
8306.0,-0.0159999999999982,8326.0,56.0,below,1.0
8056.0,-0.0199999999999995,8066.0,52.2,below,1.0
10032.0,-0.0240000000000009,10038.0,69425.0,below,1.0
9922.0,-0.0259999999999998,9.93,70.95,below,1.0
9918.0,-0.0139999999999993,9928.0,73825.0,below,1.0
8818.0,-0.0259999999999998,8832.0,59.400000000000006,below,1.0
-0.0139999999999993,-0.0279999999999986,9968.0,68825.0,below,1.0
-0.0259999999999998,-0.0180000000000006,8054.0,53.60000000000001,below,1.0
-0.0139999999999993,-0.0139999999999993,8506.0,65.14999999999999,below,1.0
9356.0,-0.0259999999999998,9368.0,61.94999999999999,below,1.0
9044.0,-0.0219999999999984,9052.0,69.17500000000001,below,0.0
8146.0,-0.0240000000000009,8156.0,49.35000000000001,below,1.0
9342.0,-0.0219999999999984,9354.0,67.32499999999999,below,1.0
9.66,-0.0219999999999984,9668.0,63.19999999999999,below,1.0
10.07,-0.0199999999999995,10072.0,62.85000000000001,below,1.0
9946.0,-0.0199999999999995,9.95,71125.0,below,1.0
9394.0,-0.0240000000000009,9404.0,66675.0,below,1.0
8516.0,-0.0159999999999982,8528.0,60575.0,below,1.0
9608.0,-0.0159999999999982,9628.0,61.20000000000002,below,1.0
8478.0,-0.0219999999999984,8488.0,59.45,below,1.0
8562.0,-0.0120000000000004,8.58,65.27499999999999,below,1.0
9834.0,-0.0199999999999995,9844.0,73.4,below,1.0
9014.0,-0.0219999999999984,9026.0,56425.0,below,1.0
8256.0,-0.0240000000000009,8266.0,51.42500000000001,below,1.0
9938.0,-0.0180000000000006,9946.0,57.35,below,1.0
8894.0,-0.0159999999999982,8912.0,57.1,below,1.0
9166.0,-0.0159999999999982,9182.0,57075.0,below,1.0
8386.0,-0.0219999999999984,8398.0,55925.0,below,1.0
9542.0,-0.0219999999999984,9556.0,61175.0,below,1.0
-0.0079999999999991,1.3659999999999997,8136.0,75.2,below,1.0
8078.0,-0.0240000000000009,8092.0,56.35,below,1.0
-0.0079999999999991,2.1080000000000005,7932.0,72925.0,below,1.0
8484.0,-0.0219999999999984,8496.0,58.2,below,1.0
9908.0,-0.0180000000000006,9.92,61475.0,below,1.0
8.12,-0.0219999999999984,8134.0,52.42500000000001,below,1.0
9.01,-0.0219999999999984,9022.0,63.525000000000006,below,1.0
8.72,-0.0240000000000009,8726.0,60.1,below,0.0
9826.0,-0.0259999999999998,9832.0,68.15,below,0.0
9568.0,-0.0180000000000006,9584.0,56.5,below,1.0
-0.0139999999999993,0.5679999999999996,8712.0,73.55000000000001,below,1.0
8256.0,-0.0199999999999995,8272.0,55.62499999999999,below,1.0
9806.0,-0.0219999999999984,9816.0,67.65,below,1.0
9248.0,-0.0219999999999984,9258.0,60.14999999999999,below,1.0
9804.0,-0.0219999999999984,9816.0,68.52499999999999,below,1.0
8.18,-0.0180000000000006,8194.0,52.8,below,1.0
9364.0,-0.0259999999999998,9376.0,57.875000000000014,below,1.0
8982.0,-0.0219999999999984,9.0,51325.0,below,1.0
-0.009999999999998,0.7199999999999989,8.68,74025.0,below,1.0
-0.0300000000000011,-0.0240000000000009,8.07,50075.0,below,1.0
9.88,-0.0199999999999995,9.89,71.44999999999999,below,1.0
-0.009999999999998,2.056000000000001,7.800000000000001,75.4,below,1.0
-0.0139999999999993,-0.0240000000000009,9938.0,61.75,below,1.0
9578.0,-0.0240000000000009,9588.0,63.3,below,1.0
9574.0,-0.0219999999999984,9586.0,63.79999999999998,below,1.0
8938.0,-0.0219999999999984,8.95,50.35000000000001,below,1.0
8148.0,-0.0240000000000009,8.16,51.400000000000006,below,1.0
9244.0,-0.0199999999999995,9258.0,63.3,below,1.0
10118.0,-0.0240000000000009,10112.0,63.775000000000006,below,1.0
8432.0,-0.0199999999999995,8444.0,54.85,below,1.0
-0.0199999999999995,-0.0180000000000006,8288.0,62175.0,below,1.0
9386.0,-0.0159999999999982,9404.0,58375.0,below,1.0
8.19,-0.0199999999999995,8202.0,53.89999999999999,below,1.0
9622.0,-0.0199999999999995,9.64,57975.0,below,1.0
9584.0,-0.0259999999999998,9596.0,66.95,below,1.0
9404.0,-0.0219999999999984,9.42,65.55,below,1.0
8406.0,-0.0219999999999984,8.42,49.2,below,1.0
-0.0079999999999991,0.7059999999999995,8682.0,75.75,below,1.0
-0.0120000000000004,-0.0240000000000009,10.01,71.35000000000001,above,0.0
8818.0,-0.0199999999999995,8.83,57075.0,below,1.0
9684.0,-0.0219999999999984,9696.0,61125.0,below,1.0
8864.0,-0.0240000000000009,8876.0,65875.0,below,1.0
8.72,-0.0240000000000009,8726.0,64525.0,below,0.0
9282.0,-0.0240000000000009,9298.0,54925.0,below,1.0
9952.0,-0.0199999999999995,9.96,53325.0,below,1.0
-0.0079999999999991,-0.0199999999999995,10002.0,70.52499999999999,below,1.0
9674.0,-0.0199999999999995,9694.0,59.80000000000001,below,1.0
8362.0,-0.0240000000000009,8374.0,52.8,below,1.0
8838.0,-0.0259999999999998,8852.0,59.000000000000014,below,1.0
8.18,-0.0219999999999984,8194.0,50.22500000000001,below,1.0
-0.0120000000000004,0.443999999999999,9588.0,65.27499999999999,below,1.0
9688.0,-0.0139999999999993,9708.0,60.7,below,1.0
-0.009999999999998,2.0180000000000007,8864.0,74.10000000000001,below,1.0
-0.0159999999999982,-0.0159999999999982,8.74,53.275000000000006,below,1.0
8136.0,-0.0219999999999984,8148.0,57.1,below,1.0
-0.0199999999999995,-0.0219999999999984,8.62,53.2,below,1.0
8238.0,-0.0240000000000009,8248.0,49.45,below,1.0
9566.0,-0.0180000000000006,9582.0,57.400000000000006,below,1.0
9614.0,-0.0240000000000009,9628.0,66225.0,below,1.0
-0.0139999999999993,-0.0139999999999993,8506.0,65.14999999999999,above,0.0
8236.0,-0.0219999999999984,8248.0,57125.0,below,1.0
9202.0,-0.0240000000000009,9212.0,62.900000000000006,below,1.0
-0.0120000000000004,-0.0219999999999984,9.91,70.04999999999998,below,1.0
8864.0,-0.0180000000000006,8.88,62.900000000000006,below,1.0
8272.0,-0.0199999999999995,8286.0,56.3,below,1.0
8568.0,-0.0159999999999982,8584.0,55.69999999999999,below,1.0
8.36,-0.0180000000000006,8374.0,61.85000000000001,below,1.0
10156.0,0.0,10148.0,68.45000000000002,below,1.0
9.07,-0.0219999999999984,9084.0,58.05,below,1.0
8802.0,-0.0219999999999984,8812.0,59.94999999999999,below,1.0
8.41,-0.0219999999999984,8422.0,61575.0,below,1.0
10158.0,-0.0159999999999982,10156.0,69725.0,below,1.0
9686.0,-0.0120000000000004,9704.0,65.45,below,1.0
9518.0,-0.0139999999999993,9536.0,61.650000000000006,below,1.0
9.73,-0.0199999999999995,9738.0,63.27499999999999,below,1.0
-0.0060000000000002,2.187999999999999,8066.0,76.4,below,1.0
9762.0,-0.0259999999999998,9772.0,64475.0,below,1.0
9076.0,-0.0199999999999995,9092.0,53225.0,below,1.0
9.25,-0.0240000000000009,9262.0,62575.0,below,1.0
9988.0,-0.0219999999999984,9994.0,65.95,below,1.0
9508.0,-0.0219999999999984,9.52,58175.0,below,1.0
8892.0,-0.0180000000000006,8908.0,59375.0,below,1.0
8512.0,-0.0259999999999998,8522.0,56325.0,below,1.0
9304.0,-0.0240000000000009,9318.0,61475.0,below,1.0
-0.0139999999999993,-0.0139999999999993,8506.0,65.14999999999999,below,1.0
9364.0,-0.0259999999999998,9374.0,64.9,below,1.0
9212.0,-0.0180000000000006,9228.0,57.1,below,1.0
8856.0,-0.0240000000000009,8868.0,57.3,below,1.0
9718.0,-0.0240000000000009,9728.0,65025.0,above,0.0
9.53,-0.0120000000000004,9552.0,61.45,below,1.0
8286.0,-0.0199999999999995,8.3,55925.0,below,1.0
8.43,-0.0219999999999984,8446.0,61.55,below,1.0
9304.0,-0.0159999999999982,9.32,59225.0,below,1.0
8518.0,-0.0159999999999982,8.54,56.69999999999999,below,1.0
10214.0,0.5640000000000001,10204.0,70.32499999999999,below,1.0
8788.0,-0.0219999999999984,8802.0,55.69999999999999,below,1.0
9698.0,-0.0240000000000009,9708.0,63475.0,below,1.0
8678.0,-0.0199999999999995,8692.0,60475.0,below,1.0
9666.0,-0.0259999999999998,9674.0,55.1,below,1.0
9206.0,-0.0199999999999995,9218.0,67.75,below,1.0
-0.009999999999998,2.0599999999999987,8414.0,75.29999999999998,below,1.0
9984.0,-0.0240000000000009,9986.0,70275.0,below,0.0
9.29,-0.0240000000000009,9304.0,55.45,below,1.0
8142.0,-0.0240000000000009,8152.0,55.400000000000006,below,1.0
9088.0,-0.0199999999999995,9104.0,67.85000000000001,below,1.0
8786.0,-0.0139999999999993,8806.0,59.07500000000002,below,1.0
9268.0,-0.0240000000000009,9.28,65525.0,below,1.0
10004.0,-0.0199999999999995,10008.0,64.97500000000001,below,1.0
9098.0,-0.0219999999999984,9116.0,60.72500000000001,below,1.0
9252.0,-0.0180000000000006,9268.0,55.72500000000001,below,1.0
8072.0,-0.0199999999999995,8088.0,53.82499999999999,below,1.0
9528.0,-0.0219999999999984,9542.0,60.775000000000006,below,1.0
8946.0,-0.0199999999999995,8964.0,54.55000000000001,below,1.0
8552.0,-0.0219999999999984,8566.0,58.35,below,1.0
9978.0,-0.0180000000000006,9984.0,73.35000000000001,below,1.0
9074.0,-0.0219999999999984,9088.0,61375.0,below,1.0
9478.0,-0.0199999999999995,9492.0,68.0,below,1.0
9408.0,-0.0219999999999984,9412.0,68.35,below,0.0
-0.009999999999998,-0.0180000000000006,10.17,70725.0,below,1.0
8248.0,-0.0159999999999982,8264.0,64.85000000000001,below,1.0
9696.0,-0.0240000000000009,9706.0,66575.0,below,1.0
8742.0,-0.0219999999999984,8756.0,59375.0,below,1.0
9596.0,-0.0259999999999998,9602.0,71275.0,below,0.0
8464.0,-0.0240000000000009,8476.0,51325.0,below,1.0
9.77,-0.0159999999999982,9782.0,63175.0,below,1.0
9076.0,-0.0240000000000009,9088.0,56325.0,below,1.0
9.13,-0.0240000000000009,9138.0,60.07499999999999,below,0.0
8458.0,-0.0199999999999995,8474.0,50725.0,below,1.0
-0.0159999999999982,-0.0219999999999984,8746.0,60.05,below,1.0
9.39,-0.0159999999999982,9408.0,58.5,below,1.0
9018.0,-0.0199999999999995,9.03,56.275000000000006,below,1.0
9638.0,-0.0219999999999984,9648.0,62.72500000000001,below,1.0
8206.0,-0.0279999999999986,8216.0,48.45,below,1.0
8198.0,-0.0159999999999982,8214.0,54725.0,below,1.0
-0.0120000000000004,-0.0219999999999984,8894.0,72.77499999999999,below,1.0
9174.0,-0.0139999999999993,9186.0,69.15,below,1.0
-0.0240000000000009,-0.0159999999999982,8054.0,57.47500000000001,below,1.0
8.8,-0.0219999999999984,8814.0,51725.0,below,1.0
9.58,-0.0199999999999995,9592.0,67.15,below,1.0
8368.0,-0.0199999999999995,8382.0,55325.0,below,1.0
8492.0,-0.0259999999999998,8504.0,51.89999999999999,below,1.0
-0.0139999999999993,-0.0139999999999993,8506.0,65.14999999999999,below,1.0
-0.0040000000000013,2.0120000000000005,8098.0,76.89999999999999,below,1.0
8586.0,-0.0219999999999984,8.6,62.25,below,1.0
9652.0,-0.0219999999999984,9662.0,63.1,below,1.0
9868.0,-0.0199999999999995,9882.0,52.60000000000001,below,1.0
8194.0,-0.0180000000000006,8208.0,54.02499999999999,below,1.0
8.3,-0.0180000000000006,8316.0,54.42499999999998,below,1.0
9.91,-0.0240000000000009,9918.0,70475.0,below,1.0
9.1,-0.0259999999999998,9108.0,59.60000000000001,below,0.0
8778.0,-0.0219999999999984,8796.0,53925.0,below,1.0
8578.0,-0.0199999999999995,8.59,61.20000000000002,below,1.0
8394.0,-0.0219999999999984,8404.0,55.150000000000006,below,1.0
9.82,-0.0259999999999998,9822.0,71.95,below,0.0
9056.0,-0.0180000000000006,9076.0,57.72500000000001,below,1.0
8502.0,-0.0219999999999984,8514.0,54.2,below,1.0
8102.0,-0.0219999999999984,8118.0,47.05,below,1.0
9.31,-0.0199999999999995,9.32,58.7,below,1.0
9.05,-0.0139999999999993,9068.0,59.275000000000006,below,1.0
9954.0,-0.0180000000000006,9962.0,55225.0,below,1.0
-0.0040000000000013,1.6660000000000004,7.885999999999999,74025.0,below,1.0
0.0120000000000004,-0.0219999999999984,8066.0,55.69999999999999,below,1.0
8366.0,-0.0199999999999995,8378.0,53.67500000000001,below,1.0
8274.0,-0.0240000000000009,8284.0,55.89999999999999,above,0.0
8884.0,-0.0199999999999995,8898.0,52725.0,below,1.0
8664.0,-0.0219999999999984,8674.0,56175.0,below,1.0
9.31,-0.0199999999999995,9326.0,57.525000000000006,below,1.0
9.72,-0.0199999999999995,9738.0,49225.0,below,1.0
9.18,-0.0199999999999995,9196.0,55.400000000000006,below,1.0
8.61,-0.0240000000000009,8.62,52325.0,below,1.0
8622.0,-0.0180000000000006,8636.0,61175.0,below,1.0
8408.0,-0.0259999999999998,8.42,57.67500000000001,below,1.0
-0.0259999999999998,-0.0219999999999984,8.12,58.60000000000001,below,1.0
9.51,-0.0180000000000006,9528.0,58.3,below,1.0
8696.0,-0.0180000000000006,8.71,57.0,below,1.0
8164.0,-0.0219999999999984,8176.0,58.82499999999999,below,1.0
-0.0040000000000013,2064.0,7.85,74325.0,below,1.0
8786.0,-0.0159999999999982,8804.0,59.25,below,1.0
8.68,-0.0180000000000006,8698.0,56325.0,below,1.0
9848.0,-0.0240000000000009,9856.0,71075.0,below,1.0
8516.0,-0.0219999999999984,8526.0,54725.0,below,1.0
9358.0,-0.0199999999999995,9.37,66.05000000000001,below,1.0
8238.0,-0.0240000000000009,8248.0,49.45,above,0.0
9.71,-0.0240000000000009,9.72,68.15,below,1.0
9154.0,-0.0120000000000004,9172.0,64025.0,below,1.0
8252.0,-0.0219999999999984,8262.0,54.60000000000001,below,1.0
9.12,-0.0219999999999984,9132.0,62.07499999999999,below,1.0
-0.0240000000000009,-0.0219999999999984,8338.0,50.025000000000006,below,1.0
9528.0,-0.0219999999999984,9.54,67.95,below,1.0
8822.0,-0.0199999999999995,8838.0,52975.0,below,1.0
8072.0,-0.0159999999999982,8088.0,57975.0,below,1.0
8862.0,-0.0159999999999982,8878.0,59.60000000000001,below,1.0
8732.0,-0.0240000000000009,8744.0,57.69999999999999,below,1.0
8426.0,-0.0199999999999995,8444.0,54.42499999999998,below,1.0
8128.0,-0.0219999999999984,8.14,59.02499999999999,below,1.0
8938.0,-0.0219999999999984,8954.0,55.60000000000001,below,1.0
8236.0,-0.0240000000000009,8244.0,58375.0,below,0.0
9748.0,-0.0159999999999982,9766.0,59.89999999999999,below,1.0
8674.0,-0.0180000000000006,8.69,58575.0,below,1.0
9732.0,-0.0219999999999984,9.75,58.60000000000001,below,1.0
9934.0,-0.0279999999999986,9.94,66.95,below,1.0
9.48,-0.0199999999999995,9494.0,56375.0,below,1.0
10.06,-0.0219999999999984,10062.0,69.64999999999999,below,1.0
9602.0,-0.0219999999999984,9614.0,61.75,below,1.0
9962.0,-0.0219999999999984,9966.0,72675.0,below,1.0
-0.009999999999998,-0.0180000000000006,10024.0,71.64999999999999,below,1.0
8466.0,-0.0139999999999993,8486.0,58.3,below,1.0
9666.0,-0.0139999999999993,9682.0,62.25,below,1.0
9722.0,-0.0240000000000009,9736.0,54075.0,below,1.0
8912.0,-0.0240000000000009,8928.0,57.89999999999999,below,1.0
8672.0,-0.0240000000000009,8686.0,54225.0,below,1.0
8164.0,-0.0240000000000009,8.18,54.55000000000001,below,1.0
8282.0,-0.0240000000000009,8294.0,52.400000000000006,below,1.0
-0.0079999999999991,1394.0,8.19,75.44999999999999,below,1.0
8698.0,-0.0219999999999984,8.71,57.5,below,1.0
9356.0,-0.0159999999999982,9372.0,58.94999999999999,below,1.0
9.49,-0.0240000000000009,9.5,57.875000000000014,below,1.0
-0.0199999999999995,-0.0240000000000009,8666.0,59375.0,below,0.0
-0.0139999999999993,-0.0139999999999993,8506.0,65.14999999999999,below,1.0
8478.0,-0.0219999999999984,8.49,59175.0,below,1.0
8698.0,-0.0219999999999984,8712.0,62.07499999999999,below,1.0
8248.0,-0.0240000000000009,8258.0,51.400000000000006,below,1.0
8484.0,-0.0240000000000009,8494.0,56.60000000000001,below,1.0
9678.0,-0.0159999999999982,9698.0,62.05000000000001,below,1.0
8.71,-0.0199999999999995,8724.0,62.55,below,1.0
9678.0,-0.0240000000000009,9684.0,68825.0,below,0.0
9.64,-0.0180000000000006,9654.0,66.9,below,1.0
8.78,-0.0219999999999984,8.79,56.47500000000001,below,1.0
10016.0,-0.0219999999999984,10024.0,66.65,below,1.0
9208.0,-0.0139999999999993,9228.0,58.80000000000001,below,1.0
9356.0,-0.0219999999999984,9.37,61.400000000000006,below,1.0
8504.0,-0.0159999999999982,8518.0,55575.0,below,1.0
9786.0,-0.0240000000000009,9794.0,69.39999999999999,below,1.0
8.07,-0.0259999999999998,8082.0,57.1,below,1.0
10.01,-0.0259999999999998,10014.0,71.32499999999999,below,0.0
9626.0,-0.0180000000000006,9636.0,71825.0,below,1.0
9646.0,-0.0240000000000009,9656.0,65725.0,below,1.0
8062.0,-0.0219999999999984,8076.0,48225.0,below,1.0
9.63,-0.0199999999999995,9644.0,63.25,below,1.0
8158.0,-0.0180000000000006,8.17,64.6,above,0.0
-0.009999999999998,0.7240000000000002,8688.0,74.15,below,1.0
8.17,-0.0199999999999995,8.18,56.60000000000001,below,1.0
8516.0,-0.0219999999999984,8526.0,54.525000000000006,below,1.0
8588.0,-0.0199999999999995,8.6,60.05,below,1.0
8816.0,-0.0219999999999984,8828.0,56.89999999999999,below,1.0
9556.0,-0.0259999999999998,9564.0,49.2,below,0.0
8678.0,-0.0219999999999984,8.69,56.69999999999999,below,1.0
9332.0,-0.0219999999999984,9344.0,66875.0,below,1.0
9888.0,-0.0259999999999998,9892.0,55575.0,below,0.0
9.11,-0.0219999999999984,9122.0,60.94999999999999,below,1.0
8432.0,-0.0199999999999995,8444.0,60575.0,below,1.0
-0.0040000000000013,2068.0,8116.0,76.47500000000001,below,1.0
9248.0,-0.0199999999999995,9258.0,63.39999999999999,below,1.0
8406.0,-0.0159999999999982,8424.0,56.02499999999999,below,1.0
8268.0,-0.0240000000000009,8.28,53.1,below,1.0
8668.0,-0.0139999999999993,8678.0,63.55,below,1.0
8276.0,-0.0199999999999995,8286.0,59125.0,below,1.0
-0.0060000000000002,0.7279999999999998,9502.0,77125.0,below,1.0
9.32,-0.0219999999999984,9.33,56.150000000000006,below,1.0
8876.0,-0.0240000000000009,8884.0,67625.0,below,0.0
8976.0,-0.0139999999999993,8992.0,60125.0,below,1.0
8444.0,-0.0240000000000009,8456.0,54325.0,below,1.0
9128.0,-0.0199999999999995,9146.0,56.69999999999999,below,1.0
10178.0,-0.0240000000000009,10172.0,61.525000000000006,below,1.0
8254.0,-0.0219999999999984,8266.0,51075.0,below,1.0
8844.0,-0.0159999999999982,8.86,58225.0,below,1.0
-0.0060000000000002,2004.0,8.74,75725.0,below,1.0
-0.0040000000000013,2.0180000000000007,7.710000000000001,73.2,below,1.0
8442.0,-0.0219999999999984,8456.0,52.82500000000002,below,1.0
8182.0,-0.0159999999999982,8198.0,57.1,below,1.0
9448.0,-0.0199999999999995,9.46,66.05000000000001,below,1.0
-0.0079999999999991,1.9559999999999995,8.67,72.32499999999999,below,1.0
-0.0139999999999993,-0.0219999999999984,9136.0,63.97500000000001,below,1.0
8936.0,-0.0199999999999995,8.95,63.85000000000001,below,1.0
9628.0,-0.0159999999999982,9648.0,58.400000000000006,below,1.0
8646.0,-0.0219999999999984,8658.0,60.45,below,0.0
9114.0,-0.0139999999999993,9132.0,57.69999999999999,below,1.0
-0.0180000000000006,-0.0240000000000009,8.98,57.400000000000006,below,1.0
8926.0,-0.0240000000000009,8936.0,60.07499999999999,below,1.0
9768.0,-0.0180000000000006,9784.0,60.07499999999999,below,1.0
8992.0,-0.0240000000000009,9006.0,59.2,below,1.0
10136.0,-0.0219999999999984,10134.0,70.85,below,1.0
9186.0,-0.0219999999999984,9198.0,64.39999999999999,below,1.0
9.29,-0.0199999999999995,9302.0,65.92499999999998,below,1.0
9574.0,-0.0240000000000009,9578.0,67.55,below,0.0
9366.0,-0.0240000000000009,9378.0,61.000000000000014,below,1.0
8612.0,-0.0120000000000004,8628.0,66.19999999999999,below,1.0
9964.0,-0.0219999999999984,9968.0,72.24999999999999,below,0.0
8982.0,-0.0180000000000006,8998.0,56075.0,below,1.0
9834.0,-0.0159999999999982,9846.0,62.20000000000002,below,1.0
9234.0,-0.0219999999999984,9244.0,58.275000000000006,below,1.0
9006.0,-0.0219999999999984,9.02,61.35,below,1.0
9736.0,-0.0199999999999995,9748.0,67.25000000000001,below,1.0
-0.0120000000000004,2116.0,8558.0,74.6,below,1.0
9328.0,-0.0240000000000009,9.34,54.525000000000006,below,1.0
9344.0,-0.0139999999999993,9.36,62.85000000000001,below,1.0
9.15,-0.0219999999999984,9.16,68.95,below,0.0
9.03,-0.0219999999999984,9044.0,60.45,below,1.0
8094.0,-0.0199999999999995,8108.0,56.69999999999999,below,1.0
9998.0,-0.0180000000000006,10006.0,56075.0,below,1.0
9.98,-0.0240000000000009,9988.0,63675.0,below,1.0
8964.0,-0.0199999999999995,8.98,64.72500000000001,below,1.0
9.02,-0.0180000000000006,9034.0,58.3,below,1.0
8612.0,-0.0240000000000009,8626.0,58.875000000000014,below,1.0
9004.0,-0.0259999999999998,9016.0,54.82499999999999,below,1.0
9014.0,-0.0139999999999993,9.03,61.000000000000014,below,1.0
8158.0,-0.0180000000000006,8.17,64.6,above,0.0
-0.0180000000000006,-0.0259999999999998,8656.0,65.25000000000001,below,0.0
-0.0240000000000009,-0.0180000000000006,8288.0,51.69999999999999,below,1.0
8.88,-0.0240000000000009,8.89,56325.0,below,1.0
9464.0,-0.0219999999999984,9.48,58225.0,below,1.0
8.22,-0.0199999999999995,8228.0,53875.0,below,1.0
-0.0060000000000002,2074.0,7558.0,67.15,below,1.0
9.36,-0.0199999999999995,9.37,66.75,below,1.0
9894.0,-0.0240000000000009,9.9,69.95,below,1.0
8552.0,-0.0219999999999984,8564.0,56.82499999999999,below,1.0
8474.0,-0.0219999999999984,8486.0,59475.0,below,1.0
8.96,-0.0219999999999984,8974.0,62.94999999999999,below,1.0
8558.0,-0.0199999999999995,8.57,60.27499999999999,below,1.0
9614.0,-0.0199999999999995,9.63,60.87499999999999,below,1.0
8076.0,-0.0240000000000009,8088.0,55.89999999999999,below,1.0
-0.0139999999999993,-0.0139999999999993,8506.0,65.14999999999999,below,1.0
9622.0,-0.0199999999999995,9638.0,54.1,below,1.0
9966.0,-0.0219999999999984,9.97,65.10000000000001,below,1.0
8.25,-0.0240000000000009,8262.0,54.35000000000001,below,1.0
9798.0,3.5820000000000007,10204.0,59.87499999999999,above,1.0
8238.0,-0.0240000000000009,8248.0,49.45,below,1.0
8.59,-0.0199999999999995,8604.0,56375.0,below,1.0
-0.0219999999999984,-0.0180000000000006,8134.0,57.1,below,1.0
8.95,-0.0219999999999984,8966.0,51.69999999999999,below,1.0
8642.0,-0.0199999999999995,8658.0,64.35,below,1.0
8.24,-0.0199999999999995,8256.0,55.5,below,1.0
-0.0019999999999988,1.5700000000000005,8584.0,75.89999999999999,below,1.0
9774.0,-0.0199999999999995,9788.0,70.64999999999999,below,1.0
8082.0,-0.0219999999999984,8094.0,50125.0,below,1.0
8974.0,-0.0240000000000009,8986.0,66.12499999999999,below,1.0
9874.0,-0.0180000000000006,9888.0,60.27499999999999,below,1.0
9358.0,-0.0180000000000006,9372.0,58.55,below,1.0
8978.0,-0.0240000000000009,8988.0,54.82499999999999,below,1.0
8.53,-0.0199999999999995,8548.0,56.0,below,1.0
-0.0279999999999986,-0.0219999999999984,8096.0,63.05000000000001,below,1.0
9488.0,-0.0180000000000006,9504.0,57325.0,below,1.0
8.85,-0.0240000000000009,8864.0,57325.0,below,1.0
-0.0159999999999982,-0.0219999999999984,9198.0,49225.0,below,1.0
8448.0,-0.0180000000000006,8466.0,57.69999999999999,below,1.0
9.19,-0.0199999999999995,9204.0,61.7,below,1.0
9788.0,-0.0199999999999995,9.8,69725.0,below,1.0
8442.0,-0.0180000000000006,8458.0,60.67499999999998,below,1.0
10096.0,-0.0259999999999998,10096.0,70.30000000000001,below,1.0
-0.0079999999999991,-0.0159999999999982,7244.0,58.47500000000001,below,1.0
-0.009999999999998,1.7140000000000004,8032.0,73.44999999999999,below,1.0
8214.0,-0.0240000000000009,8226.0,51.57499999999999,below,1.0
9386.0,-0.0180000000000006,9402.0,59.7,below,1.0
-0.0120000000000004,-0.0159999999999982,9192.0,62.775000000000006,below,1.0
9.18,-0.0219999999999984,9196.0,52.49999999999999,below,1.0
8158.0,-0.0180000000000006,8.17,64.6,below,1.0
8858.0,-0.0139999999999993,8878.0,58.5,below,1.0
8766.0,-0.0259999999999998,8778.0,48.150000000000006,below,1.0
8.48,-0.0219999999999984,8492.0,54075.0,below,1.0
9194.0,-0.0240000000000009,9206.0,63.7,below,1.0
9008.0,-0.0159999999999982,9022.0,61575.0,below,1.0
9898.0,-0.0259999999999998,9906.0,71875.0,below,0.0
-0.0060000000000002,2228.0,8148.0,76275.0,below,1.0
-0.0159999999999982,-0.0219999999999984,8978.0,59.80000000000001,below,1.0
9.54,-0.0240000000000009,9552.0,62.45,below,1.0
8652.0,-0.0199999999999995,8664.0,63.775000000000006,below,1.0
-0.0279999999999986,-0.0240000000000009,8066.0,50.2,below,1.0
8.32,-0.0219999999999984,8332.0,61675.0,below,1.0
8.43,-0.0219999999999984,8442.0,53725.0,below,1.0
8942.0,-0.0199999999999995,8954.0,59.7,below,1.0
8666.0,-0.0240000000000009,8678.0,58.89999999999999,below,1.0
10.15,-0.0279999999999986,10.15,62.79999999999998,below,1.0
-0.0219999999999984,-0.0219999999999984,8218.0,53.85,below,1.0
8484.0,-0.0199999999999995,8498.0,63875.0,below,1.0
10238.0,1.9059999999999988,10222.0,73625.0,above,0.0
8.97,-0.0199999999999995,8992.0,55.750000000000014,below,1.0
9488.0,-0.0139999999999993,9.51,59.07500000000002,below,1.0
9.24,-0.0199999999999995,9252.0,67.17500000000001,below,1.0
-0.0139999999999993,-0.0139999999999993,8506.0,65.14999999999999,above,0.0
8684.0,-0.0219999999999984,8702.0,51.625000000000014,below,1.0
9344.0,-0.0219999999999984,9356.0,67.12499999999999,below,1.0
8342.0,-0.0180000000000006,8358.0,60.94999999999999,below,1.0
8856.0,-0.0199999999999995,8866.0,58.5,below,1.0
8872.0,-0.0240000000000009,8886.0,51875.0,below,1.0
9656.0,-0.0180000000000006,9672.0,60975.0,below,1.0
9034.0,-0.0159999999999982,9048.0,66.25000000000001,below,1.0
-0.0219999999999984,-0.0219999999999984,8198.0,54725.0,below,1.0
8.95,-0.0159999999999982,8968.0,58.5,below,1.0
8676.0,-0.0159999999999982,8694.0,58.74999999999999,below,1.0
8882.0,-0.0180000000000006,8896.0,55.02499999999999,below,1.0
9874.0,-0.0219999999999984,9882.0,65.97500000000001,below,1.0
9004.0,-0.0219999999999984,9016.0,61475.0,below,1.0
-0.0079999999999991,2.41,7.5,68625.0,below,1.0
8.18,-0.0219999999999984,8.19,50.1,below,1.0
9958.0,-0.0259999999999998,9968.0,62.87499999999999,below,1.0
8134.0,-0.0219999999999984,8144.0,58.400000000000006,below,1.0
8168.0,-0.0159999999999982,8182.0,56975.0,below,1.0
8.53,-0.0240000000000009,8538.0,67.95,below,0.0
8472.0,-0.0159999999999982,8488.0,56.525000000000006,below,1.0
8468.0,-0.0199999999999995,8.48,62.79999999999998,below,0.0
10044.0,-0.0240000000000009,10042.0,68.25000000000001,below,0.0
8.43,-0.0279999999999986,8438.0,67.85000000000001,below,0.0
9992.0,-0.0199999999999995,9996.0,69.5,below,1.0
8.81,-0.0259999999999998,8822.0,55.1,below,1.0
8242.0,-0.0180000000000006,8258.0,55.5,below,1.0
9378.0,-0.0139999999999993,9396.0,60.900000000000006,below,1.0
9786.0,-0.0159999999999982,9804.0,61575.0,below,1.0
-0.0120000000000004,0.6600000000000001,9556.0,75.55000000000001,below,1.0
-0.009999999999998,1.3339999999999996,8144.0,75.4,below,1.0
-0.0079999999999991,2052.0,8.37,75.62500000000001,below,1.0
8784.0,-0.0240000000000009,8792.0,61.14999999999999,below,0.0
8166.0,-0.0199999999999995,8186.0,55.60000000000001,below,1.0
-0.0120000000000004,0.8900000000000006,8752.0,72.85,below,0.0
8588.0,-0.0199999999999995,8598.0,60.27499999999999,below,1.0
8704.0,-0.0199999999999995,8718.0,53075.0,below,1.0
8656.0,-0.0240000000000009,8664.0,56.650000000000006,below,1.0
-0.009999999999998,1.2699999999999996,8984.0,72.75,below,1.0
8744.0,-0.0199999999999995,8758.0,55.275000000000006,below,1.0
-0.0060000000000002,2.1820000000000004,8056.0,76.6,below,1.0
9786.0,-0.0240000000000009,9796.0,68.27499999999999,below,1.0
9.53,-0.0219999999999984,9542.0,63.75,below,1.0
8.19,-0.0199999999999995,8206.0,52075.0,below,1.0
9138.0,-0.0219999999999984,9154.0,55.77499999999999,below,1.0
8908.0,-0.0199999999999995,8.92,61.87499999999999,below,1.0
8842.0,-0.0180000000000006,8.86,57075.0,below,1.0
8.38,-0.0159999999999982,8392.0,62.87499999999999,below,1.0
-0.0120000000000004,48.0,10034.0,68.12499999999999,below,0.0
8688.0,-0.0180000000000006,8704.0,62675.0,below,1.0
9982.0,-0.0159999999999982,9.98,72725.0,below,1.0
9178.0,-0.0240000000000009,9.19,51725.0,below,1.0
8524.0,-0.0219999999999984,8532.0,57175.0,below,0.0
9852.0,-0.0240000000000009,9862.0,64575.0,below,1.0
8518.0,-0.0240000000000009,8.53,58.775000000000006,below,1.0
8274.0,-0.0240000000000009,8284.0,55.89999999999999,below,1.0
9244.0,-0.0219999999999984,9256.0,66.45,below,1.0
8408.0,-0.0219999999999984,8.42,56125.0,below,1.0
8238.0,-0.0240000000000009,8248.0,49.45,above,0.0
-0.0180000000000006,-0.0199999999999995,8958.0,66.27499999999999,below,1.0
8758.0,-0.0240000000000009,8764.0,67.17500000000001,below,0.0
8404.0,-0.0120000000000004,8422.0,66025.0,below,1.0
9322.0,-0.0180000000000006,9336.0,66.17500000000001,below,1.0
8352.0,-0.0240000000000009,8362.0,57.80000000000001,below,1.0
8422.0,-0.0219999999999984,8434.0,53725.0,below,1.0
-0.0060000000000002,2032.0,7.763999999999999,73125.0,below,1.0
9074.0,-0.0259999999999998,9088.0,56125.0,below,1.0
8646.0,-0.0199999999999995,8662.0,52.49999999999999,below,1.0
9888.0,-0.0240000000000009,9896.0,62.000000000000014,below,1.0
8344.0,-0.0219999999999984,8358.0,57.775000000000006,below,1.0
8304.0,-0.0219999999999984,8316.0,55.77499999999999,below,1.0
-0.0120000000000004,-0.0219999999999984,9.8,68.52499999999999,below,1.0
8.9,-0.0240000000000009,8916.0,55.60000000000001,below,1.0
-0.0240000000000009,-0.0240000000000009,8318.0,51.29999999999998,below,1.0
8184.0,-0.0219999999999984,8192.0,57.3,below,1.0
-0.0120000000000004,-0.0159999999999982,9264.0,57075.0,below,1.0
10.07,-0.0259999999999998,10068.0,70.37500000000001,below,0.0
-0.0180000000000006,-0.0180000000000006,8556.0,65725.0,below,1.0
-0.0079999999999991,-0.0139999999999993,9.4,58975.0,below,1.0
8238.0,-0.0240000000000009,8248.0,49.45,above,0.0
8476.0,-0.0159999999999982,8494.0,58.07500000000002,below,1.0
8926.0,-0.0199999999999995,8938.0,59975.0,below,1.0
8608.0,-0.0159999999999982,8624.0,63.775000000000006,below,1.0
9294.0,-0.0180000000000006,9.31,56.60000000000001,below,1.0
9172.0,-0.0240000000000009,9186.0,62375.0,below,1.0
9858.0,-0.0159999999999982,9862.0,61.60000000000001,below,1.0
9188.0,-0.0240000000000009,9204.0,47.39999999999999,below,1.0
8572.0,-0.0240000000000009,8582.0,54.42499999999998,below,1.0
9462.0,-0.0219999999999984,9474.0,68.35,below,1.0
-0.0139999999999993,-0.0259999999999998,9.42,58.74999999999999,below,1.0
8.59,-0.0199999999999995,8606.0,55.400000000000006,below,1.0
-0.0199999999999995,-0.0180000000000006,8.44,53.1,below,1.0
9898.0,-0.0279999999999986,9908.0,69925.0,below,1.0
8212.0,-0.0240000000000009,8226.0,52175.0,below,1.0
9264.0,-0.0240000000000009,9278.0,60.55,below,1.0
8944.0,-0.0219999999999984,8956.0,56.525000000000006,below,1.0
8.25,-0.0240000000000009,8262.0,51325.0,below,1.0
9572.0,-0.0219999999999984,9584.0,57.72500000000001,below,1.0
8908.0,-0.0199999999999995,8922.0,60.87499999999999,below,1.0
9316.0,-0.0219999999999984,9328.0,55.02499999999999,below,1.0
9106.0,-0.0159999999999982,9124.0,61.35,below,1.0
8212.0,-0.0259999999999998,8222.0,55.275000000000006,below,1.0
-0.0040000000000013,0.6959999999999997,8428.0,81.44999999999999,below,1.0
9708.0,-0.0180000000000006,9726.0,58.0,below,1.0
8996.0,-0.0240000000000009,9008.0,54725.0,below,1.0
9434.0,-0.0240000000000009,9444.0,64.85000000000001,below,1.0
8656.0,-0.0219999999999984,8668.0,59475.0,below,1.0
-0.0159999999999982,-0.0259999999999998,9522.0,52.69999999999999,below,1.0
9246.0,-0.0199999999999995,9256.0,56.72500000000001,below,1.0
9054.0,-0.0219999999999984,9066.0,56.60000000000001,below,1.0
9718.0,-0.0240000000000009,9728.0,65025.0,above,0.0
8346.0,-0.0219999999999984,8358.0,59475.0,below,1.0
9.4,-0.0240000000000009,9412.0,65475.0,below,1.0
9598.0,-0.0199999999999995,9616.0,57975.0,below,1.0
-0.0040000000000013,1.6340000000000003,7.997999999999999,76.29999999999998,below,1.0
-0.0139999999999993,-0.0199999999999995,9034.0,61175.0,below,1.0
8944.0,-0.0240000000000009,8956.0,55125.0,below,1.0
8464.0,-0.0180000000000006,8482.0,55.1,below,1.0
8806.0,-0.0219999999999984,8818.0,51.6,below,1.0
9082.0,-0.0240000000000009,9096.0,60.775000000000006,below,1.0
8448.0,-0.0180000000000006,8466.0,56225.0,below,1.0
9054.0,-0.0219999999999984,9066.0,67.95,below,1.0
9214.0,-0.0199999999999995,9226.0,67025.0,below,1.0
8308.0,-0.0180000000000006,8326.0,55975.0,below,1.0
-0.0120000000000004,-0.0199999999999995,9674.0,55.1,below,1.0
8.57,-0.0219999999999984,8582.0,55.60000000000001,below,1.0
9.4,-0.0199999999999995,9418.0,57.92500000000001,below,1.0
8158.0,-0.0180000000000006,8.17,64.6,above,0.0
8512.0,-0.0180000000000006,8526.0,62825.0,below,1.0
-0.009999999999998,-0.0180000000000006,9894.0,70.55,below,1.0
8198.0,-0.0180000000000006,8218.0,57.875000000000014,below,1.0
9882.0,-0.0219999999999984,9.89,71.17500000000001,below,1.0
-0.0079999999999991,2.4220000000000006,7.52,68.55,below,1.0
10.07,-0.0180000000000006,10068.0,56.62499999999999,below,1.0
8778.0,-0.0240000000000009,8788.0,54.750000000000014,below,1.0
9.08,-0.0219999999999984,9092.0,66.45,below,1.0
8.28,-0.0199999999999995,8296.0,56375.0,below,1.0
9.27,-0.0159999999999982,9288.0,59575.0,below,1.0
8366.0,-0.0240000000000009,8378.0,59.45,below,1.0
9308.0,-0.0219999999999984,9324.0,49725.0,below,1.0
9.1,-0.0240000000000009,9.11,55.45,below,1.0
8.95,-0.0180000000000006,8966.0,65.75,below,1.0
8236.0,-0.0180000000000006,8252.0,55.80000000000001,below,1.0
-0.0040000000000013,1.8419999999999987,7936.0,75675.0,below,1.0
9636.0,-0.0240000000000009,9.64,67.5,below,0.0
-0.0040000000000013,1962.0,8656.0,75.62500000000001,below,1.0
9648.0,-0.0159999999999982,9656.0,69625.0,below,1.0
8228.0,-0.0240000000000009,8.24,50.35000000000001,below,1.0
9.44,-0.0219999999999984,9454.0,56575.0,below,1.0
8568.0,-0.0240000000000009,8578.0,49.02499999999999,below,1.0
8158.0,-0.0259999999999998,8172.0,56.0,below,1.0
8.26,-0.0139999999999993,8.28,57.92500000000001,below,1.0
8218.0,-0.0199999999999995,8232.0,64.45,below,1.0
8702.0,-0.0219999999999984,8714.0,63225.0,below,1.0
9.81,-0.0279999999999986,9.82,61.900000000000006,below,1.0
-0.0139999999999993,-0.0139999999999993,8506.0,65.14999999999999,below,1.0
8188.0,-0.0199999999999995,8204.0,53.82499999999999,below,1.0
8612.0,-0.0219999999999984,8626.0,57075.0,below,1.0
8198.0,-0.0279999999999986,8.21,46.42500000000001,below,1.0
9646.0,-0.0219999999999984,9664.0,55.2,below,1.0
9.66,-0.0219999999999984,9668.0,67.25000000000001,below,0.0
8636.0,-0.0240000000000009,8648.0,63.05000000000001,below,1.0
8854.0,-0.0240000000000009,8868.0,52925.0,below,1.0
9702.0,-0.0180000000000006,9714.0,63.900000000000006,below,1.0
9464.0,-0.0180000000000006,9478.0,69.64999999999999,below,1.0
-0.009999999999998,-0.0180000000000006,9.63,69.17500000000001,below,1.0
10044.0,-0.0219999999999984,10042.0,50.150000000000006,below,1.0
8388.0,-0.0219999999999984,8402.0,60.5,below,1.0
9596.0,-0.0240000000000009,9606.0,62.400000000000006,below,1.0
8.33,-0.0159999999999982,8346.0,66.25000000000001,below,1.0
9496.0,-0.0199999999999995,9512.0,56425.0,below,1.0
8846.0,-0.0240000000000009,8856.0,57075.0,below,1.0
8.2,-0.0240000000000009,8.21,50.77499999999999,below,1.0
8238.0,-0.0240000000000009,8248.0,49.45,below,1.0
-0.0139999999999993,-0.0219999999999984,9156.0,67.95,below,1.0
8328.0,-0.0180000000000006,8346.0,59.74999999999999,below,1.0
-0.0139999999999993,-0.0139999999999993,8506.0,65.14999999999999,below,1.0
8514.0,-0.0240000000000009,8526.0,53.400000000000006,below,1.0
9896.0,-0.0240000000000009,9906.0,63675.0,below,1.0
9134.0,-0.0180000000000006,9152.0,58.67500000000001,below,1.0
9178.0,-0.0219999999999984,9.19,60.5,below,1.0
9.57,-0.0219999999999984,9.58,62.05000000000001,below,1.0
9156.0,-0.0240000000000009,9162.0,60.7,below,0.0
8698.0,-0.0279999999999986,8712.0,50.42500000000001,below,1.0
8238.0,-0.0240000000000009,8248.0,49.45,below,1.0
9686.0,-0.0180000000000006,9704.0,61.900000000000006,below,1.0
8.22,-0.0139999999999993,8238.0,57975.0,below,1.0
9202.0,-0.0219999999999984,9216.0,66.45,below,1.0
8638.0,-0.0240000000000009,8646.0,57075.0,below,1.0
-0.0120000000000004,0.7699999999999996,8426.0,73875.0,below,1.0
-0.0079999999999991,2468.0,7574.0,70.52499999999999,below,1.0
9.44,-0.0180000000000006,9452.0,68.55,below,1.0
10136.0,-0.0219999999999984,10.13,68.95,below,1.0
9312.0,-0.0159999999999982,9328.0,56.47500000000001,below,1.0
-0.0040000000000013,2244.0,8112.0,76725.0,below,1.0
8.39,-0.0139999999999993,8.41,58.5,below,1.0
8442.0,-0.0219999999999984,8458.0,49.45,below,1.0
9998.0,-0.0240000000000009,10002.0,62.97500000000001,below,1.0
9718.0,-0.0240000000000009,9728.0,65025.0,below,0.0
8766.0,-0.0219999999999984,8776.0,57325.0,below,1.0
9978.0,-0.0219999999999984,9.98,69.75,below,1.0
9162.0,-0.0240000000000009,9176.0,61.97500000000001,below,1.0
-0.0120000000000004,-0.0240000000000009,10.11,64.45,below,0.0
8272.0,-0.0199999999999995,8292.0,49.85000000000001,below,1.0
8968.0,-0.0199999999999995,8984.0,53.0,below,1.0
9474.0,-0.0199999999999995,9486.0,63.97500000000001,below,1.0
-0.009999999999998,-0.0240000000000009,10082.0,54.89999999999999,below,1.0
8982.0,-0.0240000000000009,8994.0,60575.0,below,1.0
-0.0120000000000004,-0.0219999999999984,9784.0,56.77499999999999,below,1.0
9908.0,-0.0219999999999984,9916.0,70.7,below,1.0
8.22,-0.0219999999999984,8232.0,66.5,below,0.0
9172.0,-0.0199999999999995,9186.0,54.85,below,1.0
8612.0,-0.0199999999999995,8626.0,61375.0,below,1.0
9718.0,-0.0240000000000009,9728.0,65025.0,below,0.0
8158.0,-0.0240000000000009,8168.0,48825.0,below,1.0
9676.0,-0.0180000000000006,9688.0,69.04999999999998,below,1.0
9672.0,-0.0240000000000009,9684.0,64.07499999999999,below,1.0
9.08,-0.0199999999999995,9096.0,55.89999999999999,below,1.0
8.67,-0.0219999999999984,8684.0,49225.0,below,1.0
9.48,-0.0240000000000009,9494.0,62.5,below,1.0
8266.0,-0.0240000000000009,8276.0,54.02499999999999,below,1.0
8654.0,-0.0219999999999984,8662.0,59.1,below,1.0
9008.0,-0.0219999999999984,9022.0,61.35,below,1.0
8248.0,-0.0120000000000004,8262.0,61.07499999999999,below,1.0
-0.009999999999998,1.9220000000000008,8148.0,75.69999999999999,below,1.0
9318.0,-0.0279999999999986,9332.0,64775.0,below,1.0
9238.0,-0.0199999999999995,9.25,57.45,below,1.0
9582.0,-0.0219999999999984,9596.0,66575.0,below,1.0
10.05,-0.0259999999999998,10052.0,69.0,below,1.0
9718.0,-0.0240000000000009,9728.0,65025.0,above,0.0
8.35,-0.0240000000000009,8362.0,56.02499999999999,below,1.0
-0.0079999999999991,782.0,9576.0,76375.0,below,1.0
8954.0,-0.0159999999999982,8974.0,56.82499999999999,below,1.0
9844.0,-0.0199999999999995,9854.0,72625.0,below,1.0
8224.0,-0.0240000000000009,8236.0,51.1,below,1.0
8.1,-0.0199999999999995,8114.0,51.22500000000001,below,1.0
9852.0,-0.0219999999999984,9862.0,67675.0,below,1.0
8798.0,-0.0219999999999984,8.81,55325.0,below,1.0
8458.0,-0.0219999999999984,8.47,54.55000000000001,below,1.0
-0.0060000000000002,2.09,7.906000000000001,73.57499999999999,below,1.0
8.81,-0.0180000000000006,8828.0,57.875000000000014,below,1.0
8742.0,-0.0180000000000006,8754.0,63.35,below,1.0
8584.0,-0.0219999999999984,8596.0,55.400000000000006,below,1.0
9176.0,-0.0199999999999995,9196.0,57.25,below,1.0
-0.009999999999998,1.8680000000000003,8174.0,75075.0,below,1.0
9918.0,-0.0199999999999995,9926.0,56125.0,below,1.0
9834.0,-0.0219999999999984,9842.0,72.05,below,1.0
9146.0,-0.0180000000000006,9154.0,68.25000000000001,below,0.0
8778.0,-0.0240000000000009,8784.0,59.67499999999998,below,0.0
8266.0,-0.0180000000000006,8276.0,58.0,below,1.0
8548.0,-0.0240000000000009,8562.0,53.67500000000001,below,1.0
8298.0,-0.0240000000000009,8312.0,50.52499999999999,below,1.0
9696.0,-0.0240000000000009,9706.0,65675.0,below,1.0
9668.0,-0.0159999999999982,9684.0,56.80000000000001,below,1.0
8.99,-0.0219999999999984,9004.0,64.05000000000001,below,1.0
9522.0,-0.0240000000000009,9532.0,65775.0,below,1.0
8146.0,-0.0219999999999984,8156.0,51.57499999999999,below,1.0
9286.0,-0.0240000000000009,9298.0,58.2,below,1.0
8136.0,-0.0300000000000011,8144.0,48.3,below,1.0
9178.0,-0.0219999999999984,9196.0,55.85,below,1.0
9772.0,-0.0180000000000006,9.78,70.64999999999999,below,1.0
8492.0,-0.0199999999999995,8508.0,55325.0,below,1.0
-0.0060000000000002,2.08,7.965999999999999,73.44999999999999,below,1.0
8284.0,-0.0259999999999998,8298.0,56175.0,below,1.0
9566.0,-0.0240000000000009,9576.0,60.82499999999999,below,1.0
9846.0,-0.0219999999999984,9858.0,70825.0,below,1.0
-0.0159999999999982,-0.0219999999999984,8892.0,63175.0,below,1.0
9186.0,-0.0180000000000006,9206.0,59.07500000000002,below,1.0
8694.0,-0.0199999999999995,8706.0,67.75,below,1.0
9012.0,-0.0219999999999984,9024.0,56.1,below,1.0
9.86,-0.0199999999999995,9872.0,62175.0,below,1.0
9104.0,-0.0219999999999984,9118.0,59.2,below,1.0
8226.0,-0.0240000000000009,8232.0,63.07499999999999,below,0.0
8158.0,-0.0180000000000006,8.17,64.6,below,1.0
8766.0,-0.0180000000000006,8782.0,65.7,below,1.0
9192.0,-0.0180000000000006,9.21,57.25,below,1.0
8.62,-0.0240000000000009,8632.0,52.49999999999999,below,1.0
9562.0,-0.0219999999999984,9574.0,65.85000000000001,below,1.0
8134.0,-0.0240000000000009,8144.0,53.0,below,1.0
-0.0259999999999998,-0.0159999999999982,8146.0,65.45,below,1.0
-0.0240000000000009,-0.0180000000000006,7.992000000000001,61.60000000000001,below,1.0
-0.0139999999999993,-0.0139999999999993,8506.0,65.14999999999999,below,1.0
8194.0,-0.0259999999999998,8206.0,56325.0,below,1.0
8.94,-0.0199999999999995,8958.0,57075.0,below,1.0
8066.0,-0.0159999999999982,8082.0,54.2,below,1.0
8324.0,-0.0159999999999982,8.34,56.0,below,1.0
8.15,-0.0199999999999995,8162.0,60.2,below,1.0
-0.0079999999999991,2046.0,8348.0,76.4,below,1.0
8546.0,-0.0240000000000009,8.56,53.49999999999999,below,1.0
-0.0079999999999991,2.565999999999999,8.04,74.2,below,1.0
8362.0,-0.0180000000000006,8382.0,55.67500000000001,below,1.0
9188.0,-0.0159999999999982,9204.0,57.3,below,1.0
8188.0,-0.0240000000000009,8196.0,53975.0,below,0.0
9354.0,-0.0199999999999995,9368.0,54.1,below,1.0
8648.0,-0.0240000000000009,8.66,56.02499999999999,below,1.0
9038.0,-0.0219999999999984,9054.0,58575.0,below,1.0
-0.0139999999999993,0.4759999999999991,8882.0,63875.0,below,1.0
8238.0,-0.0240000000000009,8248.0,49.45,below,1.0
9522.0,-0.0219999999999984,9536.0,60.7,below,1.0
9.88,-0.0259999999999998,9886.0,70.57500000000002,below,1.0
8982.0,-0.0219999999999984,8996.0,54.85,below,1.0
8772.0,-0.0180000000000006,8.79,57.25,below,1.0
9602.0,-0.0219999999999984,9612.0,62475.0,below,1.0
8812.0,-0.0199999999999995,8824.0,53.0,below,1.0
-0.0139999999999993,-0.0259999999999998,9752.0,58375.0,below,1.0
9.25,-0.0199999999999995,9262.0,67.95,below,1.0
8292.0,-0.0199999999999995,8306.0,61.87499999999999,below,1.0
9588.0,-0.0219999999999984,9.6,66.45,below,1.0
8648.0,-0.0199999999999995,8666.0,56.67500000000001,below,1.0
8708.0,-0.0219999999999984,8.72,65.35,below,1.0
8536.0,-0.0219999999999984,8548.0,57375.0,below,1.0
8602.0,-0.0180000000000006,8616.0,56.1,below,1.0
9774.0,-0.0219999999999984,9788.0,50675.0,below,1.0
9.19,-0.0219999999999984,9202.0,68.52499999999999,below,1.0
-0.009999999999998,-0.0219999999999984,9598.0,58.2,below,1.0
-0.0120000000000004,-0.0240000000000009,10038.0,68.6,below,1.0
9.64,-0.0219999999999984,9654.0,70675.0,below,1.0
8226.0,-0.0139999999999993,8244.0,65.35,below,1.0
8168.0,-0.0219999999999984,8174.0,58.1,below,0.0
8418.0,-0.0199999999999995,8.43,59.525000000000006,below,1.0
9076.0,-0.0219999999999984,9088.0,65.92499999999998,below,1.0
8342.0,-0.0180000000000006,8358.0,61.1,below,1.0
8234.0,-0.0219999999999984,8246.0,63.55,below,1.0
8.92,-0.0199999999999995,8936.0,55.400000000000006,below,1.0
9508.0,-0.0219999999999984,9522.0,66725.0,below,1.0
9.59,-0.0240000000000009,9602.0,51.82500000000002,below,1.0
8198.0,-0.0199999999999995,8212.0,61.87499999999999,below,1.0
8896.0,-0.0240000000000009,8908.0,66.65,below,1.0
8.58,-0.0240000000000009,8592.0,57.85,below,1.0
8.28,-0.0159999999999982,8298.0,57125.0,below,1.0
9822.0,-0.0219999999999984,9836.0,56.77499999999999,below,1.0
8614.0,-0.0219999999999984,8628.0,58.35,below,1.0
-0.0120000000000004,-0.0199999999999995,9936.0,55.525000000000006,below,1.0
8228.0,-0.0240000000000009,8.24,53.2,below,1.0
9.27,-0.0180000000000006,9282.0,67.75,below,1.0
8344.0,-0.0219999999999984,8358.0,61475.0,below,1.0
9176.0,-0.0219999999999984,9.19,65.45,below,1.0
-0.0120000000000004,-0.0180000000000006,9818.0,59.07500000000002,below,1.0
9826.0,-0.0240000000000009,9836.0,69.52499999999999,below,0.0
9.59,-0.0219999999999984,9598.0,68.35,below,0.0
9438.0,-0.0219999999999984,9448.0,56225.0,below,1.0
9164.0,-0.0219999999999984,9178.0,59.2,below,1.0
8814.0,-0.0259999999999998,8824.0,54.42499999999998,below,1.0
8472.0,-0.0240000000000009,8484.0,57.1,below,1.0
9.33,-0.0199999999999995,9348.0,55.62499999999999,below,1.0
9358.0,-0.0219999999999984,9366.0,68.32499999999999,below,0.0
9.61,-0.0219999999999984,9.62,67.85000000000001,below,1.0
8.87,-0.0219999999999984,8882.0,66.65,below,1.0
8442.0,-0.0199999999999995,8458.0,57.60000000000001,below,1.0
9886.0,-0.0159999999999982,9894.0,72725.0,below,1.0
9634.0,-0.0139999999999993,9648.0,67575.0,below,1.0
9032.0,-0.0199999999999995,9046.0,63.97500000000001,below,1.0
-0.009999999999998,-0.0139999999999993,9.4,59.525000000000006,below,1.0
9216.0,-0.0219999999999984,9228.0,65.65,below,1.0
-0.009999999999998,-0.0199999999999995,9656.0,73.22500000000001,below,1.0
8284.0,-0.0240000000000009,8298.0,53975.0,below,1.0
9456.0,-0.0159999999999982,9476.0,59.85000000000001,below,1.0
10086.0,-0.0219999999999984,10088.0,71.15,below,1.0
9576.0,-0.0240000000000009,9588.0,65.25000000000001,below,1.0
8458.0,-0.0219999999999984,8468.0,52.57499999999999,below,1.0
-0.0139999999999993,-0.0159999999999982,8544.0,55.80000000000001,below,1.0
8402.0,-0.0219999999999984,8414.0,56.3,below,1.0
8238.0,-0.0240000000000009,8248.0,49.5,below,1.0
9608.0,-0.0219999999999984,9618.0,65.45,below,1.0
9746.0,-0.0219999999999984,9758.0,55.875000000000014,below,1.0
-0.0120000000000004,-0.0219999999999984,9.53,59.07500000000002,below,1.0
9112.0,-0.0199999999999995,9122.0,61.85000000000001,below,0.0
9.8,-0.0219999999999984,9808.0,71.05,below,0.0
8152.0,-0.0219999999999984,8162.0,60.775000000000006,below,1.0
9166.0,-0.0219999999999984,9.18,64.97500000000001,below,1.0
8.48,-0.0180000000000006,8496.0,56.45,below,1.0
8412.0,-0.0240000000000009,8424.0,53.525000000000006,below,1.0
9414.0,-0.0159999999999982,9.43,60.14999999999999,below,1.0
8358.0,-0.0240000000000009,8368.0,58.2,below,1.0
10186.0,-0.0139999999999993,10.18,69625.0,below,1.0
-0.0060000000000002,1.379999999999999,8114.0,77.67500000000001,below,1.0
9.71,-0.0219999999999984,9724.0,49325.0,below,1.0
9.25,-0.0180000000000006,9268.0,56.400000000000006,below,1.0
10016.0,-0.0180000000000006,10024.0,73.25,below,1.0
9.76,-0.0240000000000009,9.77,56.60000000000001,below,1.0
8528.0,-0.0159999999999982,8544.0,63.02499999999999,below,1.0
8.49,-0.0240000000000009,8502.0,52.525000000000006,below,1.0
8072.0,-0.0219999999999984,8082.0,52.64999999999999,below,1.0
8326.0,-0.0240000000000009,8336.0,55.69999999999999,below,1.0
9.38,-0.0240000000000009,9.39,64775.0,below,1.0
9486.0,-0.0219999999999984,9496.0,59.87499999999999,below,1.0
-0.0159999999999982,-0.0240000000000009,9238.0,56375.0,below,1.0
-0.0079999999999991,-0.0180000000000006,9884.0,58.275000000000006,below,1.0
8774.0,-0.0219999999999984,8786.0,57.35,below,1.0
-0.0139999999999993,1.0540000000000005,9484.0,71.22500000000001,below,1.0
9242.0,-0.0219999999999984,9254.0,65.17500000000001,below,1.0
8542.0,-0.0159999999999982,8558.0,56.400000000000006,below,1.0
9758.0,-0.0219999999999984,9.77,68.45000000000002,below,1.0
-0.0040000000000013,0.7119999999999997,8.5,80975.0,below,1.0
9814.0,-0.0180000000000006,9828.0,64.32500000000002,below,1.0
8568.0,-0.0219999999999984,8.58,68.0,below,1.0
-0.0060000000000002,1.8040000000000005,9.48,74.15,below,1.0
8238.0,-0.0240000000000009,8248.0,49.45,below,1.0
8794.0,-0.0240000000000009,8808.0,59425.0,below,1.0
9194.0,-0.0219999999999984,9208.0,55925.0,below,1.0
8922.0,-0.0180000000000006,8938.0,57.2,below,1.0
-0.0079999999999991,-0.0159999999999982,9762.0,61825.0,below,1.0
8326.0,-0.0240000000000009,8336.0,53.525000000000006,below,1.0
8742.0,-0.0180000000000006,8754.0,64.27499999999999,below,1.0
9764.0,-0.0240000000000009,9778.0,68.97500000000001,below,1.0
9288.0,-0.0219999999999984,9298.0,49925.0,below,1.0
-0.0120000000000004,-0.0219999999999984,9782.0,72.57499999999999,below,1.0
9106.0,-0.0240000000000009,9122.0,43.35,below,1.0
8626.0,-0.0219999999999984,8642.0,51.29999999999998,below,1.0
9.59,-0.0219999999999984,9604.0,61.5,below,1.0
8814.0,-0.0219999999999984,8824.0,62.45,below,0.0
-0.009999999999998,-0.0139999999999993,8.9,57175.0,below,1.0
8896.0,-0.0219999999999984,8912.0,65.35,below,1.0
8.33,-0.0199999999999995,8344.0,60.3,below,1.0
-0.0120000000000004,-0.0219999999999984,9952.0,67225.0,below,1.0
8518.0,-0.0219999999999984,8.53,58975.0,below,1.0
8228.0,-0.0139999999999993,8246.0,56.5,below,1.0
9.43,-0.0219999999999984,9442.0,67875.0,below,1.0
9902.0,-0.0259999999999998,9.91,62.25,below,1.0
8158.0,-0.0180000000000006,8.17,64.6,below,1.0
8878.0,-0.0159999999999982,8888.0,62575.0,below,1.0
-0.0159999999999982,-0.0219999999999984,8806.0,61.650000000000006,below,1.0
8.82,-0.0180000000000006,8832.0,61.3,below,1.0
9096.0,-0.0219999999999984,9106.0,58.275000000000006,below,1.0
8108.0,-0.0219999999999984,8.12,57.89999999999999,below,1.0
8692.0,-0.0240000000000009,8704.0,59.60000000000001,below,1.0
8794.0,-0.0199999999999995,8806.0,64.97500000000001,below,1.0
8836.0,-0.0159999999999982,8.85,60.80000000000001,below,1.0
9496.0,-0.0199999999999995,9516.0,58.2,below,1.0
9882.0,-0.0219999999999984,9896.0,64.17500000000001,below,1.0
9874.0,-0.0159999999999982,9888.0,62.92500000000001,below,1.0
8454.0,-0.0199999999999995,8.47,49625.0,below,1.0
8614.0,-0.0240000000000009,8628.0,56.525000000000006,below,1.0
9.97,-0.0219999999999984,9976.0,71275.0,below,1.0
8562.0,-0.0199999999999995,8576.0,62625.0,below,1.0
9246.0,-0.0180000000000006,9262.0,68.5,below,1.0
-0.0120000000000004,-0.0180000000000006,10138.0,73625.0,below,1.0
9186.0,-0.0219999999999984,9202.0,57.0,below,1.0
9646.0,-0.0259999999999998,9654.0,66.32499999999999,below,0.0
8952.0,-0.0199999999999995,8966.0,63.25,below,1.0
9562.0,-0.0159999999999982,9578.0,61.14999999999999,below,1.0
8444.0,-0.0240000000000009,8456.0,57.72500000000001,below,1.0
8554.0,-0.0219999999999984,8564.0,57.2,below,1.0
8316.0,-0.0240000000000009,8326.0,63.14999999999999,below,0.0
8.75,-0.0199999999999995,8764.0,57975.0,below,1.0
9.92,-0.0240000000000009,9.93,66.14999999999999,below,1.0
8902.0,-0.0219999999999984,8914.0,59.72500000000001,below,1.0
8618.0,-0.0219999999999984,8.63,63.45,below,1.0
8238.0,-0.0259999999999998,8.25,51.89999999999999,below,1.0
8732.0,-0.0219999999999984,8.75,57125.0,below,1.0
8158.0,-0.0180000000000006,8.17,64.6,above,0.0
-0.009999999999998,2.01,8348.0,76275.0,below,1.0
9016.0,-0.0240000000000009,9026.0,54875.0,below,1.0
-0.0060000000000002,-0.0159999999999982,9768.0,74.22500000000001,below,1.0
-0.009999999999998,-0.0199999999999995,9702.0,66.32499999999999,below,1.0
8648.0,-0.0240000000000009,8.66,59.07500000000002,below,1.0
-0.0079999999999991,2022.0,8928.0,73.75,below,1.0
9004.0,-0.0199999999999995,9018.0,57.0,below,1.0
8.11,-0.0219999999999984,8.12,55.45,below,1.0
8954.0,-0.0240000000000009,8966.0,60.60000000000001,below,1.0
8452.0,-0.0279999999999986,8462.0,46625.0,below,1.0
9.45,-0.0240000000000009,9462.0,60.35,below,1.0
8156.0,-0.0240000000000009,8166.0,52.0,below,1.0
9616.0,-0.0199999999999995,9632.0,54325.0,below,1.0
8954.0,-0.0180000000000006,8966.0,59375.0,below,1.0
9268.0,-0.0159999999999982,9288.0,58.47500000000001,below,1.0
8794.0,-0.0240000000000009,8808.0,57575.0,below,1.0
8.72,-0.0159999999999982,8736.0,56.94999999999999,below,1.0
9918.0,-0.0199999999999995,9926.0,71.8,below,1.0
8.83,-0.0199999999999995,8846.0,66.25000000000001,below,1.0
8204.0,-0.0180000000000006,8222.0,55.72500000000001,below,1.0
-0.0199999999999995,-0.0180000000000006,8.25,61.07499999999999,below,1.0
8284.0,-0.0219999999999984,8296.0,51925.0,below,1.0
8158.0,-0.0180000000000006,8.17,64.6,below,1.0
8656.0,-0.0199999999999995,8674.0,56.02499999999999,below,1.0
9202.0,-0.0219999999999984,9216.0,56375.0,below,1.0
9496.0,-0.0259999999999998,9502.0,67.17500000000001,below,0.0
8888.0,-0.0219999999999984,8.9,56.60000000000001,below,1.0
9.46,-0.0259999999999998,9468.0,66.85000000000001,below,0.0
8134.0,-0.0199999999999995,8146.0,61.07499999999999,below,1.0
10.15,1.225999999999999,10148.0,74025.0,below,1.0
8646.0,-0.0139999999999993,8664.0,57125.0,below,1.0
9366.0,-0.0159999999999982,9.38,70.44999999999999,below,1.0
9564.0,-0.0240000000000009,9.58,67.05000000000001,below,1.0
8174.0,-0.0219999999999984,8188.0,53.95,below,1.0
9226.0,-0.0219999999999984,9236.0,59.55,below,1.0
-0.0120000000000004,-0.0219999999999984,7936.0,49.7,below,1.0
9.83,-0.0219999999999984,9838.0,71.95,below,1.0
8158.0,-0.0180000000000006,8.17,64.6,below,1.0
9672.0,-0.0219999999999984,9684.0,66.55,below,1.0
9228.0,-0.0180000000000006,9246.0,55.3,below,1.0
-0.0060000000000002,1.8000000000000007,9344.0,73925.0,below,1.0
8336.0,-0.0139999999999993,8354.0,56.69999999999999,below,1.0
-0.0199999999999995,-0.0199999999999995,8556.0,52.1,below,1.0
9.37,-0.0240000000000009,9382.0,65625.0,below,1.0
8158.0,-0.0180000000000006,8.17,64.6,below,1.0
8114.0,-0.0199999999999995,8124.0,55175.0,below,1.0
8948.0,-0.0259999999999998,8.96,60.27499999999999,below,1.0
8928.0,-0.0199999999999995,8946.0,57.3,below,1.0
9256.0,-0.0199999999999995,9274.0,56.74999999999999,below,1.0
8518.0,-0.0240000000000009,8.53,59575.0,below,1.0
8308.0,-0.0240000000000009,8316.0,49.1,below,0.0
9774.0,-0.0240000000000009,9786.0,68.15,below,1.0
8.72,-0.0219999999999984,8728.0,57.400000000000006,below,1.0
-0.0139999999999993,-0.0240000000000009,9176.0,66.85000000000001,below,1.0
9558.0,-0.0139999999999993,9576.0,61.94999999999999,below,1.0
8322.0,-0.0120000000000004,8.34,66025.0,below,1.0
8736.0,-0.0259999999999998,8748.0,49.95,below,1.0
-0.0180000000000006,-0.0219999999999984,8594.0,53.025000000000006,below,1.0
9.33,-0.0219999999999984,9342.0,66.97500000000001,below,1.0
8526.0,-0.0199999999999995,8542.0,61.87499999999999,below,1.0
8964.0,-0.0240000000000009,8972.0,60425.0,below,0.0
9826.0,-0.0240000000000009,9836.0,69.64999999999999,below,1.0
9652.0,-0.0240000000000009,9.66,69.39999999999999,below,0.0
9314.0,-0.0199999999999995,9328.0,67.85000000000001,below,1.0
8594.0,-0.0240000000000009,8608.0,52.67500000000001,below,1.0
9732.0,-0.0199999999999995,9748.0,68825.0,below,1.0
9184.0,-0.0219999999999984,9198.0,63.775000000000006,below,1.0
9412.0,-0.0199999999999995,9424.0,67.27499999999999,below,1.0
9848.0,-0.0219999999999984,9858.0,68.35,below,1.0
-0.0019999999999988,2.062000000000001,7.837999999999999,74.70000000000002,below,1.0
9654.0,-0.0219999999999984,9666.0,67.45000000000002,below,1.0
-0.009999999999998,-0.0159999999999982,9256.0,60575.0,below,1.0
8158.0,-0.0180000000000006,8.17,64.6,below,1.0
9438.0,-0.0240000000000009,9.45,59.07500000000002,below,1.0
8.42,-0.0219999999999984,8.43,62.02499999999999,below,1.0
-0.0120000000000004,0.2059999999999995,9932.0,69.8,below,0.0
9032.0,-0.0219999999999984,9046.0,58.80000000000001,below,1.0
9826.0,-0.0240000000000009,9834.0,67925.0,below,1.0
8574.0,-0.0219999999999984,8588.0,65.75,below,1.0
8636.0,-0.0240000000000009,8648.0,57.1,below,1.0
8.42,-0.0159999999999982,8438.0,65.85000000000001,below,1.0
10038.0,-0.0259999999999998,10.03,71.95,below,0.0
8376.0,-0.0219999999999984,8388.0,55.1,below,1.0
9.59,-0.0180000000000006,9.61,57.80000000000001,below,1.0
9.15,-0.0159999999999982,9162.0,66.52499999999999,below,1.0
9.35,-0.0139999999999993,9366.0,65.55,below,1.0
9258.0,-0.0180000000000006,9276.0,57.25,below,1.0
8244.0,-0.0139999999999993,8262.0,65.45,below,1.0
8552.0,-0.0240000000000009,8564.0,57.60000000000001,below,1.0
8624.0,-0.0199999999999995,8.64,61.14999999999999,below,1.0
9608.0,-0.0139999999999993,9626.0,59975.0,below,1.0
9.25,-0.0240000000000009,9264.0,60.02499999999999,below,1.0
8062.0,-0.0159999999999982,8076.0,56325.0,below,1.0
9332.0,-0.0219999999999984,9338.0,67.05000000000001,below,0.0
9.92,-0.0259999999999998,9924.0,65675.0,below,0.0
9.51,-0.0240000000000009,9524.0,59.80000000000001,below,1.0
-0.0120000000000004,-0.0240000000000009,9926.0,58.89999999999999,below,1.0
8446.0,-0.0219999999999984,8.46,52.60000000000001,below,1.0
9024.0,-0.0199999999999995,9.04,63.45,below,1.0
8448.0,-0.0199999999999995,8462.0,58.525000000000006,below,1.0
8.87,-0.0159999999999982,8886.0,64.14999999999999,below,1.0
9462.0,-0.0240000000000009,9474.0,60475.0,below,1.0
9.33,-0.0240000000000009,9.34,57325.0,below,1.0
-0.0120000000000004,0.0039999999999995,10062.0,65.75,below,1.0
9548.0,-0.0240000000000009,9.56,65575.0,below,1.0
9844.0,-0.0259999999999998,9854.0,65.05000000000001,below,1.0
9678.0,-0.0240000000000009,9696.0,67625.0,below,1.0
9718.0,-0.0240000000000009,9728.0,65025.0,below,0.0
9188.0,-0.0259999999999998,9192.0,46.89999999999999,below,0.0
9972.0,-0.0159999999999982,9978.0,59.25,below,1.0
8562.0,-0.0240000000000009,8572.0,57.05,below,1.0
9948.0,-0.0240000000000009,9954.0,65875.0,below,1.0
9882.0,-0.0240000000000009,9894.0,63225.0,below,1.0
-0.009999999999998,-0.0199999999999995,9912.0,74025.0,below,1.0
-0.0060000000000002,2.033999999999999,7728.0,75275.0,below,1.0
9162.0,-0.0159999999999982,9178.0,58.85000000000001,below,1.0
8764.0,-0.0159999999999982,8778.0,65825.0,below,1.0
8836.0,-0.0259999999999998,8848.0,51.6,below,1.0
8144.0,-0.0199999999999995,8158.0,62675.0,below,1.0
9114.0,-0.0219999999999984,9126.0,54.2,below,1.0
8.62,-0.0159999999999982,8634.0,63.19999999999999,below,1.0
8474.0,-0.0199999999999995,8492.0,55.400000000000006,below,1.0
-0.0139999999999993,-0.0199999999999995,8844.0,63.6,below,1.0
9078.0,-0.0219999999999984,9.09,57.82499999999999,below,1.0
-0.0139999999999993,-0.0219999999999984,8818.0,62475.0,above,0.0
10034.0,-0.0159999999999982,10036.0,58.67500000000001,below,1.0
9862.0,-0.0240000000000009,9872.0,62.27499999999999,below,1.0
9.21,-0.0199999999999995,9224.0,65.65,below,1.0
8.69,-0.0219999999999984,8702.0,56.74999999999999,below,1.0
-0.0259999999999998,-0.0120000000000004,8.22,51.625000000000014,below,1.0
8742.0,-0.0180000000000006,8754.0,68.15,below,1.0
8442.0,-0.0240000000000009,8.45,58.875000000000014,below,0.0
9294.0,-0.0259999999999998,9304.0,60.25,below,1.0
8244.0,-0.0259999999999998,8256.0,51325.0,below,1.0
9.38,-0.0180000000000006,9396.0,57.3,below,1.0
8654.0,-0.0199999999999995,8.67,61.94999999999999,below,1.0
9184.0,-0.0219999999999984,9196.0,52.82500000000002,below,1.0
9714.0,-0.0199999999999995,9728.0,56.89999999999999,below,1.0
8364.0,-0.0219999999999984,8376.0,56425.0,below,1.0
8738.0,-0.0240000000000009,8746.0,59.3,below,0.0
9548.0,-0.0180000000000006,9566.0,58.650000000000006,below,1.0
10.15,0.7680000000000007,10142.0,72.39999999999999,below,1.0
8856.0,-0.0219999999999984,8872.0,57.80000000000001,below,1.0
9998.0,-0.0180000000000006,10004.0,73.6,below,1.0
-0.009999999999998,1.83,8194.0,74725.0,below,1.0
9234.0,-0.0219999999999984,9246.0,60.2,below,1.0
9068.0,-0.0219999999999984,9082.0,58.1,below,1.0
9462.0,-0.0120000000000004,9476.0,69825.0,below,1.0
8618.0,-0.0139999999999993,8638.0,57.82499999999999,below,1.0
9.74,-0.0180000000000006,9754.0,71025.0,below,1.0
9172.0,-0.0159999999999982,9184.0,56.80000000000001,below,1.0
9718.0,-0.0240000000000009,9728.0,65025.0,below,0.0
9.31,-0.0240000000000009,9.32,57.525000000000006,below,1.0
8362.0,-0.0199999999999995,8372.0,58.07500000000002,below,1.0
9326.0,-0.0259999999999998,9336.0,66.05000000000001,below,1.0
-0.0079999999999991,2234.0,8198.0,74.62500000000001,below,1.0
8942.0,-0.0180000000000006,8958.0,60.400000000000006,below,1.0
10064.0,-0.0199999999999995,10062.0,56225.0,below,1.0
8082.0,-0.0199999999999995,8096.0,54.35000000000001,below,1.0
9552.0,-0.0219999999999984,9.57,55.1,below,1.0
8554.0,-0.0219999999999984,8568.0,53.69999999999999,below,1.0
9264.0,-0.0219999999999984,9276.0,60.3,below,1.0
9.24,-0.0219999999999984,9.25,66425.0,below,1.0
9466.0,-0.0259999999999998,9484.0,65575.0,below,1.0
8158.0,-0.0180000000000006,8.17,64.6,below,1.0
9868.0,-0.0139999999999993,9878.0,74025.0,below,1.0
9552.0,-0.0259999999999998,9.56,67.15,below,0.0
9.28,-0.0259999999999998,9294.0,57.875000000000014,below,1.0
-0.009999999999998,0.7859999999999996,9548.0,75.55000000000001,below,1.0
8658.0,-0.0159999999999982,8672.0,65.75,below,1.0
9346.0,-0.0219999999999984,9356.0,60225.0,below,1.0
8706.0,-0.0139999999999993,8726.0,58.650000000000006,below,1.0
-0.0199999999999995,-0.0219999999999984,8568.0,64.25,below,0.0
9266.0,-0.0240000000000009,9.28,59.87499999999999,below,1.0
8122.0,-0.0219999999999984,8134.0,54975.0,below,1.0
9342.0,-0.0219999999999984,9352.0,69.35,below,1.0
-0.0040000000000013,1.998000000000001,7664.0,74725.0,below,1.0
9.49,-0.0259999999999998,9.5,65.07499999999999,below,1.0
9804.0,-0.0240000000000009,9814.0,69.39999999999999,below,1.0
9.07,-0.0240000000000009,9082.0,55.60000000000001,below,1.0
9.52,-0.0199999999999995,9532.0,67.32499999999999,below,1.0
9422.0,-0.0159999999999982,9434.0,64.17500000000001,below,1.0
8704.0,-0.0219999999999984,8714.0,56375.0,below,1.0
-0.0139999999999993,-0.0240000000000009,9478.0,53.3,below,1.0
10008.0,-0.0219999999999984,10018.0,67725.0,below,1.0
8936.0,-0.0219999999999984,8948.0,60.60000000000001,below,1.0
9278.0,-0.0199999999999995,9298.0,56325.0,below,1.0
8.64,-0.0259999999999998,8646.0,65.17500000000001,below,0.0
8926.0,-0.0259999999999998,8934.0,58.85000000000001,below,0.0
9368.0,-0.0219999999999984,9.38,56.650000000000006,below,1.0
8966.0,-0.0180000000000006,8986.0,58.400000000000006,below,1.0
8.5,-0.0180000000000006,8516.0,55.650000000000006,below,1.0
-0.0120000000000004,0.2620000000000004,9202.0,58.55,below,1.0
8916.0,-0.0159999999999982,8934.0,58.85000000000001,below,1.0
9718.0,-0.0240000000000009,9728.0,65025.0,below,0.0
8214.0,-0.0219999999999984,8226.0,54.89999999999999,below,1.0
8614.0,-0.0240000000000009,8626.0,53.35000000000001,below,1.0
8356.0,-0.0120000000000004,8372.0,59.275000000000006,below,1.0
8886.0,-0.0240000000000009,8896.0,58.47500000000001,below,1.0
-0.0219999999999984,-0.0219999999999984,8464.0,55.35000000000001,below,1.0
10062.0,-0.0180000000000006,10062.0,59.650000000000006,below,1.0
9.01,-0.0199999999999995,9022.0,62.75,below,1.0
8992.0,-0.0180000000000006,9008.0,57.5,below,1.0
8304.0,-0.0240000000000009,8316.0,56.60000000000001,below,1.0
9388.0,-0.0219999999999984,9.4,61.3,below,1.0
9718.0,-0.0240000000000009,9728.0,65025.0,below,0.0
-0.0120000000000004,-0.0219999999999984,9518.0,54325.0,below,1.0
8256.0,-0.0159999999999982,8274.0,61.45,below,1.0
9548.0,-0.0199999999999995,9562.0,59.650000000000006,below,1.0
-0.0079999999999991,1.3320000000000007,8032.0,73.57499999999999,below,1.0
8436.0,-0.0219999999999984,8446.0,62.75,below,1.0
-0.0139999999999993,-0.0139999999999993,8506.0,65.14999999999999,below,1.0
9626.0,-0.0219999999999984,9634.0,67.30000000000001,below,0.0
8.53,-0.0159999999999982,8542.0,58575.0,below,1.0
8566.0,-0.0240000000000009,8582.0,51.8,below,1.0
8158.0,-0.0180000000000006,8.17,64.6,below,1.0
8738.0,-0.0159999999999982,8754.0,64.12500000000001,below,1.0
8.33,-0.0159999999999982,8346.0,57575.0,below,1.0
9196.0,-0.0219999999999984,9206.0,64.45,below,0.0
8396.0,-0.0199999999999995,8412.0,53.49999999999999,below,1.0
-0.0060000000000002,-0.009999999999998,9856.0,58.275000000000006,below,1.0
-0.009999999999998,1.8360000000000003,9482.0,74.15,below,1.0
8874.0,-0.0199999999999995,8888.0,66.17500000000001,below,1.0
10022.0,-0.0240000000000009,10026.0,69.75,below,1.0
8704.0,-0.0240000000000009,8716.0,56.875000000000014,below,1.0
-0.0060000000000002,1.93,7898.0,76725.0,below,1.0
8.18,-0.0180000000000006,8196.0,54.02499999999999,below,1.0
9.77,-0.0279999999999986,9778.0,66.55,below,0.0
-0.0139999999999993,-0.0139999999999993,8506.0,65.14999999999999,below,1.0
8928.0,-0.0199999999999995,8942.0,68.12499999999999,below,1.0
-0.0139999999999993,-0.0139999999999993,8506.0,65.14999999999999,below,1.0
8834.0,-0.0219999999999984,8844.0,53.8,below,1.0
8814.0,-0.0219999999999984,8828.0,56.3,below,1.0
10.04,-0.0199999999999995,10042.0,73.4,below,1.0
8372.0,-0.0219999999999984,8388.0,52725.0,below,1.0
9878.0,-0.0240000000000009,9888.0,64225.0,below,1.0
8908.0,-0.0219999999999984,8918.0,57.54999999999998,below,1.0
9734.0,-0.0259999999999998,9746.0,58.89999999999999,below,1.0
8604.0,-0.0199999999999995,8614.0,62.45,below,1.0
8896.0,-0.0219999999999984,8912.0,61575.0,below,1.0
9.17,-0.0219999999999984,9186.0,52.60000000000001,below,1.0
8736.0,-0.0219999999999984,8744.0,59.67499999999998,below,0.0
8188.0,-0.0199999999999995,8.2,65.27499999999999,below,1.0
9242.0,-0.0279999999999986,9248.0,45.8,below,0.0
8538.0,-0.0240000000000009,8.55,52.69999999999999,below,1.0
9864.0,-0.0159999999999982,9876.0,60.775000000000006,below,1.0
9404.0,-0.0199999999999995,9.42,67.35,below,1.0
-0.0060000000000002,1.975999999999999,8732.0,74975.0,below,1.0
-0.0139999999999993,0.7959999999999994,9628.0,71975.0,below,1.0
10128.0,-0.0139999999999993,10126.0,59.82499999999999,below,1.0
8274.0,-0.0240000000000009,8284.0,55.89999999999999,below,1.0
9358.0,-0.0279999999999986,9.37,45625.0,below,1.0
8508.0,-0.0259999999999998,8518.0,50.85,below,1.0
-0.0120000000000004,-0.0219999999999984,9546.0,67.35,below,1.0
8.64,-0.0199999999999995,8654.0,55.60000000000001,below,1.0
-0.0139999999999993,-0.0219999999999984,9236.0,59.400000000000006,below,1.0
9.05,-0.0199999999999995,9066.0,63.94999999999999,below,1.0
8506.0,-0.0240000000000009,8518.0,52125.0,below,1.0
9552.0,-0.0219999999999984,9562.0,65.92499999999998,below,1.0
-0.0199999999999995,-0.0240000000000009,8608.0,58.775000000000006,below,0.0
9558.0,-0.0259999999999998,9562.0,69.15,below,0.0
9366.0,-0.0199999999999995,9382.0,55.1,below,1.0
9612.0,-0.0180000000000006,9624.0,68.5,below,1.0
9714.0,-0.0259999999999998,9726.0,61.775000000000006,below,1.0
9.55,-0.0240000000000009,9562.0,60975.0,below,1.0
-0.0079999999999991,1.9000000000000004,8736.0,74325.0,below,1.0
8498.0,-0.0219999999999984,8.51,58.0,below,1.0
8202.0,-0.0180000000000006,8.22,55.02499999999999,below,1.0
8512.0,-0.0219999999999984,8526.0,54925.0,below,1.0
8388.0,-0.0240000000000009,8398.0,51.69999999999999,below,1.0
8196.0,-0.0240000000000009,8208.0,54.2,below,1.0
9014.0,-0.0159999999999982,9034.0,59.05,below,1.0
-0.0120000000000004,-0.0240000000000009,9764.0,66.14999999999999,below,1.0
-0.0060000000000002,2.216000000000001,8122.0,76.49999999999999,below,1.0
9462.0,-0.0139999999999993,9482.0,61.87499999999999,below,1.0
8792.0,-0.0199999999999995,8806.0,61.92500000000001,below,1.0
-0.0120000000000004,-0.0199999999999995,9.09,64.14999999999999,below,1.0
8.82,-0.0240000000000009,8832.0,55.875000000000014,below,1.0
8158.0,-0.0180000000000006,8.17,64.6,below,1.0
-0.0139999999999993,-0.0139999999999993,8506.0,65.14999999999999,below,1.0
-0.0120000000000004,-0.0180000000000006,9038.0,68.55,below,1.0
8.27,-0.0279999999999986,8282.0,50075.0,below,1.0
9.77,-0.0199999999999995,9784.0,70.0,below,1.0
8726.0,-0.0240000000000009,8738.0,55325.0,below,1.0
8848.0,-0.0139999999999993,8866.0,57.1,below,1.0
-0.0139999999999993,0.1440000000000001,10098.0,71.22500000000001,below,1.0
-0.009999999999998,1.6319999999999997,9494.0,66775.0,below,1.0
9746.0,-0.0219999999999984,9756.0,69625.0,below,1.0
8714.0,-0.0199999999999995,8726.0,55.1,below,1.0
8408.0,-0.0240000000000009,8.42,52.89999999999999,below,1.0
8654.0,-0.0219999999999984,8.67,61175.0,below,1.0
8158.0,-0.0180000000000006,8.17,64.6,below,1.0
8554.0,-0.0159999999999982,8568.0,57.35,below,1.0
8476.0,-0.0180000000000006,8492.0,57.1,below,1.0
8.43,-0.0199999999999995,8442.0,63.55,below,1.0
9702.0,-0.0240000000000009,9716.0,67725.0,below,1.0
-0.0139999999999993,-0.0240000000000009,9756.0,63.775000000000006,below,1.0
9372.0,-0.0159999999999982,9388.0,59475.0,below,1.0
8124.0,-0.0219999999999984,8.14,54375.0,below,1.0
9.96,-0.0159999999999982,9974.0,67475.0,below,1.0
9162.0,-0.0159999999999982,9178.0,69.5,below,1.0
9788.0,-0.0120000000000004,9804.0,74.2,below,1.0
9.09,-0.0219999999999984,9104.0,54.400000000000006,below,1.0
9618.0,-0.0199999999999995,9628.0,69.22500000000001,below,1.0
8222.0,-0.0219999999999984,8238.0,52.1,below,1.0
8318.0,-0.0159999999999982,8338.0,55.62499999999999,below,1.0
8158.0,-0.0180000000000006,8.17,64.6,below,1.0
-0.0060000000000002,2.216000000000001,8164.0,74.70000000000002,below,1.0
8564.0,-0.0259999999999998,8574.0,57.275000000000006,below,1.0
9292.0,-0.0219999999999984,9302.0,64475.0,below,1.0
9568.0,-0.0219999999999984,9584.0,52.89999999999999,below,1.0
9686.0,-0.0219999999999984,9698.0,68475.0,below,1.0
9.53,-0.0240000000000009,9542.0,62.775000000000006,below,1.0
8628.0,-0.0219999999999984,8638.0,53.45,below,1.0
8.13,-0.0219999999999984,8142.0,55075.0,below,1.0
9664.0,-0.0199999999999995,9678.0,62.79999999999998,below,1.0
10124.0,-0.0139999999999993,10.12,71025.0,below,1.0
8064.0,-0.0219999999999984,8.08,49.95,below,1.0
-0.0180000000000006,-0.0259999999999998,8818.0,50.025000000000006,below,1.0
9206.0,-0.0219999999999984,9218.0,56225.0,below,1.0
-0.0139999999999993,-0.0139999999999993,8506.0,65.14999999999999,below,1.0
8462.0,-0.0199999999999995,8478.0,57.2,below,1.0
8.65,-0.0180000000000006,8666.0,58.25,below,1.0
8574.0,-0.0219999999999984,8584.0,63.3,below,1.0
8486.0,-0.0199999999999995,8.5,50.77499999999999,below,1.0
9554.0,-0.0240000000000009,9568.0,59.80000000000001,below,1.0
9.85,-0.0199999999999995,9864.0,60.55,below,1.0
8778.0,-0.0240000000000009,8792.0,59.74999999999999,below,1.0
8.99,-0.0240000000000009,9004.0,48.35000000000001,below,1.0
-0.0120000000000004,-0.0219999999999984,9988.0,62.75,below,1.0
9616.0,-0.0159999999999982,9.63,69.7,below,1.0
-0.0159999999999982,0.5259999999999998,9748.0,71.85,below,1.0
9816.0,-0.0120000000000004,9828.0,61375.0,below,1.0
-0.0060000000000002,2058.0,7994.0,76.22500000000001,below,1.0
-0.0120000000000004,-0.0219999999999984,8854.0,65.95,below,1.0
-0.0159999999999982,-0.0219999999999984,9044.0,60475.0,below,1.0
8624.0,-0.0199999999999995,8.64,55.02499999999999,below,1.0
9.11,-0.0240000000000009,9122.0,60475.0,below,1.0
9572.0,-0.0240000000000009,9582.0,67.07499999999999,below,1.0
9718.0,-0.0240000000000009,9728.0,65025.0,below,0.0
9548.0,-0.0219999999999984,9556.0,70825.0,below,0.0
9106.0,-0.0219999999999984,9118.0,63.07499999999999,below,1.0
9888.0,-0.0180000000000006,9.9,68075.0,below,1.0
8326.0,-0.0240000000000009,8334.0,63575.0,below,0.0
9.52,-0.0240000000000009,9.53,65.17500000000001,below,1.0
8678.0,-0.0159999999999982,8696.0,59.000000000000014,below,1.0
-0.0120000000000004,1.847999999999999,9302.0,74725.0,below,1.0
-0.0120000000000004,-0.0180000000000006,8968.0,66425.0,below,1.0
8364.0,-0.0199999999999995,8.38,51375.0,below,1.0
9.14,-0.0199999999999995,9154.0,63.650000000000006,below,1.0
9.86,-0.0240000000000009,9.87,67.9,below,1.0
-0.0159999999999982,-0.0279999999999986,7.955999999999999,45625.0,below,1.0
-0.0219999999999984,-0.0180000000000006,8104.0,62.1,below,1.0
9.0,-0.0240000000000009,9008.0,59.67499999999998,below,0.0
9004.0,-0.0240000000000009,9016.0,62.20000000000002,below,1.0
-0.009999999999998,2418.0,7.539999999999999,68725.0,below,1.0
9642.0,-0.0180000000000006,9.66,58.1,below,1.0
9532.0,-0.0159999999999982,9548.0,56.85,below,1.0
9858.0,-0.0240000000000009,9866.0,63375.0,below,1.0
8504.0,-0.0120000000000004,8526.0,58975.0,below,1.0
8346.0,-0.0199999999999995,8.36,60975.0,below,1.0
9104.0,-0.0199999999999995,9118.0,58.7,below,1.0
8272.0,-0.0199999999999995,8284.0,60175.0,below,1.0
9662.0,-0.0219999999999984,9672.0,66.07499999999999,below,1.0
-0.0079999999999991,0.7859999999999996,9586.0,76.69999999999999,below,1.0
-0.0079999999999991,1856.0,8186.0,74.8,below,1.0
9.76,-0.0219999999999984,9776.0,51.49999999999999,below,1.0
8174.0,-0.0139999999999993,8188.0,59.92500000000001,below,1.0
8272.0,-0.0180000000000006,8286.0,52.55000000000001,below,1.0
9.26,-0.0259999999999998,9268.0,62.7,below,1.0
9.03,-0.0219999999999984,9042.0,58.0,below,1.0
8316.0,-0.0159999999999982,8326.0,62675.0,below,1.0
8158.0,-0.0180000000000006,8.17,64.6,below,1.0
8262.0,-0.0199999999999995,8278.0,51.35000000000001,below,1.0
8102.0,-0.0240000000000009,8.11,53875.0,below,1.0
9206.0,-0.0139999999999993,9224.0,58.5,below,1.0
9466.0,-0.0180000000000006,9482.0,56.85,below,1.0
8972.0,-0.0199999999999995,8.98,67.52499999999999,below,0.0
9788.0,-0.0139999999999993,9806.0,62.14999999999999,below,1.0
8564.0,-0.0219999999999984,8576.0,55.05,below,1.0
9046.0,-0.0219999999999984,9058.0,60.45,below,1.0
8946.0,-0.0240000000000009,8.96,54.55000000000001,below,1.0
-0.0060000000000002,2212.0,8164.0,75.47500000000001,below,1.0
8112.0,-0.0199999999999995,8128.0,54225.0,below,1.0
-0.0139999999999993,-0.0139999999999993,8506.0,65.14999999999999,above,0.0
9416.0,-0.0240000000000009,9426.0,63.02499999999999,below,1.0
8.37,-0.0219999999999984,8384.0,61.35,below,1.0
-0.009999999999998,782.0,9524.0,74725.0,below,1.0
8868.0,-0.0180000000000006,8882.0,57325.0,below,1.0
-0.0139999999999993,-0.0180000000000006,8.96,56.1,below,1.0
9.37,-0.0240000000000009,9.38,66.14999999999999,below,1.0
-0.0120000000000004,-0.0219999999999984,9554.0,56.400000000000006,below,1.0
9134.0,-0.0139999999999993,9154.0,60575.0,below,1.0
9468.0,-0.0259999999999998,9478.0,62425.0,below,0.0
9594.0,-0.0199999999999995,9612.0,58.89999999999999,below,1.0
9228.0,-0.0159999999999982,9246.0,57.525000000000006,below,1.0
-0.009999999999998,-0.0199999999999995,9944.0,53.150000000000006,below,1.0
8628.0,-0.0139999999999993,8646.0,63.02499999999999,below,1.0
8798.0,-0.0240000000000009,8806.0,59.2,below,1.0
9.02,-0.0180000000000006,9038.0,59.1,below,1.0
8134.0,-0.0199999999999995,8146.0,52.69999999999999,below,1.0
8884.0,-0.0240000000000009,8896.0,58.67500000000001,below,1.0
-0.009999999999998,1.58,9468.0,74675.0,below,1.0
9574.0,-0.0219999999999984,9586.0,57.60000000000001,below,1.0
9546.0,-0.0180000000000006,9562.0,59325.0,below,1.0
8908.0,-0.0219999999999984,8.92,53.89999999999999,below,1.0
9328.0,-0.0199999999999995,9344.0,57975.0,below,1.0
8312.0,-0.0219999999999984,8324.0,61.775000000000006,below,1.0
8922.0,-0.0219999999999984,8934.0,55.05,below,1.0
8992.0,-0.0240000000000009,9006.0,56.2,below,1.0
9904.0,-0.0199999999999995,9916.0,50.625000000000014,below,1.0
8138.0,-0.0180000000000006,8152.0,60.94999999999999,below,1.0
9144.0,-0.0240000000000009,9158.0,61.72500000000001,below,1.0
8296.0,-0.0240000000000009,8306.0,56.400000000000006,below,0.0
-0.0120000000000004,0.4720000000000013,9934.0,57.0,below,1.0
8802.0,-0.0199999999999995,8816.0,58.02499999999999,below,1.0
-0.0139999999999993,-0.0259999999999998,9478.0,59475.0,below,1.0
8414.0,-0.0219999999999984,8426.0,57.89999999999999,below,1.0
10.19,-0.0159999999999982,10184.0,74.42500000000001,below,1.0
8064.0,-0.0240000000000009,8076.0,53.60000000000001,below,1.0
9766.0,-0.0159999999999982,9782.0,60.27499999999999,below,1.0
-0.0180000000000006,-0.0259999999999998,8936.0,48.7,below,0.0
9384.0,-0.0219999999999984,9398.0,66.32499999999999,below,1.0
9816.0,-0.0199999999999995,9828.0,70.44999999999999,below,1.0
9466.0,-0.0219999999999984,9478.0,66825.0,below,1.0
9792.0,-0.0240000000000009,9802.0,64775.0,below,1.0
9.22,-0.0219999999999984,9232.0,55.89999999999999,below,1.0
8682.0,-0.0180000000000006,8696.0,66625.0,below,1.0
-0.0120000000000004,-0.0219999999999984,9936.0,72.2,below,1.0
9.59,-0.0199999999999995,9604.0,61.60000000000001,below,1.0
8.57,-0.0219999999999984,8584.0,61.45,below,1.0
9668.0,-0.0180000000000006,9682.0,71.32499999999999,below,1.0
8494.0,-0.0219999999999984,8504.0,54.77499999999999,below,1.0
-0.0060000000000002,0.6020000000000003,9382.0,74.15,below,1.0
9648.0,-0.0199999999999995,9.66,68.75,below,1.0
8104.0,-0.0240000000000009,8112.0,53.69999999999999,below,1.0
8848.0,-0.0219999999999984,8.86,56.89999999999999,below,1.0
9542.0,-0.0259999999999998,9554.0,61.900000000000006,below,1.0
8502.0,-0.0159999999999982,8518.0,66.14999999999999,below,1.0
9.63,-0.0180000000000006,9646.0,58225.0,below,1.0
9786.0,-0.0240000000000009,9796.0,70875.0,below,1.0
9822.0,-0.0259999999999998,9828.0,69.32499999999999,below,0.0
8906.0,-0.0240000000000009,8918.0,60425.0,below,1.0
-0.0240000000000009,-0.0219999999999984,8.28,56325.0,below,1.0
8374.0,-0.0219999999999984,8382.0,61.75,below,0.0
9764.0,-0.0180000000000006,9774.0,71.32499999999999,below,1.0
8138.0,-0.0219999999999984,8152.0,48.85000000000001,below,1.0
8934.0,-0.0159999999999982,8954.0,60.900000000000006,below,1.0
9098.0,-0.0219999999999984,9.11,55.275000000000006,below,1.0
-0.0120000000000004,-0.0219999999999984,10074.0,70.75,below,1.0
9854.0,-0.0180000000000006,9864.0,74.10000000000001,below,1.0
9024.0,-0.0240000000000009,9038.0,55.69999999999999,below,1.0
8074.0,-0.0159999999999982,8094.0,56.45,below,1.0
8606.0,-32.0,8616.0,38725.0,below,1.0
8202.0,-0.0159999999999982,8218.0,56975.0,below,1.0
9076.0,-0.0199999999999995,9092.0,56.94999999999999,below,1.0
9304.0,-0.0240000000000009,9318.0,57.0,below,1.0
-0.0139999999999993,-0.0139999999999993,8506.0,65.14999999999999,above,0.0
9696.0,-0.0199999999999995,9712.0,70.15,below,1.0
9078.0,-0.0240000000000009,9086.0,57.1,below,0.0
8498.0,-0.0219999999999984,8.51,60.400000000000006,below,1.0
8.77,-0.0139999999999993,8.79,57.82499999999999,below,1.0
8312.0,-0.0259999999999998,8.32,58175.0,below,0.0
8242.0,-0.0199999999999995,8256.0,62175.0,below,1.0
8388.0,-0.0219999999999984,8.4,55.1,below,1.0
9316.0,-0.0240000000000009,9326.0,54.2,below,1.0
-0.0079999999999991,1.6780000000000008,7846.0,72.85,below,1.0
9302.0,-0.0240000000000009,9314.0,65.65,below,1.0
9.79,-0.0259999999999998,9796.0,67.85000000000001,below,0.0
8392.0,-0.0199999999999995,8408.0,54375.0,below,1.0
9426.0,-0.0180000000000006,9.44,68675.0,below,1.0
-0.0060000000000002,1.3200000000000005,8184.0,74.70000000000002,below,1.0
9.96,-0.0199999999999995,9968.0,70075.0,below,1.0
8566.0,-0.0240000000000009,8.58,53175.0,below,1.0
9314.0,-0.0240000000000009,9324.0,54.400000000000006,below,1.0
-0.0139999999999993,-0.0139999999999993,8506.0,65.14999999999999,below,1.0
9922.0,-0.0180000000000006,9924.0,55375.0,below,1.0
9478.0,-0.0219999999999984,9.49,64475.0,below,1.0
9498.0,-0.0240000000000009,9.51,63.125000000000014,below,1.0
9904.0,-0.0219999999999984,9912.0,66.25000000000001,below,1.0
9448.0,-0.0159999999999982,9468.0,60.80000000000001,below,1.0
9596.0,-0.0219999999999984,9606.0,62.20000000000002,below,1.0
9522.0,-0.0219999999999984,9.54,54.62499999999999,below,1.0
8778.0,-0.0159999999999982,8798.0,57225.0,below,1.0
9.05,-0.0120000000000004,9066.0,68925.0,below,1.0
-0.0120000000000004,0.7880000000000003,9566.0,76.2,below,1.0
8976.0,-0.0199999999999995,8994.0,53.3,below,1.0
8.79,-0.0240000000000009,8802.0,59.67499999999998,below,1.0
9882.0,-0.0199999999999995,9.89,72.0,below,1.0
10194.0,0.0620000000000011,10188.0,73125.0,below,0.0
9.9,-0.0180000000000006,9908.0,73275.0,below,1.0
9784.0,-0.0180000000000006,9796.0,72075.0,below,1.0
-0.0259999999999998,-0.0219999999999984,8072.0,54.69999999999999,below,1.0
9624.0,-0.0199999999999995,9638.0,59.80000000000001,below,1.0
9456.0,-0.0180000000000006,9466.0,70.75,below,1.0
9086.0,-0.0240000000000009,9102.0,55.82499999999999,below,1.0
-0.0060000000000002,1.9080000000000013,7.960000000000001,75.57499999999999,below,1.0
9326.0,-0.0180000000000006,9342.0,60.25,below,1.0
-0.009999999999998,0.565999999999999,8672.0,74.52499999999999,below,1.0
9216.0,-0.0219999999999984,9228.0,66.55,below,1.0
8282.0,-0.0199999999999995,8298.0,48.02499999999999,below,1.0
8628.0,-0.0199999999999995,8642.0,55325.0,below,1.0
9076.0,-0.0219999999999984,9.09,52.82500000000002,below,1.0
8368.0,-0.0139999999999993,8388.0,57.60000000000001,below,1.0
-0.0060000000000002,2.09,8.19,74.52499999999999,below,1.0
-0.0139999999999993,-0.0219999999999984,9248.0,57.67500000000001,below,1.0
8104.0,-0.0240000000000009,8114.0,51.95,below,1.0
9988.0,-0.0219999999999984,9992.0,67.25000000000001,below,1.0
9862.0,-0.0240000000000009,9872.0,59575.0,below,1.0
8766.0,-0.0180000000000006,8784.0,58425.0,below,1.0
8828.0,-0.0259999999999998,8842.0,58.74999999999999,below,1.0
9202.0,-0.0259999999999998,9216.0,58.80000000000001,below,1.0
-0.0040000000000013,0.6920000000000002,8486.0,81.17500000000001,below,1.0
8158.0,-0.0180000000000006,8.17,64.6,below,1.0
8604.0,-0.0199999999999995,8618.0,53175.0,below,1.0
8.71,-0.0240000000000009,8.72,51.6,below,1.0
9132.0,-0.0240000000000009,9142.0,56.94999999999999,below,1.0
9048.0,-0.0199999999999995,9066.0,49925.0,below,1.0
9.65,-0.0240000000000009,9664.0,62575.0,below,1.0
-0.009999999999998,2138.0,7996.0,73925.0,below,1.0
8892.0,-0.0219999999999984,8906.0,66.39999999999999,below,1.0
-0.0279999999999986,-0.0240000000000009,8116.0,56.5,below,0.0
8.73,-0.0159999999999982,8744.0,65.95,below,1.0
9076.0,-0.0219999999999984,9088.0,55.89999999999999,below,1.0
8766.0,-0.0139999999999993,8782.0,68.5,below,1.0
-0.0060000000000002,2234.0,8102.0,75.89999999999999,below,1.0
8672.0,-0.0199999999999995,8.68,64225.0,below,0.0
9154.0,-0.0199999999999995,9168.0,67.45000000000002,below,1.0
8542.0,-0.0180000000000006,8556.0,66.35,below,1.0
8544.0,-0.0199999999999995,8558.0,54.69999999999999,below,1.0
8.68,-0.0219999999999984,8694.0,60.25,below,1.0
8374.0,-0.0180000000000006,8388.0,57.775000000000006,below,1.0
9462.0,-0.0199999999999995,9476.0,68775.0,below,1.0
8966.0,-0.0180000000000006,8.98,66.85000000000001,below,1.0
8648.0,-0.0199999999999995,8666.0,55975.0,below,1.0
9048.0,-0.0219999999999984,9064.0,58.775000000000006,below,1.0
9442.0,-0.0180000000000006,9458.0,67425.0,below,1.0
8358.0,-0.0199999999999995,8374.0,54.0,below,1.0
8724.0,-0.0199999999999995,8.74,54.47500000000001,below,1.0
9194.0,-0.0159999999999982,9206.0,60975.0,below,1.0
8152.0,-0.0199999999999995,8168.0,55.77499999999999,below,1.0
8.99,-0.0240000000000009,9.0,60575.0,below,0.0
-0.0139999999999993,-0.0139999999999993,8506.0,65.14999999999999,below,1.0
8788.0,-0.009999999999998,8.81,60.525000000000006,below,1.0
9908.0,-0.0240000000000009,9914.0,62.7,below,1.0
9.72,-0.0219999999999984,9736.0,49075.0,below,1.0
9486.0,-0.0199999999999995,9496.0,66.97500000000001,below,1.0
8.1,-0.0199999999999995,8114.0,47.0,below,1.0
8558.0,-0.0199999999999995,8578.0,56.3,below,1.0
9.46,-0.0259999999999998,9.47,61475.0,below,1.0
-0.0120000000000004,-0.0159999999999982,8544.0,70825.0,below,1.0
9424.0,-0.0159999999999982,9444.0,59.2,below,1.0
-0.0159999999999982,-0.0180000000000006,8582.0,64425.0,below,1.0
8216.0,-0.0259999999999998,8224.0,48125.0,below,0.0
8238.0,-0.0240000000000009,8248.0,49.45,above,0.0
8172.0,-0.0240000000000009,8182.0,57075.0,below,0.0
9452.0,-0.0180000000000006,9468.0,59.525000000000006,below,1.0
8728.0,-0.0240000000000009,8738.0,51075.0,below,1.0
8146.0,-0.0199999999999995,8162.0,54.80000000000001,below,1.0
9.97,-0.0199999999999995,9976.0,55425.0,below,1.0
9294.0,-0.0219999999999984,9304.0,66.25000000000001,below,1.0
8492.0,-0.0240000000000009,8506.0,54325.0,below,1.0
-0.0120000000000004,0.7259999999999991,8684.0,74.15,below,1.0
8272.0,-0.0259999999999998,8284.0,50925.0,below,1.0
8.12,-0.0240000000000009,8128.0,54.62499999999999,below,1.0
8636.0,-0.0159999999999982,8648.0,58975.0,below,1.0
9704.0,-0.0199999999999995,9716.0,67.05000000000001,below,1.0
8198.0,-0.0240000000000009,8.21,49125.0,below,1.0
8828.0,-0.0199999999999995,8.84,62.87499999999999,below,1.0
9496.0,-0.0240000000000009,9508.0,65.65,below,1.0
9698.0,-0.0279999999999986,9702.0,68875.0,below,0.0
8348.0,-0.0180000000000006,8356.0,60.85000000000001,below,1.0
-0.0259999999999998,-0.0219999999999984,8082.0,64575.0,below,0.0
8158.0,-0.0180000000000006,8.17,64.6,below,1.0
9214.0,-0.0240000000000009,9224.0,59.2,below,1.0
9788.0,-0.0219999999999984,9802.0,62175.0,below,1.0
8344.0,-0.0199999999999995,8356.0,54.02499999999999,below,1.0
-0.009999999999998,-0.0180000000000006,9736.0,57.80000000000001,below,1.0
9296.0,-0.0240000000000009,9306.0,64775.0,below,0.0
9008.0,-0.0199999999999995,9022.0,57.89999999999999,below,1.0
-0.009999999999998,2.033999999999999,8.92,73.35000000000001,below,1.0
-0.009999999999998,2.02,8916.0,73.42500000000001,below,1.0
9.9,-0.0259999999999998,9912.0,69.24999999999999,below,1.0
9926.0,-0.0219999999999984,9934.0,62.25,below,1.0
8154.0,-0.0199999999999995,8164.0,55.82499999999999,below,1.0
8.91,-0.0219999999999984,8916.0,68.65,below,0.0
8.22,-0.0219999999999984,8232.0,57.35,below,0.0
9.86,-0.0240000000000009,9866.0,69.44999999999999,below,1.0
9482.0,-0.0240000000000009,9496.0,66.45,below,1.0
9446.0,-0.0240000000000009,9.46,61.650000000000006,below,1.0
-0.009999999999998,1.5459999999999994,8398.0,76.1,below,1.0
8592.0,-0.0240000000000009,8604.0,57975.0,below,1.0
9.76,-0.0199999999999995,9776.0,67.35,below,1.0
9344.0,-0.0199999999999995,9358.0,66375.0,below,1.0
8294.0,-0.0180000000000006,8312.0,58325.0,below,1.0
10032.0,-0.0139999999999993,10036.0,73.52499999999999,below,1.0
9.16,-0.0240000000000009,9.17,55325.0,below,1.0
8276.0,-0.0219999999999984,8288.0,54.0,below,1.0
8142.0,-0.0240000000000009,8154.0,56.1,below,1.0
8.28,-0.0199999999999995,8296.0,54.525000000000006,below,1.0
8814.0,-0.0139999999999993,8832.0,57.72500000000001,below,1.0
-0.0139999999999993,-0.0219999999999984,9.12,61.02499999999999,below,1.0
9536.0,-0.0199999999999995,9.55,68825.0,below,1.0
8158.0,-0.0180000000000006,8.17,64.6,below,1.0
9882.0,-0.0240000000000009,9892.0,68575.0,below,1.0
9298.0,-0.0180000000000006,9316.0,55.69999999999999,below,1.0
8242.0,-0.0120000000000004,8262.0,58375.0,below,1.0
10.11,-0.0199999999999995,10108.0,62.775000000000006,below,1.0
8564.0,-0.0240000000000009,8578.0,42625.0,below,1.0
8746.0,-0.0219999999999984,8.76,50.625000000000014,below,1.0
-0.0079999999999991,2.103999999999999,8008.0,73825.0,below,1.0
9698.0,-0.0219999999999984,9714.0,54.1,below,1.0
-0.0139999999999993,0.4740000000000002,9622.0,71.15,below,1.0
8652.0,-0.0199999999999995,8666.0,56.1,below,1.0
9.7,-0.0199999999999995,9718.0,57.2,below,1.0
-0.0060000000000002,0.6679999999999993,9554.0,75.95,below,1.0
8158.0,-0.0180000000000006,8.17,64.6,below,1.0
10108.0,-0.0240000000000009,10104.0,64.05000000000001,below,1.0
8914.0,-0.0199999999999995,8932.0,52.400000000000006,below,1.0
9.23,-0.0240000000000009,9242.0,60.07499999999999,below,1.0
-0.0060000000000002,1.7699999999999996,9016.0,76925.0,below,1.0
8492.0,-0.0240000000000009,8498.0,58575.0,below,0.0
9098.0,-0.0219999999999984,9106.0,68.75,below,0.0
8298.0,-0.0240000000000009,8308.0,50.22500000000001,below,1.0
9446.0,-0.0199999999999995,9458.0,63.75,below,1.0
9512.0,-0.0219999999999984,9524.0,69.10000000000001,below,1.0
9384.0,-0.0240000000000009,9.39,66.52499999999999,below,0.0
9.18,-0.0219999999999984,9192.0,66.95,below,1.0
8108.0,-0.0199999999999995,8128.0,53.0,below,1.0
-0.0139999999999993,-0.0139999999999993,8506.0,65.14999999999999,above,0.0
8.08,-0.0219999999999984,8088.0,55.275000000000006,below,1.0
8618.0,-0.0120000000000004,8634.0,66.32499999999999,below,1.0
9.54,-0.0219999999999984,9552.0,62.14999999999999,below,1.0
9702.0,-0.0219999999999984,9718.0,60.07499999999999,below,1.0
-0.0139999999999993,-0.0240000000000009,9364.0,63.55,below,0.0
8664.0,-0.0180000000000006,8.68,52925.0,below,1.0
8264.0,-0.0240000000000009,8276.0,55225.0,below,1.0
-0.0079999999999991,1.2119999999999995,7676.0,73.25,below,1.0
8412.0,-0.0199999999999995,8428.0,53875.0,below,1.0
8488.0,-0.0199999999999995,8502.0,60.5,below,1.0
8934.0,-0.0219999999999984,8948.0,56.525000000000006,below,1.0
8412.0,-0.0219999999999984,8426.0,50.49999999999999,below,1.0
9468.0,-0.0219999999999984,9.48,67575.0,below,1.0
8154.0,-0.0180000000000006,8166.0,62.55,below,1.0
8718.0,-0.0240000000000009,8728.0,59.3,below,1.0
-0.009999999999998,2.0700000000000003,7824.0,75125.0,below,1.0
9322.0,-0.0219999999999984,9332.0,65875.0,below,1.0
9062.0,-0.0219999999999984,9076.0,57.80000000000001,below,1.0
8496.0,-0.0219999999999984,8506.0,64.92500000000001,below,1.0
8.15,-0.0240000000000009,8162.0,53.25,below,1.0
8986.0,-0.0219999999999984,8998.0,59.775000000000006,below,0.0
8.84,-0.0180000000000006,8858.0,59575.0,below,1.0
9428.0,-0.0240000000000009,9442.0,64.5,below,1.0
8.17,-0.0240000000000009,8.18,55.1,below,1.0
-0.0060000000000002,-0.0159999999999982,9.92,73025.0,below,1.0
-0.009999999999998,0.1219999999999998,9696.0,70.44999999999999,below,1.0
9418.0,-0.0240000000000009,9428.0,65.85000000000001,below,1.0
8848.0,-0.0240000000000009,8.86,58.80000000000001,below,1.0
9218.0,-0.0219999999999984,9228.0,63375.0,below,0.0
-0.0060000000000002,2.0779999999999994,7874.0,75.0,below,1.0
-0.0139999999999993,-0.0139999999999993,8506.0,65.14999999999999,above,0.0
9462.0,-0.0219999999999984,9472.0,61.525000000000006,below,1.0
10204.0,-0.0139999999999993,10.2,74.52499999999999,below,1.0
9218.0,-0.0199999999999995,9232.0,62.85000000000001,below,1.0
9858.0,-0.0139999999999993,9.87,73.4,below,1.0
8334.0,-0.0259999999999998,8344.0,55.1,below,1.0
8134.0,-0.0199999999999995,8144.0,59.775000000000006,below,1.0
9024.0,-0.0219999999999984,9036.0,66.25000000000001,below,1.0
8318.0,-0.0199999999999995,8332.0,57.2,below,1.0
8.35,-0.0259999999999998,8.36,54225.0,below,1.0
9824.0,-0.0199999999999995,9836.0,70.04999999999998,below,1.0
-0.009999999999998,-0.0159999999999982,9192.0,69925.0,below,1.0
9214.0,-0.0240000000000009,9226.0,55425.0,below,1.0
8686.0,-0.0159999999999982,8704.0,57.82499999999999,below,1.0
8.59,-0.0199999999999995,8604.0,60.80000000000001,below,1.0
9182.0,-0.0219999999999984,9192.0,59.775000000000006,below,1.0
8626.0,-0.0199999999999995,8642.0,60375.0,below,1.0
9336.0,-0.0199999999999995,9356.0,58.3,below,1.0
8.71,-0.0219999999999984,8722.0,57.2,below,1.0
8738.0,-0.0199999999999995,8748.0,67625.0,below,0.0
8574.0,-0.0180000000000006,8588.0,55325.0,below,1.0
9.57,-0.0139999999999993,9584.0,71.9,below,1.0
9.24,-0.0219999999999984,9254.0,58.2,below,1.0
8092.0,-0.0180000000000006,8108.0,54.69999999999999,below,1.0
-0.009999999999998,-0.0199999999999995,7112.0,47625.0,below,1.0
-0.0139999999999993,-0.0139999999999993,8506.0,65.14999999999999,below,1.0
8.71,-0.0240000000000009,8724.0,63.650000000000006,below,1.0
9.01,-0.0199999999999995,9026.0,55975.0,below,1.0
9288.0,-0.0240000000000009,9.3,56.69999999999999,below,1.0
-0.0060000000000002,1.9920000000000009,7.705999999999999,75125.0,below,1.0
8474.0,-0.0180000000000006,8488.0,56.275000000000006,below,1.0
-0.0040000000000013,2.0120000000000005,8858.0,74.44999999999999,below,1.0
9402.0,-0.0199999999999995,9.42,56325.0,below,1.0
8.6,-0.0240000000000009,8608.0,67.05000000000001,below,0.0
8888.0,-0.0180000000000006,8904.0,56.80000000000001,below,1.0
8324.0,-0.0240000000000009,8336.0,57.69999999999999,below,1.0
8274.0,-0.0240000000000009,8284.0,55.89999999999999,above,0.0
8.89,-0.0219999999999984,8902.0,65.19999999999999,below,1.0
9142.0,-0.0240000000000009,9154.0,55925.0,below,1.0
8776.0,-0.0199999999999995,8792.0,55.2,below,1.0
9634.0,-0.0219999999999984,9648.0,69.6,below,1.0
8812.0,-0.0199999999999995,8826.0,62.27499999999999,below,1.0
8158.0,-0.0180000000000006,8.17,64.6,below,1.0
8486.0,-0.0159999999999982,8.5,55.5,below,1.0
9756.0,-0.0219999999999984,9766.0,67875.0,below,1.0
8886.0,-0.0240000000000009,8898.0,52325.0,below,1.0
8898.0,-0.0219999999999984,8.91,55.67500000000001,below,1.0
8804.0,-0.0159999999999982,8818.0,64875.0,below,1.0
-0.0060000000000002,-0.0199999999999995,10036.0,73925.0,below,1.0
8756.0,-0.0199999999999995,8776.0,56.3,below,1.0
9356.0,-0.0240000000000009,9366.0,69.15,below,0.0
8158.0,-0.0180000000000006,8.17,64.6,below,1.0
-0.0279999999999986,-0.0219999999999984,8122.0,65.85000000000001,below,0.0
9652.0,-0.0180000000000006,9664.0,71.32499999999999,below,1.0
8714.0,-0.0219999999999984,8726.0,54.77499999999999,below,1.0
9564.0,-0.0180000000000006,9578.0,67625.0,below,1.0
8934.0,-0.0199999999999995,8.95,55.400000000000006,below,1.0
9972.0,-0.0199999999999995,9.98,72.52499999999999,below,1.0
8354.0,-0.0240000000000009,8366.0,53725.0,below,1.0
-0.0279999999999986,-0.0219999999999984,8122.0,57.47500000000001,below,1.0
10034.0,-0.0219999999999984,10.04,64525.0,below,1.0
8448.0,-0.0199999999999995,8.46,54975.0,below,1.0
8152.0,-0.0180000000000006,8166.0,65475.0,below,1.0
9858.0,-0.0199999999999995,9868.0,54.82499999999999,below,1.0
-0.0199999999999995,-0.0219999999999984,8702.0,49825.0,below,1.0
9774.0,-0.0139999999999993,9788.0,61.650000000000006,below,1.0
8.09,-0.0279999999999986,8.1,48.45,below,1.0
-0.0120000000000004,-0.0259999999999998,9942.0,62475.0,below,1.0
9558.0,-0.0139999999999993,9576.0,61.07499999999999,below,1.0
9046.0,-0.0219999999999984,9062.0,52.8,below,1.0
8968.0,-0.0259999999999998,8974.0,50325.0,below,0.0
8508.0,-0.0259999999999998,8.52,50.52499999999999,below,1.0
-0.0079999999999991,1.8200000000000005,9406.0,75.89999999999999,below,1.0
8.96,-0.0180000000000006,8978.0,62.72500000000001,below,1.0
8.51,-0.0180000000000006,8526.0,51.400000000000006,below,1.0
0.1780000000000008,-0.0180000000000006,9134.0,67.15,below,1.0
9268.0,-0.0259999999999998,9282.0,64.25,below,1.0
8248.0,-0.0180000000000006,8262.0,56.47500000000001,below,1.0
8182.0,-0.0219999999999984,8198.0,48.55000000000001,below,1.0
8458.0,-0.0159999999999982,8472.0,56.2,below,1.0
-0.0139999999999993,-0.0139999999999993,8506.0,65.14999999999999,below,1.0
8418.0,-0.0199999999999995,8426.0,54.525000000000006,below,1.0
8.79,-0.0180000000000006,8806.0,59.45,below,1.0
8764.0,-0.0240000000000009,8776.0,55375.0,below,1.0
8768.0,-0.0139999999999993,8786.0,61375.0,below,1.0
8194.0,-0.0240000000000009,8208.0,49.775000000000006,below,1.0
9.1,-0.0240000000000009,9112.0,58575.0,below,1.0
8732.0,-0.0240000000000009,8742.0,54.42499999999998,below,1.0
9638.0,-0.0219999999999984,9648.0,65.95,below,1.0
8942.0,-0.0199999999999995,8958.0,56.67500000000001,below,1.0
8194.0,-0.0259999999999998,8204.0,49.400000000000006,below,1.0
8.17,-0.0240000000000009,8.18,55.400000000000006,below,1.0
8222.0,-0.0279999999999986,8232.0,48625.0,below,1.0
8434.0,-0.0180000000000006,8448.0,62575.0,below,1.0
8966.0,-0.0259999999999998,8976.0,54325.0,below,1.0
-0.0079999999999991,0.7480000000000011,9.25,75875.0,below,1.0
-0.0120000000000004,-0.0240000000000009,7.656000000000001,41475.0,below,1.0
9928.0,-0.0240000000000009,9936.0,70.7,below,1.0
9792.0,-0.0199999999999995,9804.0,71.75,below,1.0
9908.0,-0.0219999999999984,9918.0,69625.0,below,1.0
-0.009999999999998,2218.0,8.11,76.57499999999999,below,1.0
9586.0,-0.0180000000000006,9604.0,59.000000000000014,below,1.0
9464.0,-0.0180000000000006,9.48,67.85000000000001,below,1.0
-0.0060000000000002,-0.0159999999999982,9734.0,72.55,below,1.0
9134.0,-0.0259999999999998,9146.0,55.400000000000006,below,1.0
8388.0,-0.0219999999999984,8.4,51.89999999999999,below,1.0
8452.0,-0.0259999999999998,8464.0,55.60000000000001,below,1.0
9332.0,-0.0219999999999984,9346.0,61.60000000000001,below,1.0
8544.0,-0.0139999999999993,8566.0,58.2,below,1.0
8074.0,-0.0240000000000009,8086.0,49225.0,below,1.0
9802.0,-0.0199999999999995,9.81,70.85,below,1.0
9182.0,-0.0219999999999984,9194.0,66.27499999999999,below,1.0
-0.0060000000000002,2.1,7744.0,75.62500000000001,below,1.0
-0.0079999999999991,1.6720000000000006,7866.0,74.25,below,1.0
9.59,-0.0279999999999986,9598.0,54225.0,below,1.0
8446.0,-0.0199999999999995,8462.0,61.97500000000001,below,1.0
8148.0,-0.0199999999999995,8164.0,55.400000000000006,below,1.0
9.36,-0.0219999999999984,9378.0,53875.0,below,1.0
8246.0,-0.0219999999999984,8.26,56075.0,below,1.0
9552.0,-0.0240000000000009,9564.0,61.20000000000002,below,1.0
-0.0120000000000004,-0.0219999999999984,9602.0,60125.0,below,1.0
8956.0,-0.0219999999999984,8.97,61.87499999999999,below,1.0
8948.0,-0.0219999999999984,8.96,56.2,below,1.0
8.21,-0.0199999999999995,8226.0,53.62499999999999,below,1.0
9548.0,-0.0219999999999984,9.56,66.97500000000001,below,1.0
9792.0,-0.0120000000000004,9802.0,73.22500000000001,below,1.0
-0.009999999999998,-0.0240000000000009,7.337999999999999,34.650000000000006,below,0.0
-0.0139999999999993,-0.0139999999999993,8506.0,65.14999999999999,below,1.0
-0.0079999999999991,1914.0,7.9,75.29999999999998,below,1.0
9.13,-0.0199999999999995,9146.0,63.35,below,1.0
-0.0139999999999993,-0.0139999999999993,8506.0,65.14999999999999,below,1.0
-0.0060000000000002,2.2140000000000004,8.15,75975.0,below,1.0
8.53,-0.0199999999999995,8538.0,62.650000000000006,below,0.0
9512.0,-0.0159999999999982,9524.0,69.22500000000001,below,1.0
9048.0,-0.0240000000000009,9064.0,61175.0,below,1.0
8892.0,-0.0180000000000006,8.91,57.89999999999999,below,1.0
8636.0,-0.0240000000000009,8648.0,59.000000000000014,below,1.0
10028.0,-0.0199999999999995,10.03,72.85,below,1.0
8348.0,-0.0240000000000009,8358.0,55.69999999999999,below,1.0
8354.0,-0.0199999999999995,8.37,54.62499999999999,below,1.0
8616.0,-0.0240000000000009,8628.0,62225.0,below,1.0
9106.0,-0.0180000000000006,9122.0,56.1,below,1.0
8384.0,-0.0199999999999995,8402.0,55.400000000000006,below,1.0
8836.0,-0.0219999999999984,8848.0,53375.0,below,1.0
8782.0,-0.0219999999999984,8792.0,54.60000000000001,below,1.0
-0.0120000000000004,-0.0219999999999984,9858.0,65.75,below,1.0
-0.0139999999999993,-0.0180000000000006,8736.0,64825.0,below,1.0
8.62,-0.0180000000000006,8634.0,62375.0,below,1.0
8808.0,-0.0219999999999984,8822.0,65.45,below,1.0
9802.0,-0.0219999999999984,9814.0,67225.0,below,1.0
-0.0219999999999984,-0.0259999999999998,8532.0,57975.0,below,0.0
8148.0,-0.0219999999999984,8.16,52125.0,below,1.0
8354.0,-0.0159999999999982,8372.0,65.25000000000001,below,1.0
9054.0,-0.0199999999999995,9072.0,56.82499999999999,below,1.0
8294.0,-0.0139999999999993,8312.0,57.69999999999999,below,1.0
9818.0,-0.0240000000000009,9826.0,70.19999999999999,below,1.0
8602.0,-0.0219999999999984,8616.0,54725.0,below,1.0
-0.0139999999999993,-0.0139999999999993,8506.0,65.14999999999999,below,1.0
8516.0,-0.0219999999999984,8528.0,52325.0,below,1.0
8672.0,-0.0240000000000009,8682.0,58.80000000000001,below,1.0
9664.0,-0.0199999999999995,9676.0,71025.0,below,1.0
10.02,-0.0219999999999984,10024.0,60.5,below,1.0
9778.0,-0.0240000000000009,9786.0,69.15,below,1.0
9502.0,-0.0240000000000009,9514.0,66.8,below,1.0
9706.0,-0.0180000000000006,9718.0,68.95,below,1.0
9116.0,-0.0219999999999984,9128.0,63.97500000000001,below,1.0
9.75,-0.0240000000000009,9.76,71.64999999999999,below,1.0
-0.0120000000000004,-0.0159999999999982,8882.0,56975.0,below,1.0
9554.0,-0.0199999999999995,9568.0,68.55,below,1.0
8942.0,-0.0180000000000006,8958.0,55.69999999999999,below,1.0
8972.0,-0.0219999999999984,8986.0,58.1,below,1.0
-0.0139999999999993,-0.0219999999999984,9088.0,64.05000000000001,below,1.0
8.66,-0.0159999999999982,8678.0,57.3,below,1.0
9082.0,-0.0240000000000009,9094.0,60.85000000000001,below,1.0
8354.0,-0.0219999999999984,8364.0,62.87499999999999,below,0.0
8972.0,-0.0199999999999995,8988.0,56125.0,below,1.0
9482.0,-0.0159999999999982,9502.0,58.45,below,1.0
8876.0,-0.0219999999999984,8888.0,56.80000000000001,below,1.0
8998.0,-0.0180000000000006,9018.0,56.875000000000014,below,1.0
8296.0,-0.0240000000000009,8.31,52.67500000000001,below,1.0
9588.0,-0.0199999999999995,9602.0,55.275000000000006,below,1.0
8558.0,-0.0139999999999993,8572.0,59625.0,below,1.0
9718.0,-0.0240000000000009,9728.0,65025.0,below,0.0
-0.0060000000000002,1.9280000000000008,7.880000000000001,75925.0,below,1.0
8648.0,-0.0199999999999995,8662.0,55925.0,below,1.0
8238.0,-0.0240000000000009,8248.0,49.45,below,1.0
9484.0,-0.0199999999999995,9.5,61425.0,below,1.0
8.77,-0.0159999999999982,8784.0,57425.0,below,1.0
8832.0,-0.0219999999999984,8844.0,56.2,below,1.0
8204.0,-0.0240000000000009,8212.0,62.14999999999999,below,0.0
8352.0,-0.0240000000000009,8362.0,57.60000000000001,below,1.0
-0.0079999999999991,2212.0,8158.0,76.1,below,1.0
9224.0,-0.0199999999999995,9244.0,54.95000000000002,below,1.0
8586.0,-0.0180000000000006,8604.0,57.3,below,1.0
8938.0,-0.0199999999999995,8948.0,60.5,below,1.0
-0.0139999999999993,-0.0219999999999984,9318.0,66.32499999999999,below,1.0
8368.0,-0.0219999999999984,8382.0,60.900000000000006,below,1.0
8242.0,-0.0199999999999995,8256.0,50825.0,below,1.0
8518.0,-0.0120000000000004,8.54,59.000000000000014,below,1.0
9362.0,-0.0240000000000009,9.37,68.65,below,0.0
9656.0,-0.0180000000000006,9674.0,59.1,below,1.0
9188.0,-0.0199999999999995,9.2,65.75,below,1.0
8618.0,-0.0180000000000006,8632.0,57.2,below,1.0
9268.0,-0.0139999999999993,9286.0,60375.0,below,1.0
-0.009999999999998,-0.0219999999999984,10054.0,63325.0,below,1.0
8116.0,-0.0199999999999995,8128.0,55225.0,below,1.0
8896.0,-0.0219999999999984,8.91,66575.0,below,1.0
10146.0,0.5039999999999996,10.14,63.94999999999999,below,1.0
9842.0,-0.0180000000000006,9854.0,71.10000000000001,below,1.0
8654.0,-0.0240000000000009,8668.0,55.72500000000001,below,1.0
10034.0,-0.0219999999999984,10034.0,71275.0,below,1.0
10144.0,0.0,10138.0,57.05,above,0.0
8.17,-0.0180000000000006,8186.0,64575.0,below,1.0
-0.009999999999998,2.43,7.539999999999999,68.55,below,1.0
8878.0,-0.0139999999999993,8898.0,59.775000000000006,below,1.0
8542.0,-0.0219999999999984,8.55,59575.0,below,0.0
9.78,-0.0120000000000004,9798.0,66.35,below,1.0
8962.0,-0.0240000000000009,8.97,64.17500000000001,below,0.0
-0.0060000000000002,2.071999999999999,7888.0,74.8,below,1.0
9046.0,-0.0199999999999995,9062.0,57.69999999999999,below,1.0
8562.0,-0.0219999999999984,8578.0,54.55000000000001,below,1.0
8.22,-0.0199999999999995,8232.0,57.1,below,1.0
8712.0,-0.0240000000000009,8724.0,59.02499999999999,below,1.0
9136.0,-0.0139999999999993,9158.0,58.875000000000014,below,1.0
8692.0,-0.0240000000000009,8706.0,54.67500000000001,below,1.0
8418.0,-0.0240000000000009,8428.0,51.0,below,1.0
8384.0,-0.0240000000000009,8398.0,58.7,below,1.0
8604.0,-0.0159999999999982,8.62,67625.0,below,1.0
-0.009999999999998,0.7220000000000013,8668.0,74.55000000000001,below,1.0
-0.0159999999999982,-0.0159999999999982,8946.0,56.60000000000001,below,1.0
9838.0,-0.0219999999999984,9848.0,62175.0,below,1.0
9352.0,-0.0240000000000009,9366.0,53.8,below,1.0
8618.0,-0.0219999999999984,8.63,54.400000000000006,below,1.0
8264.0,-0.0199999999999995,8.28,59.650000000000006,below,1.0
9768.0,-0.0180000000000006,9.78,69.85,below,1.0
-0.0139999999999993,-0.0219999999999984,9796.0,51175.0,below,1.0
9846.0,-0.0240000000000009,9852.0,69775.0,below,1.0
9.86,-0.0199999999999995,9.87,72.24999999999999,below,1.0
8398.0,-0.0199999999999995,8416.0,55.1,below,1.0
8.99,-0.0219999999999984,9002.0,58.3,below,1.0
9.13,-0.0240000000000009,9144.0,61175.0,below,1.0
8458.0,-0.0199999999999995,8.47,59.89999999999999,below,1.0
9896.0,-0.0139999999999993,9912.0,64.95,below,1.0
-0.0139999999999993,-0.0139999999999993,8506.0,65.14999999999999,below,1.0
-0.009999999999998,-0.0219999999999984,9752.0,66225.0,below,1.0
9586.0,-0.0240000000000009,9592.0,67.35,below,0.0
9686.0,-0.0240000000000009,9.7,67.8,below,1.0
-0.0159999999999982,-0.0180000000000006,9328.0,53.275000000000006,below,1.0
9724.0,-0.0199999999999995,9738.0,68425.0,below,1.0
9102.0,-0.0240000000000009,9106.0,60.87499999999999,below,0.0
8476.0,-0.0199999999999995,8492.0,56.80000000000001,below,1.0
9194.0,-0.0219999999999984,9204.0,57075.0,below,1.0
8468.0,-0.0240000000000009,8478.0,54.69999999999999,below,1.0
8264.0,-0.0199999999999995,8274.0,55.80000000000001,below,1.0
8.22,-0.0180000000000006,8238.0,55325.0,below,1.0
-0.0139999999999993,-0.0240000000000009,9018.0,60.85000000000001,below,1.0
9938.0,-0.0219999999999984,9948.0,67925.0,below,1.0
8.94,-0.0240000000000009,8946.0,59175.0,below,0.0
-0.0120000000000004,-0.0199999999999995,9.74,64.25,below,1.0
8926.0,-0.0219999999999984,8942.0,55.2,below,1.0
9226.0,-0.0199999999999995,9238.0,64.05000000000001,below,1.0
8942.0,-0.0199999999999995,8958.0,58.60000000000001,below,1.0
8.83,-0.0159999999999982,8846.0,58.7,below,1.0
8514.0,-0.0180000000000006,8.53,57.2,below,1.0
9.17,-0.0180000000000006,9188.0,57.775000000000006,below,1.0
8.67,-0.0240000000000009,8684.0,42825.0,below,1.0
9842.0,-0.0180000000000006,9858.0,60.94999999999999,below,1.0
-0.0120000000000004,-0.0219999999999984,9282.0,66.35,below,1.0
9.36,-0.0219999999999984,9374.0,66425.0,below,1.0
9872.0,-0.0240000000000009,9.88,70025.0,below,1.0
9298.0,-0.0219999999999984,9.31,61475.0,below,1.0
-0.0139999999999993,0.6340000000000003,9182.0,74.75,below,1.0
8604.0,-0.0180000000000006,8618.0,65225.0,below,1.0
-0.0079999999999991,1.8440000000000007,8788.0,72.35000000000001,below,1.0
9322.0,-0.0219999999999984,9336.0,59.400000000000006,below,1.0
9872.0,-0.0219999999999984,9.88,70925.0,below,1.0
8806.0,-0.0240000000000009,8818.0,55.80000000000001,below,1.0
9044.0,-0.0219999999999984,9056.0,58.400000000000006,below,1.0
10046.0,-0.0180000000000006,10048.0,56.1,below,1.0
8.25,-0.0240000000000009,8262.0,50.49999999999999,below,1.0
9754.0,-0.0240000000000009,9.76,65375.0,below,0.0
8482.0,-0.0219999999999984,8494.0,54.2,below,1.0
-0.009999999999998,718.0,8658.0,74.6,below,1.0
8566.0,-0.0219999999999984,8578.0,60.3,below,1.0
8.79,-0.0180000000000006,8808.0,58.1,below,1.0
-0.0079999999999991,2122.0,7962.0,75.49999999999999,below,1.0
8914.0,-0.0159999999999982,8936.0,57.60000000000001,below,1.0
-0.0159999999999982,-0.0240000000000009,9162.0,51.57499999999999,below,1.0
-0.0060000000000002,1.8099999999999987,9468.0,74.4,below,1.0
-0.0139999999999993,-0.0159999999999982,9358.0,66225.0,below,1.0
8.24,-0.0240000000000009,8.25,50925.0,below,1.0
-0.0159999999999982,-0.0219999999999984,9178.0,56.80000000000001,below,1.0
-0.0079999999999991,2016.0,8.89,73.25,below,1.0
9.06,-0.0240000000000009,9072.0,56.400000000000006,below,1.0
-0.0259999999999998,-0.0199999999999995,8054.0,55.3,below,1.0
-0.0139999999999993,-0.0139999999999993,8506.0,65.14999999999999,below,1.0
8718.0,-0.0199999999999995,8736.0,55.2,below,1.0
-0.009999999999998,-0.0240000000000009,8548.0,59.35,below,0.0
8592.0,-0.0240000000000009,8604.0,57.0,below,1.0
8904.0,-0.0219999999999984,8916.0,56.0,below,1.0
9516.0,-0.0219999999999984,9528.0,66.65,below,1.0
-0.0139999999999993,-0.0219999999999984,9408.0,67875.0,below,1.0
9306.0,-0.0219999999999984,9318.0,68.22500000000001,below,1.0
8304.0,-0.0219999999999984,8312.0,63.25,below,0.0
9612.0,-0.0199999999999995,9624.0,62.75,below,1.0
8398.0,-0.0180000000000006,8416.0,61375.0,below,1.0
-0.0259999999999998,-0.0219999999999984,8062.0,53.025000000000006,below,1.0
-0.0139999999999993,0.2519999999999989,9272.0,45.525000000000006,below,1.0
8.65,-0.0259999999999998,8662.0,57075.0,below,1.0
8122.0,-0.0219999999999984,8132.0,61.14999999999999,below,1.0
9154.0,-0.0199999999999995,9168.0,58.650000000000006,below,1.0
8202.0,-0.0199999999999995,8216.0,57.60000000000001,below,1.0
-0.009999999999998,-0.0219999999999984,9884.0,68.05000000000001,below,0.0
8886.0,-0.0199999999999995,8904.0,51.69999999999999,below,1.0
8412.0,-0.0139999999999993,8424.0,59.275000000000006,below,1.0
9146.0,-0.0139999999999993,9164.0,65.25000000000001,below,1.0
8.31,-0.0240000000000009,8.32,53.1,below,1.0
8658.0,-0.0159999999999982,8674.0,56.400000000000006,below,1.0
8898.0,-0.0199999999999995,8.91,66.5,below,1.0
8.83,-0.0219999999999984,8.84,59.07500000000002,below,1.0
8834.0,-0.0240000000000009,8846.0,58425.0,below,1.0
9044.0,-0.0180000000000006,9058.0,58.92500000000001,below,1.0
9162.0,-0.0240000000000009,9168.0,56.89999999999999,below,0.0
-0.009999999999998,-0.0199999999999995,9814.0,63.97500000000001,below,1.0
9.4,-0.0240000000000009,9408.0,67.35,below,0.0
9258.0,-0.0180000000000006,9.27,69025.0,below,1.0
-0.0180000000000006,-0.0139999999999993,8116.0,58975.0,below,1.0
-0.0079999999999991,1862.0,8216.0,69.5,below,1.0
-0.0219999999999984,-0.0199999999999995,8392.0,61.400000000000006,below,1.0
8.75,-0.0259999999999998,8762.0,51.150000000000006,below,1.0
9236.0,-0.0199999999999995,9252.0,65.5,below,1.0
8228.0,-0.0219999999999984,8238.0,58975.0,below,1.0
9362.0,-0.0199999999999995,9378.0,54.57499999999999,below,1.0
9242.0,-0.0240000000000009,9254.0,49.35000000000001,below,1.0
10132.0,-0.0199999999999995,10.13,71.30000000000001,below,1.0
9606.0,-0.0219999999999984,9616.0,71.24999999999999,below,1.0
9718.0,-0.0240000000000009,9728.0,65025.0,below,0.0
9158.0,-0.0199999999999995,9172.0,65.10000000000001,below,1.0
9696.0,-0.0199999999999995,9706.0,68.35,below,1.0
9882.0,-0.0159999999999982,9.89,72725.0,below,1.0
8.77,-0.0199999999999995,8786.0,61575.0,below,1.0
8384.0,-0.0199999999999995,8394.0,55.77499999999999,below,1.0
9894.0,-0.0159999999999982,9904.0,73.0,below,1.0
9748.0,-0.0219999999999984,9.76,62.6,below,1.0
8.73,-0.0240000000000009,8738.0,50.22500000000001,below,1.0
9196.0,-0.0219999999999984,9.21,61.1,below,1.0
10134.0,-0.0219999999999984,10132.0,69.52499999999999,below,1.0
9844.0,-0.0279999999999986,9854.0,63225.0,below,1.0
8.59,-0.0240000000000009,8.6,54.35000000000001,below,1.0
-0.0139999999999993,-0.0199999999999995,9402.0,53.82499999999999,below,1.0
8498.0,-0.0199999999999995,8.51,62.25,below,1.0
9272.0,-0.0240000000000009,9286.0,54.650000000000006,below,1.0
10.06,-0.0199999999999995,10.06,72825.0,below,1.0
8926.0,-0.0199999999999995,8942.0,53.95,below,1.0
8138.0,-0.0259999999999998,8148.0,51.35000000000001,below,1.0
8636.0,-0.0240000000000009,8648.0,51.47500000000001,below,1.0
8274.0,-0.0240000000000009,8284.0,55.89999999999999,below,1.0
8616.0,-0.0199999999999995,8628.0,60975.0,below,1.0
9866.0,-0.0240000000000009,9.87,72.10000000000001,below,0.0
8.53,-0.0199999999999995,8538.0,67.25000000000001,below,0.0
9312.0,-0.0240000000000009,9324.0,62.85000000000001,below,1.0
8666.0,-0.0180000000000006,8.68,69625.0,below,1.0
8.92,-0.0159999999999982,8936.0,58.60000000000001,below,1.0
10118.0,-0.0159999999999982,10.12,71.8,below,1.0
8106.0,-0.0219999999999984,8118.0,58.275000000000006,below,1.0
8336.0,-0.0240000000000009,8346.0,57075.0,below,1.0
-0.0060000000000002,718.0,8624.0,77.8,below,1.0
8.26,-0.0199999999999995,8274.0,52.1,below,1.0
8636.0,-0.0159999999999982,8646.0,60.3,below,1.0
-0.0159999999999982,-0.0199999999999995,8922.0,60.775000000000006,below,1.0
9552.0,-0.0199999999999995,9.57,57.60000000000001,below,1.0
8698.0,-0.0199999999999995,8712.0,60.7,below,1.0
-0.0079999999999991,1.8859999999999992,8.2,75325.0,below,1.0
8176.0,-0.0219999999999984,8186.0,53.0,below,1.0
8656.0,-0.0199999999999995,8.67,59.60000000000001,below,1.0
-0.0040000000000013,1904.0,7866.0,75.2,above,1.0
8.45,-0.0199999999999995,8466.0,56.0,below,1.0
8638.0,-0.0219999999999984,8.65,56975.0,below,1.0
9556.0,-0.0139999999999993,9578.0,63625.0,below,1.0
8178.0,-0.0240000000000009,8188.0,53.62499999999999,below,1.0
9206.0,-0.0259999999999998,9216.0,62.1,below,1.0
9.89,-0.0219999999999984,9896.0,73.4,below,0.0
9726.0,-0.0139999999999993,9744.0,60175.0,below,1.0
-0.0079999999999991,2026.0,8898.0,72.85,below,1.0
9704.0,-0.0199999999999995,9714.0,70025.0,below,1.0
9812.0,-0.0199999999999995,9822.0,65475.0,below,1.0
9666.0,-0.0259999999999998,9.68,61825.0,below,1.0
8274.0,-0.0240000000000009,8284.0,55.89999999999999,above,0.0
9052.0,-0.0219999999999984,9064.0,57.80000000000001,below,1.0
9396.0,-0.0219999999999984,9414.0,53.85,below,1.0
-0.0139999999999993,-0.0219999999999984,9084.0,54.60000000000001,below,1.0
8294.0,-0.0259999999999998,8304.0,57.74999999999999,below,0.0
-0.0060000000000002,1814.0,9406.0,74.6,below,1.0
9636.0,-0.0199999999999995,9.65,68.85,below,1.0
8488.0,-0.0199999999999995,8504.0,54.42499999999998,below,1.0
8.81,-0.0240000000000009,8818.0,61.45,below,0.0
9094.0,-0.0219999999999984,9106.0,65.6,below,1.0
9.33,-0.0240000000000009,9344.0,57375.0,below,1.0
-0.0120000000000004,-0.0180000000000006,9566.0,57.25,below,1.0
9.5,-0.0240000000000009,9512.0,65575.0,below,1.0
8362.0,-0.0199999999999995,8376.0,62.07499999999999,below,1.0
10116.0,-0.0240000000000009,10114.0,70.15,below,0.0
9778.0,-0.0159999999999982,9792.0,61375.0,below,1.0
8.8,-0.0219999999999984,8812.0,59975.0,below,1.0
9032.0,-0.0180000000000006,9048.0,55.400000000000006,below,1.0
8274.0,-0.0240000000000009,8284.0,55.89999999999999,below,1.0
8238.0,-0.0240000000000009,8248.0,49.45,above,0.0
9.24,-0.009999999999998,9262.0,61175.0,below,1.0
8648.0,-0.0219999999999984,8664.0,54925.0,below,1.0
9042.0,-0.0219999999999984,9052.0,70.75,below,0.0
8788.0,-0.0240000000000009,8794.0,67.25000000000001,below,0.0
8402.0,-0.0219999999999984,8412.0,59.89999999999999,below,0.0
8964.0,-0.0219999999999984,8976.0,55925.0,below,1.0
9986.0,-0.0259999999999998,9982.0,61.97500000000001,below,0.0
8.89,-0.0199999999999995,8902.0,61325.0,below,1.0
8292.0,-0.0219999999999984,8302.0,55225.0,below,1.0
9.59,-0.0139999999999993,9.6,69.5,below,1.0
9.86,-0.0240000000000009,9872.0,66.45,below,1.0
9052.0,-0.0180000000000006,9068.0,56.94999999999999,below,1.0
8968.0,-0.0219999999999984,8986.0,62625.0,below,1.0
8944.0,-0.0240000000000009,8958.0,57.5,below,1.0
8354.0,-0.0240000000000009,8366.0,64.85000000000001,below,1.0
-0.0079999999999991,2048.0,8128.0,76525.0,above,1.0
9866.0,-0.0219999999999984,9874.0,66.25000000000001,below,1.0
8738.0,-0.0180000000000006,8752.0,67.12499999999999,below,1.0
8.33,-0.0180000000000006,8344.0,56.3,below,1.0
8158.0,-0.0180000000000006,8.17,64.6,below,1.0
9574.0,-0.0180000000000006,9586.0,67925.0,below,1.0
8678.0,-0.0240000000000009,8686.0,61125.0,below,0.0
8756.0,-0.0240000000000009,8768.0,53.55000000000001,below,1.0
7.736000000000001,4.486000000000001,10104.0,56.5,above,1.0
9326.0,-0.0199999999999995,9.34,64775.0,below,1.0
-0.0079999999999991,2.219999999999999,8.16,75.6,below,1.0
9.68,-0.0159999999999982,9696.0,59.92500000000001,below,1.0
8946.0,-0.0219999999999984,8.96,58325.0,below,1.0
-0.0120000000000004,-0.0279999999999986,10054.0,70.85,below,1.0
9296.0,-0.0199999999999995,9306.0,69.27499999999999,below,1.0
-0.0159999999999982,-0.0259999999999998,9.21,69.30000000000001,below,0.0
9014.0,-0.0259999999999998,9024.0,60.27499999999999,below,1.0
8858.0,-0.0219999999999984,8.87,61575.0,below,1.0
9634.0,-0.0199999999999995,9652.0,53.69999999999999,below,1.0
8152.0,-0.0159999999999982,8168.0,56.02499999999999,below,1.0
9354.0,-0.0180000000000006,9368.0,67.10000000000001,below,1.0
9706.0,-0.0219999999999984,9.72,62.05000000000001,below,1.0
9454.0,-0.0139999999999993,9476.0,60.87499999999999,below,1.0
9.62,-0.0219999999999984,9636.0,64.27499999999999,below,1.0
8.84,-0.0199999999999995,8854.0,62.55,below,1.0
9.11,-0.0199999999999995,9124.0,65825.0,below,1.0
-0.0079999999999991,1.934000000000001,7.885999999999999,76.25,below,1.0
10.2,-0.0139999999999993,10196.0,74825.0,below,1.0
10176.0,-0.0199999999999995,10174.0,71.05,below,1.0
9774.0,-0.0199999999999995,9786.0,63325.0,below,1.0
-0.0120000000000004,-0.0240000000000009,9.32,63.525000000000006,below,0.0
9.86,-0.0199999999999995,9868.0,67.05000000000001,below,1.0
9356.0,-0.0259999999999998,9368.0,61.775000000000006,below,1.0
-0.0120000000000004,0.6900000000000013,9894.0,75325.0,below,0.0
8924.0,-0.0139999999999993,8.94,60.80000000000001,below,1.0
8536.0,-0.0180000000000006,8.55,55175.0,below,1.0
8648.0,-0.0219999999999984,8658.0,56.0,below,1.0
9.9,-0.0219999999999984,9.91,59.60000000000001,below,1.0
10114.0,-0.0219999999999984,10.11,71.17500000000001,below,1.0
9274.0,-0.0240000000000009,9284.0,61.02499999999999,below,1.0
-0.009999999999998,2.1180000000000003,7968.0,75.2,below,1.0
-0.0120000000000004,-0.0139999999999993,8784.0,65.05000000000001,below,1.0
9998.0,-0.0219999999999984,9998.0,63.19999999999999,below,1.0
8502.0,-0.0159999999999982,8516.0,66.45,below,1.0
8554.0,-0.0219999999999984,8566.0,58.60000000000001,below,1.0
9832.0,-0.0199999999999995,9842.0,68.15,below,0.0
8998.0,-0.0219999999999984,9012.0,61575.0,below,1.0
9.4,-0.0240000000000009,9408.0,65.05000000000001,below,1.0
9272.0,-0.0159999999999982,9286.0,61.3,below,1.0
8132.0,-0.0139999999999993,8144.0,59.87499999999999,below,1.0
9434.0,-0.0180000000000006,9446.0,67.17500000000001,below,1.0
9.63,-0.0159999999999982,9648.0,60.775000000000006,below,1.0
9.55,-0.0159999999999982,9572.0,61.3,below,1.0
9.24,-0.0199999999999995,9.25,67.95,below,1.0
8818.0,-0.0219999999999984,8828.0,57.400000000000006,below,1.0
8.87,-0.0199999999999995,8888.0,56.82499999999999,below,1.0
9322.0,-0.0240000000000009,9332.0,64675.0,below,1.0
8136.0,-0.0219999999999984,8148.0,57.2,below,1.0
8442.0,-0.0240000000000009,8448.0,57.1,below,0.0
8158.0,-0.0180000000000006,8.17,64.6,below,1.0
9.79,-0.0159999999999982,9802.0,71.30000000000001,below,1.0
8474.0,-0.0219999999999984,8486.0,55225.0,below,1.0
-0.0159999999999982,-0.0199999999999995,8758.0,63475.0,below,1.0
-0.0120000000000004,0.6020000000000003,9184.0,71.05,below,1.0
8318.0,-0.0240000000000009,8328.0,50.44999999999999,below,1.0
9166.0,-0.0240000000000009,9174.0,66.65,below,0.0
8672.0,-0.0199999999999995,8686.0,63.35,below,1.0
9.08,-0.0199999999999995,9094.0,64.14999999999999,below,0.0
8648.0,-0.0199999999999995,8.66,60975.0,below,1.0
8648.0,-0.0120000000000004,8668.0,62.650000000000006,below,1.0
-0.0159999999999982,-0.0180000000000006,8656.0,64.45,below,1.0
8174.0,-0.0219999999999984,8186.0,53.0,below,1.0
9338.0,-0.0219999999999984,9.35,66.35,below,1.0
9118.0,-0.0240000000000009,9132.0,65.32500000000002,below,1.0
8586.0,-0.0240000000000009,8598.0,52.22500000000001,below,1.0
8646.0,-0.0199999999999995,8.66,57.80000000000001,below,1.0
8082.0,-0.0199999999999995,8096.0,60575.0,below,1.0
-0.0139999999999993,0.0139999999999993,9134.0,56.25,below,1.0
9286.0,-0.0219999999999984,9296.0,67.75,below,1.0
9728.0,-0.0240000000000009,9738.0,64575.0,below,1.0
8.65,-0.0159999999999982,8664.0,68925.0,below,1.0
8114.0,-0.0219999999999984,8126.0,53125.0,below,1.0
8778.0,-0.0199999999999995,8796.0,55.77499999999999,below,1.0
8.99,-0.0259999999999998,9006.0,60.05,below,1.0
9.71,-0.0240000000000009,9.72,69825.0,below,1.0
9718.0,-0.0159999999999982,9732.0,62.25,below,1.0
9374.0,-0.0219999999999984,9386.0,65375.0,below,1.0
9364.0,-0.0219999999999984,9376.0,67.55,below,1.0
-0.0139999999999993,-0.0139999999999993,8506.0,65.14999999999999,below,1.0
9992.0,-0.0180000000000006,10.0,73.55000000000001,below,1.0
10052.0,-0.0219999999999984,10054.0,71.57500000000002,below,1.0
5134.0,-0.0180000000000006,8066.0,62.97500000000001,below,1.0
-0.009999999999998,-0.0180000000000006,10.1,73925.0,below,1.0
-0.0199999999999995,-0.0120000000000004,8184.0,57.5,below,1.0
8.15,-0.0240000000000009,8.16,52.1,below,1.0
8224.0,-0.0180000000000006,8.24,56.67500000000001,below,1.0
8616.0,-0.0240000000000009,8626.0,58.72500000000001,below,1.0
8762.0,-0.0240000000000009,8774.0,54.5,below,1.0
8138.0,-0.0199999999999995,8.15,61.45,below,1.0
8.3,-0.0259999999999998,8.31,49.75,below,1.0
8598.0,-0.0120000000000004,8618.0,58.0,below,1.0
9516.0,-0.0199999999999995,9528.0,67.27499999999999,below,1.0
8.14,-0.0199999999999995,8152.0,57.14999999999999,below,1.0
8438.0,-0.0159999999999982,8.46,56925.0,below,1.0
8158.0,-0.0180000000000006,8.17,64.6,below,1.0
9102.0,-0.0240000000000009,9114.0,61.07499999999999,below,1.0
9768.0,-0.0219999999999984,9778.0,63.97500000000001,below,1.0
9752.0,-0.0159999999999982,9764.0,59.400000000000006,below,1.0
10004.0,-0.0199999999999995,10.01,62375.0,below,1.0
8528.0,-0.0240000000000009,8.54,58.60000000000001,below,1.0
-0.0120000000000004,-0.0240000000000009,10.0,62.775000000000006,below,1.0
8334.0,-0.0219999999999984,8344.0,55975.0,below,1.0
8508.0,-0.0240000000000009,8522.0,57.35,below,1.0
9.22,-0.0199999999999995,9238.0,58.275000000000006,below,1.0
8536.0,-0.0259999999999998,8548.0,50725.0,below,1.0
8684.0,-0.0240000000000009,8692.0,61.87499999999999,below,0.0
8696.0,-0.0199999999999995,8712.0,56.77499999999999,below,1.0
8214.0,-0.0259999999999998,8226.0,55125.0,below,1.0
8928.0,-0.0259999999999998,8938.0,60.67499999999998,below,0.0
8.63,-0.0240000000000009,8642.0,55.400000000000006,below,1.0
9774.0,-0.0159999999999982,9792.0,60.60000000000001,below,1.0
9952.0,-0.0219999999999984,9.96,66575.0,below,1.0
8938.0,-0.0219999999999984,8952.0,56.60000000000001,below,1.0
-0.0259999999999998,-0.0219999999999984,8054.0,56.89999999999999,below,1.0
8544.0,-0.0180000000000006,8558.0,57.02499999999999,below,1.0
8984.0,-0.0219999999999984,8.99,61.400000000000006,below,0.0
9226.0,-0.0159999999999982,9.24,59.82499999999999,below,1.0
8346.0,-0.0199999999999995,8.36,61475.0,below,1.0
8662.0,-0.0199999999999995,8678.0,56325.0,below,1.0
8584.0,-0.0219999999999984,8596.0,61575.0,below,1.0
8.93,-0.0219999999999984,8942.0,65.6,below,1.0
-0.009999999999998,0.6319999999999997,8672.0,74825.0,below,1.0
-0.0120000000000004,-0.0240000000000009,9998.0,67.45000000000002,below,1.0
9.35,-0.0240000000000009,9.36,63675.0,below,1.0
-0.009999999999998,782.0,9548.0,75725.0,below,1.0
8952.0,-0.0199999999999995,8966.0,61.400000000000006,below,1.0
8.46,-0.0219999999999984,8474.0,55975.0,below,1.0
8564.0,-0.0219999999999984,8574.0,61.25,below,1.0
8494.0,-0.0219999999999984,8502.0,62.775000000000006,below,0.0
8544.0,-0.0159999999999982,8558.0,58.275000000000006,below,1.0
9192.0,-0.0240000000000009,9208.0,62475.0,below,1.0
10034.0,-0.0199999999999995,10032.0,72.6,below,1.0
8696.0,-0.0240000000000009,8708.0,47875.0,below,1.0
8206.0,-0.0139999999999993,8222.0,56.89999999999999,below,1.0
9898.0,-0.0219999999999984,9904.0,70.55,below,1.0
8432.0,-0.0199999999999995,8448.0,55225.0,below,1.0
8.18,-0.0219999999999984,8194.0,49.1,below,1.0
9486.0,-0.0240000000000009,9498.0,65575.0,below,1.0
9066.0,-0.0240000000000009,9078.0,53.8,below,1.0
10154.0,-0.0139999999999993,10152.0,68.35,below,1.0
8366.0,-0.0240000000000009,8.38,51125.0,below,1.0
8.49,-0.0159999999999982,8508.0,59.87499999999999,below,1.0
8166.0,-0.0199999999999995,8.18,52.8,below,1.0
8572.0,-0.0180000000000006,8586.0,56.0,below,1.0
9234.0,-0.0240000000000009,9244.0,66.65,below,1.0
8874.0,-0.0240000000000009,8886.0,53.60000000000001,below,1.0
-0.0079999999999991,2.126000000000001,8022.0,73.8,below,1.0
8874.0,-0.0199999999999995,8892.0,58.35,below,1.0
9718.0,-0.0240000000000009,9728.0,65025.0,below,0.0
8166.0,-0.0259999999999998,8.18,55075.0,below,1.0
9.04,-0.0159999999999982,9058.0,58.7,below,1.0
9224.0,-0.0240000000000009,9234.0,52.3,below,1.0
9296.0,-0.0219999999999984,9302.0,63175.0,below,0.0
8116.0,-0.0139999999999993,8134.0,61575.0,below,1.0
8512.0,-0.0159999999999982,8528.0,60.45,below,1.0
8326.0,-0.0199999999999995,8338.0,62375.0,below,1.0
10008.0,-0.0219999999999984,10014.0,56375.0,below,1.0
8.08,-0.0180000000000006,8096.0,53.750000000000014,below,1.0
8.58,-0.0240000000000009,8.59,52.525000000000006,below,1.0
8888.0,-0.0199999999999995,8898.0,58.7,below,1.0
8.53,-0.0219999999999984,8542.0,54225.0,below,1.0
9416.0,-0.0240000000000009,9428.0,65575.0,below,1.0
9242.0,-0.0199999999999995,9258.0,56125.0,below,1.0
8158.0,-0.0180000000000006,8.17,64.6,below,1.0
-0.0060000000000002,2196.0,8086.0,76.05,below,1.0
8116.0,-0.0219999999999984,8126.0,56.3,below,1.0
9.58,-0.0240000000000009,9592.0,62.05000000000001,below,1.0
-0.009999999999998,2148.0,8.04,73725.0,below,1.0
8326.0,-0.0240000000000009,8338.0,55.750000000000014,below,1.0
9474.0,-0.0219999999999984,9482.0,70025.0,below,0.0
8936.0,-0.0159999999999982,8954.0,56975.0,below,1.0
8962.0,-0.0240000000000009,8974.0,53.42499999999998,below,1.0
-0.0019999999999988,1.2919999999999998,9774.0,78.69999999999999,below,1.0
9096.0,-0.0240000000000009,9108.0,57.875000000000014,below,1.0
10064.0,-0.0159999999999982,10064.0,74825.0,below,1.0
8192.0,-0.0139999999999993,8202.0,59575.0,below,1.0
9.62,-0.0139999999999993,9634.0,72.24999999999999,below,1.0
8746.0,-0.0199999999999995,8756.0,56.525000000000006,below,1.0
9662.0,-0.0219999999999984,9672.0,62.94999999999999,below,1.0
8.04,-0.0139999999999993,8054.0,58375.0,below,1.0
-0.0159999999999982,-0.0219999999999984,9.16,53.60000000000001,below,1.0
-0.0079999999999991,2.2140000000000004,8168.0,75075.0,below,1.0
8236.0,-0.0159999999999982,8252.0,57.82499999999999,below,1.0
9448.0,-0.0199999999999995,9462.0,64.95,below,1.0
-0.0079999999999991,2068.0,7882.0,73.35000000000001,below,1.0
-0.0040000000000013,-0.0139999999999993,9916.0,67.85000000000001,below,1.0
8156.0,-0.0219999999999984,8172.0,54725.0,below,1.0
8374.0,-0.0120000000000004,8394.0,60.2,below,1.0
9708.0,-0.0219999999999984,9.72,59.60000000000001,below,1.0
-0.0139999999999993,-0.0139999999999993,8506.0,65.14999999999999,below,1.0
8498.0,-0.0240000000000009,8.51,54.62499999999999,below,1.0
9886.0,-0.0139999999999993,9898.0,72.85,below,1.0
-0.0139999999999993,-0.0139999999999993,8506.0,65.14999999999999,below,1.0
8148.0,-0.0240000000000009,8158.0,54.0,below,1.0
-0.0180000000000006,-0.0219999999999984,8032.0,55.60000000000001,below,1.0
9526.0,-0.0219999999999984,9538.0,61.97500000000001,below,1.0
8352.0,-0.0219999999999984,8364.0,60.05,below,1.0
8766.0,-0.0259999999999998,8.77,46125.0,below,0.0
8.6,-0.0240000000000009,8608.0,56075.0,below,0.0
8356.0,-0.0199999999999995,8.37,60.67499999999998,below,1.0
9748.0,-0.0240000000000009,9756.0,63425.0,below,1.0
-0.0079999999999991,1686.0,8186.0,75.15,below,1.0
9462.0,-0.0219999999999984,9476.0,63375.0,below,1.0
9278.0,-0.0240000000000009,9292.0,58.875000000000014,below,1.0
10064.0,-0.0240000000000009,10062.0,72.57499999999999,below,1.0
8.06,-0.0199999999999995,8074.0,51.69999999999999,below,1.0
8476.0,-0.0219999999999984,8486.0,58125.0,below,1.0
8542.0,-0.0219999999999984,8554.0,58575.0,below,1.0
8566.0,-0.0219999999999984,8576.0,56975.0,below,1.0
9816.0,-0.0240000000000009,9826.0,56425.0,below,1.0
-0.0120000000000004,-0.0180000000000006,9256.0,55.77499999999999,below,1.0
9602.0,-0.0259999999999998,9614.0,64375.0,below,1.0
9658.0,-0.0159999999999982,9676.0,58.94999999999999,below,1.0
-0.0060000000000002,1.7620000000000005,8.96,76.29999999999998,below,1.0
-0.009999999999998,2.033999999999999,8906.0,73.42500000000001,below,1.0
8888.0,-0.0240000000000009,8898.0,59.275000000000006,below,1.0
8788.0,-0.0219999999999984,8804.0,52.82500000000002,below,1.0
9892.0,-0.0180000000000006,9.9,73.50000000000001,below,1.0
9184.0,-0.0180000000000006,9.2,58575.0,below,1.0
9.26,-0.0240000000000009,9272.0,57.2,below,1.0
-0.0040000000000013,0.6939999999999991,8458.0,80975.0,below,1.0
8242.0,-0.0240000000000009,8252.0,54325.0,below,1.0
9232.0,-0.0219999999999984,9246.0,59.5,below,1.0
8338.0,-0.0199999999999995,8352.0,64.92500000000001,below,1.0
-0.009999999999998,1.661999999999999,8408.0,75.69999999999999,below,1.0
-0.0139999999999993,-0.0139999999999993,8506.0,65.14999999999999,above,0.0
-0.009999999999998,2.0500000000000007,8376.0,76025.0,below,1.0
-0.0180000000000006,-0.0219999999999984,8426.0,57575.0,below,1.0
9.94,-0.0199999999999995,9944.0,70.95,below,1.0
-0.0040000000000013,1.5540000000000005,7818.0,73925.0,below,1.0
8742.0,-0.0240000000000009,8.75,52.60000000000001,below,0.0
-0.009999999999998,0.7220000000000013,8684.0,74.22500000000001,below,1.0
9.12,-0.0240000000000009,9134.0,59425.0,below,1.0
8828.0,-0.0180000000000006,8846.0,56.77499999999999,below,1.0
-0.0040000000000013,1878.0,7888.0,76.69999999999999,below,1.0
9126.0,-0.0240000000000009,9.14,57.1,below,1.0
8856.0,-0.0279999999999986,8868.0,58325.0,below,1.0
8464.0,-0.0199999999999995,8478.0,63.900000000000006,below,1.0
8158.0,-0.0180000000000006,8.17,64.6,above,0.0
8858.0,-0.0240000000000009,8868.0,61.07499999999999,below,0.0
8366.0,-0.009999999999998,8386.0,64.5,below,1.0
8126.0,-0.0199999999999995,8142.0,54.650000000000006,below,1.0
8292.0,-0.0180000000000006,8306.0,56.2,below,1.0
8306.0,-0.0199999999999995,8.32,50.52499999999999,below,1.0
9.78,-0.0259999999999998,9788.0,65775.0,below,1.0
8062.0,-0.0199999999999995,8076.0,55.02499999999999,below,1.0
9928.0,-0.0159999999999982,9936.0,60.87499999999999,below,1.0
-0.0259999999999998,-0.0219999999999984,8114.0,59.650000000000006,below,1.0
9188.0,-0.0240000000000009,9202.0,53.82499999999999,below,1.0
8246.0,-0.0240000000000009,8258.0,58.0,below,1.0
-0.0279999999999986,-0.0240000000000009,8.07,51325.0,below,1.0
8.06,-0.0199999999999995,8072.0,59975.0,below,1.0
8.94,-0.0240000000000009,8952.0,57.3,below,1.0
9096.0,-0.0180000000000006,9108.0,63.5,below,1.0
8772.0,-0.0219999999999984,8.78,69.95,below,0.0
9466.0,-0.0259999999999998,9478.0,63.99999999999999,below,1.0
-0.0279999999999986,-0.0199999999999995,8.14,60.87499999999999,below,1.0
-0.0139999999999993,-0.0219999999999984,9598.0,66.65,below,1.0
9962.0,-0.0199999999999995,9968.0,58.0,below,1.0
8.91,-0.0199999999999995,8924.0,65.65,below,1.0
9178.0,-0.0199999999999995,9192.0,61.97500000000001,below,1.0
9162.0,-0.0259999999999998,9176.0,55.72500000000001,below,1.0
9838.0,-0.0240000000000009,9846.0,68.45000000000002,below,1.0
9138.0,-0.0159999999999982,9152.0,68.85,below,1.0
9546.0,-0.0219999999999984,9554.0,60475.0,below,0.0
8942.0,-0.0240000000000009,8954.0,59.89999999999999,below,1.0
9338.0,-0.0219999999999984,9348.0,62.400000000000006,below,1.0
8408.0,-0.0219999999999984,8422.0,48825.0,below,1.0
9472.0,-0.0240000000000009,9.48,67575.0,below,0.0
8868.0,-0.0219999999999984,8882.0,63.45,below,1.0
10038.0,-0.0159999999999982,10048.0,66.95,below,1.0
8436.0,-0.0259999999999998,8.45,47725.0,below,1.0
9484.0,-0.0199999999999995,9504.0,57.54999999999998,below,1.0
9.85,-0.0219999999999984,9.86,69475.0,below,1.0
-0.0120000000000004,-0.0240000000000009,10072.0,64625.0,below,0.0
-0.0279999999999986,-0.0040000000000013,8074.0,53925.0,below,1.0
8156.0,-0.0240000000000009,8166.0,50825.0,below,1.0
8.27,-0.0199999999999995,8.29,49875.0,below,1.0
9294.0,-0.0259999999999998,9306.0,54125.0,below,1.0
9534.0,-0.0219999999999984,9544.0,65.17500000000001,below,1.0
8912.0,-0.0159999999999982,8928.0,66.65,below,1.0
-0.0060000000000002,0.6679999999999993,8446.0,81.07500000000002,below,1.0
8366.0,-0.0199999999999995,8382.0,51.625000000000014,below,1.0
-0.0060000000000002,0.5240000000000009,9306.0,73.55000000000001,below,1.0
8482.0,-0.0259999999999998,8488.0,67775.0,below,0.0
10104.0,-0.0199999999999995,10104.0,73.42500000000001,below,1.0
8834.0,-0.0219999999999984,8848.0,60.67499999999998,below,1.0
9.31,-0.0219999999999984,9322.0,61.1,below,1.0
8158.0,-0.0219999999999984,8172.0,57.80000000000001,below,1.0
8862.0,-0.0259999999999998,8876.0,52.82500000000002,below,1.0
9.63,-0.0199999999999995,9.64,68.75,below,1.0
8158.0,-0.0180000000000006,8.17,64.6,below,1.0
8624.0,-0.0219999999999984,8634.0,52725.0,below,1.0
10078.0,-0.0219999999999984,10076.0,48825.0,below,1.0
10038.0,-0.0180000000000006,10038.0,73725.0,below,1.0
9292.0,-0.0199999999999995,9308.0,55.82499999999999,below,1.0
9364.0,-0.0219999999999984,9376.0,67.52499999999999,below,1.0
8438.0,-0.0199999999999995,8.45,53.62499999999999,below,1.0
-0.0079999999999991,1.4480000000000004,7.912000000000001,75.0,below,1.0
10034.0,-0.0240000000000009,10036.0,63.97500000000001,below,1.0
9234.0,-0.0219999999999984,9248.0,63375.0,below,1.0
8238.0,-0.0240000000000009,8248.0,49.45,below,1.0
-0.0139999999999993,-0.0279999999999986,9532.0,59.67499999999998,below,0.0
-0.009999999999998,0.1340000000000003,9518.0,73.35000000000001,below,0.0
8146.0,-0.0240000000000009,8152.0,58.0,below,0.0
8368.0,-0.0219999999999984,8382.0,48925.0,below,1.0
8506.0,-0.0219999999999984,8518.0,56.1,below,1.0
9192.0,-0.0219999999999984,9204.0,66825.0,below,1.0
9036.0,-0.0240000000000009,9048.0,54.82499999999999,below,1.0
-0.0120000000000004,-0.0240000000000009,4084.0,37.64999999999999,below,1.0
8404.0,-0.0240000000000009,8416.0,58.82499999999999,below,1.0
9866.0,-0.0199999999999995,9874.0,71.44999999999999,below,1.0
-0.009999999999998,-0.0159999999999982,10082.0,72.64999999999999,below,1.0
8108.0,-0.009999999999998,8.13,59.07500000000002,below,1.0
9866.0,-0.0199999999999995,9878.0,59.2,below,1.0
9894.0,-0.0240000000000009,9898.0,66025.0,below,1.0
8.6,-0.0180000000000006,8612.0,60.775000000000006,below,1.0
9846.0,-0.0219999999999984,9852.0,71.75,below,0.0
8244.0,-0.0199999999999995,8258.0,62.400000000000006,below,1.0
8726.0,-0.0180000000000006,8738.0,64.97500000000001,below,1.0
9414.0,-0.0259999999999998,9422.0,67.25000000000001,below,0.0
8442.0,-0.0219999999999984,8456.0,58.45,below,1.0
9258.0,-0.0180000000000006,9272.0,59375.0,below,1.0
8456.0,-0.0199999999999995,8468.0,62.87499999999999,below,1.0
9772.0,-0.0159999999999982,9786.0,65.6,below,1.0
9.05,-0.0240000000000009,9.06,63.35,below,1.0
-0.0159999999999982,-0.0219999999999984,8984.0,66.25000000000001,below,1.0
8706.0,-0.0240000000000009,8716.0,53225.0,below,1.0
8.35,-0.0159999999999982,8368.0,57.47500000000001,below,1.0
-0.0139999999999993,-0.0240000000000009,9306.0,64575.0,below,0.0
9266.0,-0.0240000000000009,9278.0,56.650000000000006,below,1.0
9.81,-0.0199999999999995,9818.0,68.95,below,1.0
8286.0,-0.0199999999999995,8.3,50.35000000000001,below,1.0
8334.0,-0.0219999999999984,8348.0,62375.0,below,1.0
9.53,-0.0199999999999995,9.54,60575.0,below,1.0
9836.0,-0.0240000000000009,9844.0,63.650000000000006,below,1.0
8538.0,-0.0219999999999984,8.55,56.05,below,1.0
9.57,-0.0199999999999995,9586.0,59.07500000000002,below,1.0
-0.0079999999999991,2022.0,8888.0,76975.0,below,1.0
9048.0,-0.0219999999999984,9058.0,61175.0,below,1.0
8854.0,-0.0199999999999995,8868.0,65.25000000000001,below,1.0
-0.0240000000000009,-0.0219999999999984,8308.0,53.525000000000006,below,1.0
9.21,-0.0139999999999993,9228.0,61375.0,below,1.0
9.82,-0.0259999999999998,9826.0,68.55,below,0.0
8418.0,-0.0240000000000009,8.43,51325.0,below,1.0
9556.0,-0.0180000000000006,9.57,67625.0,below,1.0
9696.0,-0.0240000000000009,9708.0,59425.0,below,1.0
9262.0,-0.0159999999999982,9278.0,58.07500000000002,below,1.0
8418.0,-0.0219999999999984,8.43,52.57499999999999,below,1.0
8106.0,-0.0240000000000009,8118.0,52.0,below,1.0
-0.009999999999998,1.524000000000001,8184.0,75.22500000000001,below,1.0
8156.0,-0.0180000000000006,8166.0,58.0,below,1.0
9388.0,-0.0180000000000006,9402.0,68475.0,below,1.0
9344.0,-0.0199999999999995,9358.0,56.400000000000006,below,1.0
-0.0180000000000006,-0.0219999999999984,8626.0,62675.0,below,1.0
8788.0,-0.0219999999999984,8.8,56.275000000000006,below,1.0
-0.0060000000000002,2.0380000000000003,7.731999999999999,72.75,below,1.0
9074.0,-0.0180000000000006,9088.0,69.7,below,1.0
9.61,-0.0240000000000009,9622.0,61.75,below,1.0
8972.0,-0.0219999999999984,8984.0,65675.0,below,1.0
8.37,-0.0219999999999984,8384.0,53875.0,below,1.0
8226.0,-0.0180000000000006,8244.0,55.0,below,1.0
-0.0259999999999998,-0.0180000000000006,8046.0,61475.0,below,1.0
9612.0,-0.0159999999999982,9626.0,72825.0,below,1.0
9422.0,-0.0219999999999984,9.44,56.74999999999999,below,1.0
8934.0,-0.0240000000000009,8948.0,52.22500000000001,below,1.0
9754.0,-0.0199999999999995,9766.0,63.07499999999999,below,1.0
8716.0,-0.0159999999999982,8736.0,56.80000000000001,below,1.0
9304.0,-0.0219999999999984,9.31,68875.0,below,0.0
8896.0,-0.0240000000000009,8906.0,49325.0,below,1.0
8572.0,-0.0219999999999984,8588.0,50.49999999999999,below,1.0
8194.0,-0.0259999999999998,8198.0,61.85000000000001,below,0.0
-0.0219999999999984,-0.0139999999999993,8086.0,64.55,below,1.0
9454.0,-0.0240000000000009,9462.0,62475.0,below,1.0
8802.0,-0.0219999999999984,8816.0,52975.0,below,1.0
8992.0,-0.0259999999999998,9002.0,62.6,below,0.0
8138.0,-0.0199999999999995,8.15,55.5,below,1.0
-0.0199999999999995,-0.0159999999999982,8398.0,62225.0,below,1.0
8854.0,-0.0180000000000006,8.87,60475.0,below,1.0
8472.0,-0.0180000000000006,8.49,61.55,below,1.0
-0.0079999999999991,2.216000000000001,8164.0,75825.0,below,1.0
8274.0,-0.0240000000000009,8284.0,55.89999999999999,above,0.0
9614.0,-0.0199999999999995,9626.0,61.97500000000001,below,1.0
-0.0120000000000004,-0.0240000000000009,9902.0,69825.0,below,1.0
8662.0,-0.0199999999999995,8676.0,60975.0,below,1.0
-0.0060000000000002,2.065999999999999,7.859999999999999,74.4,below,1.0
9122.0,-0.0180000000000006,9142.0,57.60000000000001,below,1.0
8956.0,-0.0240000000000009,8968.0,55975.0,below,1.0
-0.009999999999998,0.6440000000000001,9214.0,75025.0,below,1.0
8454.0,-0.0199999999999995,8.47,55075.0,below,1.0
9016.0,-0.0199999999999995,9034.0,55.82499999999999,below,1.0
9.19,-0.0199999999999995,9.2,68.27499999999999,below,0.0
9.89,-0.0199999999999995,9902.0,62.775000000000006,below,1.0
9142.0,-0.0219999999999984,9158.0,58.02499999999999,below,1.0
8606.0,-0.0199999999999995,8.62,61375.0,below,1.0
9.14,-0.0180000000000006,9154.0,68.35,below,1.0
8754.0,-0.0240000000000009,8764.0,60.55,below,1.0
9.18,-0.0199999999999995,9194.0,59.07500000000002,below,1.0
9528.0,-0.0240000000000009,9.54,66.39999999999999,below,1.0
9604.0,-0.0219999999999984,9616.0,63.97500000000001,below,1.0
-0.0040000000000013,0.6900000000000013,8398.0,82275.0,below,1.0
8.39,-0.0199999999999995,8.4,53.2,below,1.0
9526.0,-0.0279999999999986,9538.0,49725.0,below,1.0
-0.0120000000000004,0.1559999999999988,9812.0,65575.0,below,1.0
-0.0060000000000002,2.411999999999999,7.428000000000001,69.64999999999999,below,1.0
8728.0,-0.0199999999999995,8744.0,59.67499999999998,below,1.0
-0.009999999999998,0.6400000000000006,8686.0,73875.0,below,1.0
-0.0079999999999991,1.85,9472.0,74.42500000000001,below,1.0
-0.0159999999999982,-0.0219999999999984,8568.0,56.60000000000001,below,1.0
9722.0,-0.0219999999999984,9734.0,63.97500000000001,below,1.0
9.83,-0.0240000000000009,9.84,68.27499999999999,below,1.0
-0.009999999999998,-0.0159999999999982,8966.0,71.64999999999999,below,1.0
9542.0,-0.0199999999999995,9558.0,53.77499999999999,below,1.0
8318.0,-0.0159999999999982,8332.0,62.99999999999999,below,1.0
9152.0,-0.0240000000000009,9166.0,56925.0,below,1.0
9162.0,-0.0240000000000009,9168.0,66.17500000000001,below,0.0
9478.0,-0.0219999999999984,9.49,61.775000000000006,below,1.0
8454.0,-0.0139999999999993,8478.0,58.47500000000001,below,1.0
-0.0060000000000002,0.6900000000000013,8438.0,81.47500000000002,below,1.0
8884.0,-0.0240000000000009,8898.0,52.525000000000006,below,1.0
8.24,-0.0139999999999993,8256.0,65.45,below,1.0
8386.0,-0.0199999999999995,8398.0,62.650000000000006,below,1.0
8704.0,-0.0159999999999982,8726.0,57075.0,below,1.0
-0.0120000000000004,0.5800000000000001,8686.0,73925.0,below,1.0
8118.0,-0.0240000000000009,8128.0,55.72500000000001,below,1.0
9138.0,-0.0199999999999995,9154.0,59.74999999999999,below,1.0
-0.0079999999999991,2.039999999999999,8896.0,77.4,below,1.0
9644.0,-0.0219999999999984,9654.0,70.7,below,1.0
9806.0,-0.0180000000000006,9818.0,68.55,below,1.0
9896.0,-0.0259999999999998,9908.0,59375.0,below,1.0
8.79,-0.0219999999999984,8804.0,56.74999999999999,below,1.0
-0.0180000000000006,-0.0240000000000009,8992.0,64.85000000000001,below,1.0
8536.0,-0.0199999999999995,8.55,61375.0,below,1.0
8868.0,-0.0180000000000006,8884.0,57075.0,below,1.0
-0.0120000000000004,1.9879999999999995,8908.0,73.25,below,1.0
8982.0,-0.0139999999999993,8996.0,65425.0,below,1.0
9688.0,-0.0180000000000006,9704.0,59.87499999999999,below,1.0
8158.0,-0.0180000000000006,8.17,64.6,above,0.0
9526.0,-0.0199999999999995,9538.0,66.45,below,1.0
8396.0,-0.0279999999999986,8406.0,50925.0,below,1.0
9798.0,-0.0240000000000009,9.81,63175.0,below,1.0
8352.0,-0.0139999999999993,8372.0,56.80000000000001,below,1.0
8.8,-0.0219999999999984,8814.0,65.05000000000001,below,1.0
9.34,-0.0240000000000009,9348.0,72.52499999999999,below,0.0
8646.0,-0.0219999999999984,8658.0,56175.0,below,1.0
8288.0,-0.0219999999999984,8304.0,51.6,below,1.0
9124.0,-0.0180000000000006,9144.0,58.3,below,1.0
8954.0,-0.0240000000000009,8966.0,61475.0,below,1.0
8.99,-0.0219999999999984,9004.0,58.400000000000006,below,1.0
9102.0,-0.0159999999999982,9118.0,68.12499999999999,below,1.0
9472.0,-0.0199999999999995,9484.0,63.75,below,1.0
8608.0,-0.0219999999999984,8622.0,61575.0,below,1.0
9252.0,-0.0180000000000006,9266.0,66.6,below,1.0
9398.0,-0.0219999999999984,9.41,61.80000000000001,below,1.0
8826.0,-0.0199999999999995,8838.0,65.75,below,1.0
8504.0,-0.0240000000000009,8518.0,59.400000000000006,below,1.0
9276.0,-0.0219999999999984,9288.0,60.80000000000001,below,1.0
-0.0139999999999993,-0.0240000000000009,9338.0,58.72500000000001,below,1.0
-0.009999999999998,1808.0,9.38,74.70000000000002,below,1.0
9344.0,-0.0199999999999995,9362.0,50925.0,below,1.0
-0.0139999999999993,0.1679999999999992,9824.0,58.2,below,1.0
8078.0,-0.0199999999999995,8096.0,55.3,below,1.0
8142.0,-0.0240000000000009,8152.0,53.69999999999999,below,1.0
-0.0079999999999991,2.0279999999999987,7776.0,73925.0,below,1.0
9772.0,-0.0240000000000009,9782.0,64.97500000000001,below,1.0
8.48,-0.0219999999999984,8496.0,54.02499999999999,below,1.0
8.1,-0.0199999999999995,8.11,58.275000000000006,below,1.0
8726.0,-0.0259999999999998,8738.0,56.3,below,1.0
8492.0,-0.0219999999999984,8.5,56.400000000000006,below,1.0
8.65,-0.0199999999999995,8662.0,62.79999999999998,below,1.0
-0.009999999999998,2.2220000000000013,7052.0,72.35000000000001,below,1.0
9024.0,-0.0240000000000009,9036.0,61125.0,below,1.0
8094.0,-0.0219999999999984,8106.0,54075.0,below,1.0
10036.0,-0.0259999999999998,10042.0,70675.0,below,1.0
9576.0,-0.0199999999999995,9.59,67.27499999999999,below,1.0
9272.0,-0.0259999999999998,9.28,58.82499999999999,below,0.0
9.05,-0.0240000000000009,9.06,61.1,below,1.0
9.46,-0.0219999999999984,9472.0,61.35,below,1.0
8822.0,-0.0219999999999984,8834.0,59.775000000000006,below,1.0
9.14,-0.0199999999999995,9154.0,65.10000000000001,below,1.0
8.74,-0.0180000000000006,8754.0,59.525000000000006,below,1.0
9332.0,-0.0219999999999984,9344.0,61.20000000000002,below,1.0
8228.0,-0.0159999999999982,8.24,54925.0,below,1.0
8916.0,-0.0180000000000006,8934.0,56.2,below,1.0
8.84,-0.0159999999999982,8856.0,57.2,below,1.0
8892.0,-0.0240000000000009,8904.0,56.89999999999999,below,1.0
9224.0,-0.0219999999999984,9238.0,60.400000000000006,below,1.0
9908.0,-0.0240000000000009,9914.0,62375.0,below,1.0
-0.0199999999999995,-0.0240000000000009,8676.0,55.60000000000001,below,1.0
8212.0,-0.0240000000000009,8224.0,61.25,below,1.0
8.85,-0.0240000000000009,8862.0,53.3,below,1.0
-0.0120000000000004,-0.0199999999999995,9686.0,74125.0,below,1.0
8.83,-0.0199999999999995,8842.0,65.17500000000001,below,1.0
-0.0139999999999993,-0.0139999999999993,8506.0,65.14999999999999,above,0.0
9248.0,-0.0219999999999984,9264.0,48625.0,below,1.0
8446.0,-0.0240000000000009,8452.0,68675.0,below,0.0
8158.0,-0.0180000000000006,8.17,64.6,below,1.0
-0.0139999999999993,-0.0139999999999993,8506.0,65.14999999999999,below,1.0
8538.0,-0.0219999999999984,8548.0,57.400000000000006,below,0.0
8704.0,-0.0219999999999984,8716.0,54975.0,below,1.0
9562.0,-0.0139999999999993,9574.0,72675.0,below,1.0
8.99,-0.0219999999999984,9004.0,60.85000000000001,below,1.0
8.65,-0.0199999999999995,8668.0,57.0,below,1.0
-0.0120000000000004,-0.0259999999999998,10.17,68.8,below,0.0
8346.0,-0.0219999999999984,8358.0,61.1,below,1.0
-0.0139999999999993,-0.0180000000000006,9044.0,54.1,below,1.0
8.34,-0.0199999999999995,8.35,59575.0,below,1.0
9148.0,-0.0240000000000009,9164.0,58.14999999999999,below,1.0
8.36,-0.0219999999999984,8.37,50.37499999999999,below,1.0
9.48,-0.0199999999999995,9498.0,54.42499999999998,below,1.0
9334.0,-0.0219999999999984,9346.0,66.85000000000001,below,1.0
8796.0,-0.0159999999999982,8.81,56.5,below,1.0
8834.0,-0.0180000000000006,8846.0,56.67500000000001,below,1.0
9146.0,-0.0199999999999995,9164.0,57.400000000000006,below,1.0
8358.0,-0.0180000000000006,8.37,65475.0,below,1.0
9.18,-0.0159999999999982,9192.0,61675.0,below,1.0
9164.0,-0.0219999999999984,9182.0,53.2,below,1.0
10.07,-0.0139999999999993,10072.0,58.0,below,1.0
9212.0,-0.0259999999999998,9216.0,65825.0,below,0.0
9.2,-0.0199999999999995,9218.0,56.60000000000001,below,1.0
8442.0,-0.0120000000000004,8456.0,65825.0,below,1.0
9588.0,-0.0219999999999984,9602.0,67.65,below,1.0
8328.0,-0.0180000000000006,8.34,62225.0,below,1.0
10188.0,0.1900000000000012,10178.0,63.07499999999999,below,1.0
9.68,-0.0259999999999998,9692.0,61.85000000000001,below,1.0
9904.0,-0.0240000000000009,9914.0,70.22500000000001,below,1.0
9502.0,-0.0259999999999998,9514.0,55325.0,below,1.0
-0.0120000000000004,-0.0199999999999995,10.16,70125.0,below,1.0
9.5,-0.0240000000000009,9504.0,70.85,below,0.0
9598.0,-0.0180000000000006,9612.0,70.35,below,1.0
9.72,-0.0219999999999984,9732.0,65.55,below,1.0
-0.0139999999999993,-0.0139999999999993,8506.0,65.14999999999999,below,1.0
9.64,-0.0199999999999995,9656.0,58125.0,below,1.0
-0.009999999999998,2.0180000000000007,8.91,72.85,below,1.0
8816.0,-0.0199999999999995,8832.0,64.65,below,1.0
9382.0,-0.0240000000000009,9394.0,64475.0,below,1.0
9718.0,-0.0240000000000009,9728.0,65025.0,below,0.0
9.46,-0.0259999999999998,9466.0,61.900000000000006,below,0.0
-0.0060000000000002,2.0599999999999987,7.853999999999999,74.05,below,1.0
-0.0079999999999991,2.097999999999999,7.917999999999999,75075.0,below,1.0
8204.0,-0.0259999999999998,8.21,43.45,below,0.0
8632.0,-0.0240000000000009,8646.0,55925.0,below,1.0
8.72,-0.0219999999999984,8732.0,54725.0,below,1.0
-0.0060000000000002,2.0700000000000003,8392.0,76.2,below,1.0
9798.0,-0.0240000000000009,9.81,69675.0,below,1.0
9.19,-0.0199999999999995,9.2,60975.0,below,1.0
8.32,-0.0180000000000006,8332.0,62.775000000000006,below,1.0
9442.0,-0.0159999999999982,9456.0,58425.0,below,1.0
8708.0,-0.0219999999999984,8.72,54.42499999999998,below,1.0
8.29,-0.0259999999999998,8302.0,57.69999999999999,below,1.0
9428.0,-0.0219999999999984,9442.0,66.05000000000001,below,1.0
-0.0079999999999991,1.9220000000000008,7.923999999999999,74.95,below,1.0
9618.0,-0.0159999999999982,9638.0,60475.0,below,1.0
8586.0,-0.0199999999999995,8602.0,56.275000000000006,below,1.0
8654.0,-0.0240000000000009,8666.0,56.2,below,1.0
8486.0,-0.0219999999999984,8.5,53.25,below,1.0
8756.0,-0.0199999999999995,8.77,65.35,below,1.0
8.26,-0.0240000000000009,8272.0,57.74999999999999,below,1.0
-0.0219999999999984,-0.0219999999999984,8452.0,58.775000000000006,below,1.0
8142.0,-0.0240000000000009,8152.0,49325.0,below,1.0
8256.0,-0.0199999999999995,8266.0,59.275000000000006,below,1.0
8414.0,-0.0240000000000009,8424.0,59.7,below,0.0
-0.0159999999999982,-0.0219999999999984,9344.0,53325.0,below,1.0
-0.0199999999999995,-0.0240000000000009,8654.0,56.67500000000001,below,1.0
8926.0,-0.0219999999999984,8.94,54.42499999999998,below,1.0
-0.0120000000000004,-0.0180000000000006,8842.0,56.2,below,1.0
8536.0,-0.0199999999999995,8548.0,63175.0,below,1.0
8438.0,-0.0139999999999993,8458.0,59.67499999999998,below,1.0
10.06,-0.0240000000000009,10066.0,73.15,below,0.0
9536.0,-0.0159999999999982,9554.0,56.69999999999999,below,1.0
8.78,-0.0240000000000009,8796.0,58.775000000000006,below,1.0
8464.0,-0.0259999999999998,8474.0,48.52499999999999,below,1.0
8722.0,-0.0139999999999993,8738.0,57575.0,below,1.0
9496.0,-0.0199999999999995,9508.0,65.65,below,1.0
9556.0,-0.0219999999999984,9572.0,54.47500000000001,below,1.0
-0.0139999999999993,-0.0139999999999993,8506.0,65.14999999999999,above,0.0
8954.0,-0.0180000000000006,8968.0,64425.0,below,1.0
9718.0,-0.0240000000000009,9728.0,65025.0,above,0.0
8222.0,-0.0259999999999998,8236.0,55975.0,below,1.0
8.47,-0.0219999999999984,8482.0,54.400000000000006,below,1.0
9256.0,-0.0219999999999984,9.27,53.57499999999999,below,1.0
10014.0,-0.0219999999999984,10.02,62.900000000000006,below,1.0
8274.0,-0.0240000000000009,8284.0,55.89999999999999,below,1.0
10146.0,-0.0240000000000009,10142.0,61.60000000000001,below,1.0
8158.0,-0.0180000000000006,8.17,64.6,below,1.0
9442.0,-0.0180000000000006,9454.0,61475.0,below,1.0
9.09,-0.0240000000000009,9104.0,61675.0,below,1.0
8406.0,-0.0240000000000009,8.42,57.3,below,1.0
8154.0,-0.0199999999999995,8166.0,55375.0,below,1.0
9822.0,-0.0240000000000009,9.83,70.64999999999999,below,0.0
8546.0,-0.0159999999999982,8.56,66.19999999999999,below,1.0
-0.0159999999999982,-0.0240000000000009,9164.0,61.07499999999999,below,1.0
9166.0,-0.0219999999999984,9178.0,63.55,below,1.0
8718.0,-0.0199999999999995,8.73,57075.0,below,1.0
8.95,-0.0199999999999995,8964.0,57.67500000000001,below,1.0
8.21,-0.0240000000000009,8218.0,55.47500000000001,below,0.0
9702.0,-0.0219999999999984,9712.0,70.85,below,1.0
-0.0120000000000004,0.6419999999999995,9.2,74.70000000000002,below,1.0
8612.0,-0.0219999999999984,8622.0,56.0,below,1.0
9242.0,-0.0240000000000009,9258.0,59175.0,below,1.0
9452.0,-0.0219999999999984,9464.0,60975.0,below,1.0
9494.0,-0.0199999999999995,9506.0,67225.0,below,1.0
9496.0,-0.0240000000000009,9508.0,60.1,below,1.0
8288.0,-0.0219999999999984,8.3,55.525000000000006,below,1.0
9796.0,-0.0219999999999984,9808.0,70.0,below,1.0
9368.0,-0.0159999999999982,9.39,59175.0,below,1.0
9614.0,-0.0219999999999984,9626.0,66775.0,below,1.0
9.36,-0.0240000000000009,9376.0,53.1,below,1.0
8.62,-0.0240000000000009,8634.0,52.64999999999999,below,1.0
8946.0,-0.0259999999999998,8954.0,61.07499999999999,below,0.0
8.91,-0.0240000000000009,8924.0,61.75,below,1.0
8252.0,-0.0199999999999995,8266.0,64.45,below,1.0
8.33,-0.0180000000000006,8348.0,54.25,below,1.0
9634.0,-0.0180000000000006,9.65,56.62499999999999,below,1.0
8.45,-0.0219999999999984,8462.0,60.775000000000006,below,1.0
-0.0139999999999993,-0.0199999999999995,8774.0,61.07499999999999,below,0.0
8358.0,-0.0240000000000009,8.37,57575.0,below,1.0
10082.0,-0.0219999999999984,10082.0,60975.0,below,1.0
8.42,-0.0219999999999984,8432.0,55.02499999999999,below,1.0
9374.0,-0.0240000000000009,9382.0,70.35,below,0.0
8.44,-0.0180000000000006,8456.0,68.17500000000001,below,1.0
8672.0,-0.0259999999999998,8686.0,53075.0,below,1.0
8626.0,-0.0159999999999982,8644.0,60.3,below,1.0
8578.0,-0.0159999999999982,8594.0,58.3,below,1.0
9026.0,-0.0219999999999984,9042.0,56.62499999999999,below,1.0
8378.0,-0.0199999999999995,8394.0,60.3,below,1.0
8734.0,-0.0180000000000006,8.75,57.14999999999999,below,1.0
-0.009999999999998,-0.0240000000000009,10044.0,61.525000000000006,below,1.0
9998.0,-0.0240000000000009,10006.0,64825.0,below,1.0
8488.0,-0.0180000000000006,8504.0,57325.0,below,1.0
-0.0139999999999993,-0.0219999999999984,9992.0,47725.0,below,1.0
9722.0,-0.0199999999999995,9734.0,68925.0,below,1.0
8144.0,-0.0219999999999984,8154.0,56.3,below,1.0
9578.0,-0.0180000000000006,9596.0,62.75,below,1.0
9268.0,-0.0219999999999984,9282.0,66.75,below,1.0
10.05,-0.0259999999999998,10056.0,65.17500000000001,below,1.0
8184.0,-0.0259999999999998,8196.0,52.8,below,1.0
8112.0,-0.0199999999999995,8128.0,53925.0,below,1.0
9818.0,-0.0240000000000009,9826.0,69025.0,below,1.0
8.83,-0.0240000000000009,8.84,53.2,below,1.0
8392.0,-0.0219999999999984,8402.0,59.55,below,0.0
9162.0,-0.0180000000000006,9178.0,56.60000000000001,below,1.0
8976.0,-0.0219999999999984,8.99,62.5,below,1.0
8852.0,-0.0139999999999993,8872.0,58575.0,below,1.0
8894.0,-0.0219999999999984,8906.0,66375.0,below,1.0
9528.0,-0.0180000000000006,9544.0,58.0,below,1.0
8958.0,-0.0219999999999984,8966.0,62.1,below,0.0
9206.0,-0.0199999999999995,9218.0,69.52499999999999,below,1.0
-0.0139999999999993,-0.0139999999999993,8506.0,65.14999999999999,above,0.0
8.95,-0.0240000000000009,8962.0,57.80000000000001,below,1.0
-0.0060000000000002,2.0,8838.0,72.85,below,1.0
8.53,-0.0240000000000009,8.54,53.82499999999999,below,1.0
8.18,-0.0219999999999984,8192.0,58375.0,below,1.0
-0.0139999999999993,-0.0139999999999993,8506.0,65.14999999999999,below,1.0
9102.0,-0.0199999999999995,9118.0,65.35,below,1.0
8914.0,-0.0159999999999982,8932.0,57.67500000000001,below,1.0
8494.0,-0.0240000000000009,8508.0,50.75,below,1.0
9254.0,-0.0219999999999984,9.27,54.05,below,1.0
8636.0,-0.0159999999999982,8.65,57.3,below,1.0
9372.0,-0.0240000000000009,9384.0,53.275000000000006,below,1.0
8104.0,-0.0180000000000006,8118.0,54.3,below,1.0
9056.0,-0.0240000000000009,9064.0,62.000000000000014,below,0.0
-0.0240000000000009,-0.0219999999999984,8188.0,51.49999999999999,below,1.0
9556.0,-0.0219999999999984,9568.0,66.14999999999999,below,1.0
9.56,-0.0279999999999986,9566.0,66.85000000000001,below,0.0
9506.0,-0.0180000000000006,9518.0,68.45000000000002,below,1.0
9772.0,-0.0199999999999995,9784.0,71775.0,below,1.0
8672.0,-0.0199999999999995,8686.0,61625.0,below,1.0
9.25,-0.0240000000000009,9.26,60375.0,below,1.0
9268.0,-0.0199999999999995,9282.0,53.400000000000006,below,1.0
-0.0199999999999995,-0.0259999999999998,8686.0,54175.0,below,1.0
10072.0,-0.0180000000000006,10.07,70.64999999999999,below,1.0
8758.0,-0.0219999999999984,8772.0,50.8,below,1.0
9762.0,-0.0259999999999998,9774.0,67825.0,below,1.0
9.75,-0.0219999999999984,9764.0,67.85000000000001,below,1.0
9504.0,-0.0219999999999984,9518.0,67.85000000000001,below,1.0
8502.0,-0.0180000000000006,8508.0,62.6,below,0.0
8.16,-0.0219999999999984,8174.0,51.400000000000006,below,1.0
8116.0,-0.0180000000000006,8.13,54175.0,below,1.0
9.11,-0.0259999999999998,9116.0,65.95,below,0.0
9744.0,-0.0240000000000009,9756.0,63.97500000000001,below,1.0
8438.0,-0.0219999999999984,8.45,59.2,below,1.0
9518.0,-0.0219999999999984,9528.0,62.87499999999999,below,1.0
9978.0,-0.0159999999999982,9986.0,73.0,below,1.0
8128.0,-0.0199999999999995,8142.0,54325.0,below,1.0
9566.0,-0.0219999999999984,9.58,62.25,below,1.0
8.83,-0.0199999999999995,8846.0,57.2,below,1.0
8364.0,-0.0159999999999982,8382.0,57.67500000000001,below,1.0
8924.0,-0.0199999999999995,8936.0,58175.0,below,1.0
9004.0,-0.0159999999999982,9024.0,59.89999999999999,below,1.0
8.69,-0.0199999999999995,8702.0,58575.0,below,1.0
9.34,-0.0219999999999984,9354.0,64775.0,below,1.0
8.84,-0.0139999999999993,8858.0,60.25,below,1.0
9.98,-0.0199999999999995,9982.0,72825.0,below,0.0
8568.0,-0.0180000000000006,8586.0,56.60000000000001,below,1.0
8694.0,-0.0259999999999998,8708.0,48.2,below,1.0
8226.0,-0.0159999999999982,8246.0,59.85000000000001,below,1.0
-0.0120000000000004,0.3099999999999987,8742.0,70825.0,below,1.0
9912.0,-0.0259999999999998,9922.0,70275.0,below,1.0
9364.0,-0.0219999999999984,9378.0,49625.0,below,1.0
9.14,-0.0219999999999984,9154.0,60.80000000000001,below,1.0
9.03,-0.0199999999999995,9044.0,65.9,below,1.0
8526.0,-0.0219999999999984,8538.0,49.150000000000006,below,1.0
-0.0079999999999991,0.6340000000000003,9168.0,75.22500000000001,below,1.0
8.7,-0.0199999999999995,8716.0,54925.0,below,1.0
8274.0,-0.0240000000000009,8284.0,55.89999999999999,above,0.0
9.68,-0.0240000000000009,9692.0,67.25000000000001,below,1.0
9806.0,-0.0219999999999984,9816.0,65775.0,below,1.0
8158.0,-0.0180000000000006,8.17,64.6,below,1.0
9394.0,-0.0199999999999995,9406.0,57575.0,below,1.0
8.41,-0.0240000000000009,8426.0,50875.0,below,1.0
8434.0,-0.0180000000000006,8448.0,60.2,below,1.0
8464.0,-0.0219999999999984,8478.0,59.07500000000002,below,1.0
8312.0,-0.0159999999999982,8328.0,56.875000000000014,below,1.0
9066.0,-0.0219999999999984,9.08,57.80000000000001,below,1.0
8806.0,-0.0219999999999984,8.82,58.89999999999999,below,1.0
8612.0,-0.0139999999999993,8632.0,57975.0,below,1.0
9786.0,-0.0259999999999998,9796.0,68.25000000000001,below,1.0
9132.0,-0.0199999999999995,9144.0,65475.0,below,1.0
-0.0060000000000002,2042.0,8934.0,74725.0,below,1.0
8.27,-0.0199999999999995,8284.0,55.3,below,1.0
8.49,-0.0219999999999984,8506.0,41.25,below,1.0
9754.0,-0.0259999999999998,9762.0,69075.0,below,0.0
-0.0240000000000009,-0.0180000000000006,8.13,61.27499999999999,below,0.0
9158.0,-0.0199999999999995,9.17,62.900000000000006,below,1.0
9214.0,-0.0199999999999995,9228.0,63875.0,below,1.0
8464.0,-0.0219999999999984,8476.0,59.80000000000001,below,1.0
8678.0,-0.0219999999999984,8688.0,56.60000000000001,below,1.0
9714.0,-0.0279999999999986,9724.0,58.525000000000006,below,1.0
8.4,-0.0199999999999995,8414.0,54975.0,below,1.0
9364.0,-0.0219999999999984,9374.0,65.07499999999999,below,1.0
8184.0,-0.0240000000000009,8196.0,52925.0,below,1.0
-0.0120000000000004,-0.0219999999999984,9.66,68.30000000000001,below,1.0
-0.0120000000000004,0.8879999999999999,8.64,73925.0,below,0.0
8362.0,-0.0159999999999982,8.38,64.05000000000001,below,1.0
-0.0040000000000013,1.9819999999999995,8098.0,76.89999999999999,below,1.0
-0.0219999999999984,-0.0259999999999998,8758.0,50.64999999999999,below,1.0
8242.0,-0.0159999999999982,8262.0,54.69999999999999,below,1.0
-0.0159999999999982,-0.0199999999999995,8654.0,59325.0,below,1.0
9434.0,-0.0180000000000006,9.45,58125.0,below,1.0
8378.0,-0.0199999999999995,8394.0,57175.0,below,1.0
8298.0,-0.0240000000000009,8312.0,57.2,below,1.0
9272.0,-0.0219999999999984,9286.0,56.400000000000006,below,1.0
9908.0,-0.0259999999999998,9914.0,63.5,below,1.0
8298.0,-0.0240000000000009,8308.0,50.85,below,1.0
8188.0,-0.0219999999999984,8202.0,58.875000000000014,below,1.0
9452.0,-0.0259999999999998,9458.0,52075.0,below,0.0
8238.0,-0.0240000000000009,8248.0,49.45,below,1.0
9198.0,-0.0199999999999995,9214.0,68725.0,below,1.0
9166.0,-0.0219999999999984,9176.0,69.75,below,0.0
10156.0,-0.0180000000000006,10148.0,70.64999999999999,below,1.0
9.5,-0.0199999999999995,9506.0,70.75,below,0.0
8.11,-0.0219999999999984,8.12,52925.0,below,1.0
9718.0,-0.0240000000000009,9728.0,65025.0,below,0.0
8374.0,-0.0159999999999982,8.39,59.1,below,1.0
-0.0139999999999993,-0.0139999999999993,8506.0,65.14999999999999,below,1.0
8572.0,-0.0219999999999984,8584.0,53725.0,below,1.0
8106.0,-0.0240000000000009,8116.0,51.22500000000001,below,1.0
9564.0,-0.0180000000000006,9578.0,67.27499999999999,below,1.0
9.91,-0.0240000000000009,9.92,68.35,below,1.0
8.4,-0.0199999999999995,8416.0,52.49999999999999,below,1.0
9664.0,-0.0259999999999998,9672.0,65.55,below,0.0
9784.0,-0.0159999999999982,9798.0,69.22500000000001,below,1.0
8506.0,-0.0240000000000009,8518.0,58.35,below,1.0
8536.0,-0.0240000000000009,8548.0,50675.0,below,1.0
8.14,-0.0180000000000006,8152.0,62625.0,below,1.0
8158.0,-0.0180000000000006,8.17,64.6,below,1.0
-0.0139999999999993,-0.0139999999999993,8506.0,65.14999999999999,below,1.0
8314.0,-0.0240000000000009,8324.0,53.45,below,1.0
8.18,-0.0199999999999995,8194.0,49.6,below,1.0
8748.0,-0.0240000000000009,8.76,58375.0,below,1.0
9048.0,-0.0240000000000009,9062.0,55.3,below,1.0
-0.0120000000000004,-0.0240000000000009,9108.0,69.6,below,0.0
-0.0180000000000006,-0.0219999999999984,8.82,62225.0,above,1.0
9602.0,-0.0219999999999984,9614.0,62.1,below,1.0
8878.0,-0.0240000000000009,8888.0,54.69999999999999,below,1.0
8.21,-0.0199999999999995,8226.0,60.07499999999999,below,1.0
9386.0,-0.0219999999999984,9.4,60.5,below,1.0
9162.0,-0.0199999999999995,9176.0,63375.0,below,1.0
-0.0060000000000002,1.8099999999999987,9472.0,74.6,below,1.0
9368.0,-0.0259999999999998,9374.0,56.60000000000001,below,0.0
9778.0,-0.0240000000000009,9.79,68.75,below,1.0
-0.0060000000000002,2.0279999999999987,8904.0,72.15,below,1.0
8776.0,-0.0259999999999998,8788.0,51325.0,below,1.0
9568.0,-0.0139999999999993,9584.0,71125.0,below,1.0
8.97,-0.0240000000000009,8982.0,51.2,below,1.0
8372.0,-0.0240000000000009,8382.0,54.1,below,1.0
8184.0,-0.0240000000000009,8196.0,48675.0,below,1.0
10006.0,-0.0240000000000009,10008.0,72.52499999999999,below,0.0
8638.0,-0.0199999999999995,8658.0,57625.0,below,1.0
9268.0,-0.0240000000000009,9278.0,59575.0,below,1.0
-0.0240000000000009,-0.0199999999999995,8056.0,48225.0,below,1.0
10036.0,-0.0259999999999998,10036.0,70.8,below,0.0
-0.0139999999999993,-0.0139999999999993,8506.0,65.14999999999999,below,1.0
8.74,-0.0199999999999995,8.75,55.05,below,1.0
8182.0,-0.0180000000000006,8194.0,61475.0,below,1.0
9.76,-0.0180000000000006,9776.0,58.7,below,1.0
9.46,-0.0199999999999995,9476.0,57.1,below,1.0
9618.0,-0.0219999999999984,9632.0,66.35,below,1.0
9154.0,-0.0199999999999995,9166.0,57975.0,below,1.0
8158.0,-0.0180000000000006,8.17,64.6,below,1.0
8418.0,-0.0199999999999995,8432.0,53.89999999999999,below,1.0
8738.0,-0.0199999999999995,8752.0,63.27499999999999,below,1.0
9492.0,-0.0219999999999984,9496.0,68.32499999999999,below,0.0
8596.0,-0.0240000000000009,8608.0,53.64999999999999,below,1.0
9718.0,-0.0240000000000009,9728.0,65025.0,below,0.0
8124.0,-0.0180000000000006,8136.0,50175.0,below,1.0
8.64,-0.0159999999999982,8656.0,65.35,below,1.0
8402.0,-0.0219999999999984,8416.0,63.775000000000006,below,1.0
9.55,-0.0199999999999995,9562.0,62675.0,below,1.0
8578.0,-0.0219999999999984,8.59,53.3,below,1.0
8392.0,-0.0180000000000006,8406.0,65.07499999999999,below,1.0
9034.0,-0.0219999999999984,9048.0,52.69999999999999,below,1.0
9324.0,-0.0180000000000006,9344.0,56.400000000000006,below,1.0
8824.0,-0.0259999999999998,8834.0,58175.0,below,1.0
-0.009999999999998,1.84,7824.0,75.49999999999999,below,1.0
9102.0,-0.0219999999999984,9118.0,53.525000000000006,below,1.0
8874.0,-0.0180000000000006,8.89,57.25,below,1.0
10.06,-0.0199999999999995,10064.0,73.05,below,1.0
8.94,-0.0219999999999984,8.95,61.650000000000006,below,1.0
-0.0139999999999993,-0.0139999999999993,8506.0,65.14999999999999,below,1.0
8296.0,-0.0199999999999995,8308.0,54725.0,below,1.0
9462.0,-0.0199999999999995,9474.0,57.69999999999999,below,1.0
8.62,-0.0259999999999998,8632.0,44125.0,below,1.0
8.69,-0.0199999999999995,8.7,57.400000000000006,below,1.0
9212.0,-0.0240000000000009,9224.0,63675.0,below,1.0
8178.0,-0.0120000000000004,8198.0,58.80000000000001,below,1.0
8616.0,-0.0199999999999995,8.63,61.27499999999999,below,1.0
8888.0,-0.0219999999999984,8904.0,51.57499999999999,below,1.0
8684.0,-0.0199999999999995,8.7,56.1,below,1.0
10182.0,-0.0139999999999993,10178.0,73.15,below,1.0
8272.0,-0.0240000000000009,8.28,57375.0,below,0.0
9458.0,-0.0199999999999995,9472.0,60.525000000000006,below,1.0
9576.0,-0.0180000000000006,9596.0,57.69999999999999,below,1.0
8228.0,-0.0240000000000009,8238.0,60.80000000000001,below,1.0
8.84,-0.0240000000000009,8852.0,53075.0,below,1.0
9.73,-0.0259999999999998,9744.0,61.400000000000006,below,1.0
8.13,-0.0240000000000009,8142.0,56925.0,below,1.0
